2Theta_deg,Intensity_cps
5.0,171.06
5.01071,0.0
5.02143,171.32
5.03214,0.0
5.04286,171.65
5.05357,0.0
5.06429,171.55
5.075,0.0
5.08571,171.46
5.09643,0.0
5.10714,171.52
5.11786,0.0
5.12857,171.55
5.13929,0.0
5.15,171.46
5.16071,0.0
5.17143,171.42
5.18214,0.0
5.19286,171.34
5.20357,0.0
5.21429,171.34
5.225,0.0
5.23571,171.16
5.24643,0.0
5.25714,171.14
5.26786,0.0
5.27857,171.53
5.28929,0.0
5.3,171.61
5.31071,0.0
5.32143,171.57
5.33214,0.0
5.34286,171.44
5.35357,0.0
5.36429,171.14
5.375,0.0
5.38571,171.5
5.39643,0.0
5.40714,171.55
5.41786,0.0
5.42857,171.6
5.43929,0.0
5.45,171.52
5.46071,0.0
5.47143,171.44
5.48214,0.0
5.49286,171.38
5.50357,0.0
5.51429,171.53
5.525,0.0
5.53571,171.64
5.54643,0.0
5.55714,171.59
5.56786,0.0
5.57857,171.46
5.58929,0.0
5.6,171.53
5.61071,0.0
5.62143,171.52
5.63214,0.0
5.64286,171.36
5.65357,0.0
5.66429,171.36
5.675,0.0
5.68571,171.36
5.69643,0.0
5.70714,171.32
5.71786,0.0
5.72857,171.18
5.73929,0.0
5.75,171.36
5.76071,0.0
5.77143,171.38
5.78214,0.0
5.79286,171.63
5.80357,0.0
5.81429,171.5
5.825,0.0
5.83571,171.34
5.84643,0.0
5.85714,171.28
5.86786,0.0
5.87857,171.16
5.88929,0.0
5.9,171.3
5.91071,0.0
5.92143,171.38
5.93214,0.0
5.94286,171.24
5.95357,0.0
5.96429,171.38
5.975,0.0
5.98571,171.38
5.99643,0.0
6.00714,171.64
6.01786,0.0
6.02857,171.6
6.03929,0.0
6.05,171.57
6.06071,0.0
6.07143,171.59
6.08214,0.0
6.09286,171.54
6.10357,0.0
6.11429,171.57
6.125,0.0
6.13571,171.53
6.14643,0.0
6.15714,171.22
6.16786,0.0
6.17857,171.42
6.18929,0.0
6.2,171.3
6.21071,0.0
6.22143,171.53
6.23214,0.0
6.24286,171.46
6.25357,0.0
6.26429,171.53
6.275,0.0
6.28571,171.68
6.29643,0.0
6.30714,171.69
6.31786,0.0
6.32857,171.53
6.33929,0.0
6.35,171.5
6.36071,0.0
6.37143,171.55
6.38214,0.0
6.39286,171.6
6.40357,0.0
6.41429,171.48
6.425,0.0
6.43571,171.6
6.44643,0.0
6.45714,171.74
6.46786,0.0
6.47857,171.63
6.48929,0.0
6.5,171.67
6.51071,0.0
6.52143,171.6
6.53214,0.0
6.54286,171.16
6.55357,0.0
6.56429,171.58
6.575,0.0
6.58571,171.54
6.59643,0.0
6.60714,171.14
6.61786,0.0
6.62857,171.34
6.63929,0.0
6.65,171.48
6.66071,0.0
6.67143,171.36
6.68214,0.0
6.69286,171.61
6.70357,0.0
6.71429,171.69
6.725,0.0
6.73571,171.36
6.74643,0.0
6.75714,171.24
6.76786,0.0
6.77857,171.59
6.78929,0.0
6.8,171.6
6.81072,0.0
6.82143,171.55
6.83214,0.0
6.84286,171.2
6.85357,0.0
6.86429,171.44
6.875,0.0
6.88572,171.59
6.89643,0.0
6.90714,171.5
6.91786,0.0
6.92857,171.53
6.93929,0.0
6.95,171.46
6.96072,0.0
6.97143,171.52
6.98214,0.0
6.99286,171.44
7.00357,0.0
7.01429,171.32
7.025,0.0
7.03572,171.62
7.04643,0.0
7.05714,171.56
7.06786,0.0
7.07857,171.6
7.08929,0.0
7.1,171.54
7.11072,0.0
7.12143,171.52
7.13214,0.0
7.14286,171.57
7.15357,0.0
7.16429,171.46
7.175,0.0
7.18572,171.34
7.19643,0.0
7.20714,171.48
7.21786,0.0
7.22857,171.38
7.23929,0.0
7.25,171.44
7.26072,0.0
7.27143,171.57
7.28214,0.0
7.29286,171.54
7.30357,0.0
7.31429,171.52
7.325,0.0
7.33572,171.61
7.34643,0.0
7.35714,171.52
7.36786,0.0
7.37857,171.36
7.38929,0.0
7.4,171.36
7.41072,0.0
7.42143,171.56
7.43214,0.0
7.44286,171.36
7.45357,0.0
7.46429,171.48
7.475,0.0
7.48572,171.62
7.49643,0.0
7.50714,171.59
7.51786,0.0
7.52857,171.57
7.53929,0.0
7.55,171.36
7.56072,0.0
7.57143,171.18
7.58214,0.0
7.59286,171.26
7.60357,0.0
7.61429,171.68
7.625,0.0
7.63572,171.61
7.64643,0.0
7.65714,171.67
7.66786,0.0
7.67857,171.52
7.68929,0.0
7.7,171.5
7.71072,0.0
7.72143,171.6
7.73214,0.0
7.74286,171.57
7.75357,0.0
7.76429,171.52
7.775,0.0
7.78572,171.54
7.79643,0.0
7.80714,171.36
7.81786,0.0
7.82857,171.56
7.83929,0.0
7.85,171.64
7.86072,0.0
7.87143,171.61
7.88214,0.0
7.89286,171.46
7.90357,0.0
7.91429,171.48
7.925,0.0
7.93572,171.54
7.94643,0.0
7.95714,171.42
7.96786,0.0
7.97857,171.62
7.98929,0.0
8.0,171.55
8.01072,0.0
8.02143,171.62
8.03214,0.0
8.04286,171.52
8.05357,0.0
8.06429,171.48
8.075,0.0
8.08572,171.0
8.09643,0.0
8.10714,171.24
8.11786,0.0
8.12857,171.28
8.13929,0.0
8.15,171.56
8.16072,0.0
8.17143,171.4
8.18214,0.0
8.19286,171.36
8.20357,0.0
8.21429,171.44
8.225,0.0
8.23572,171.4
8.24643,0.0
8.25714,171.4
8.26786,0.0
8.27857,171.62
8.28929,0.0
8.3,171.66
8.31072,0.0
8.32143,171.7
8.33214,0.0
8.34286,171.66
8.35357,0.0
8.36429,171.54
8.375,0.0
8.38572,171.3
8.39643,0.0
8.40714,171.28
8.41786,0.0
8.42857,171.5
8.43929,0.0
8.45,171.36
8.46072,0.0
8.47143,171.59
8.48214,0.0
8.49286,171.28
8.50357,0.0
8.51429,171.14
8.525,0.0
8.53572,171.5
8.54643,0.0
8.55714,171.3
8.56786,0.0
8.57857,171.5
8.58929,0.0
8.6,171.59
8.61072,0.0
8.62143,171.62
8.63214,0.0
8.64286,171.64
8.65357,0.0
8.66429,171.5
8.675,0.0
8.68572,171.32
8.69643,0.0
8.70714,171.44
8.71786,0.0
8.72857,171.5
8.73929,0.0
8.75,171.36
8.76072,0.0
8.77143,171.57
8.78214,0.0
8.79286,171.57
8.80357,0.0
8.81429,171.56
8.825,0.0
8.83572,171.44
8.84643,0.0
8.85714,171.38
8.86786,0.0
8.87857,171.42
8.88929,0.0
8.9,171.53
8.91072,0.0
8.92143,171.58
8.93214,0.0
8.94286,171.44
8.95357,0.0
8.96429,171.22
8.975,0.0
8.98572,171.32
8.99643,0.0
9.00714,171.46
9.01786,0.0
9.02857,171.54
9.03929,0.0
9.05,171.62
9.06072,0.0
9.07143,171.59
9.08214,0.0
9.09286,171.44
9.10357,0.0
9.11429,171.52
9.125,0.0
9.13572,171.57
9.14643,0.0
9.15714,171.34
9.16786,0.0
9.17857,171.42
9.18929,0.0
9.2,171.4
9.21072,0.0
9.22143,171.16
9.23214,0.0
9.24286,171.32
9.25357,0.0
9.26429,171.42
9.275,0.0
9.28572,171.26
9.29643,0.0
9.30714,171.0
9.31786,0.0
9.32857,171.32
9.33929,0.0
9.35,171.67
9.36072,0.0
9.37143,171.61
9.38214,0.0
9.39286,171.56
9.40357,0.0
9.41429,171.46
9.425,0.0
9.43572,171.6
9.44643,0.0
9.45714,171.65
9.46786,0.0
9.47857,171.55
9.48929,0.0
9.5,171.36
9.51072,0.0
9.52143,171.54
9.53214,0.0
9.54286,171.6
9.55357,0.0
9.56429,171.59
9.575,0.0
9.58572,171.52
9.59643,0.0
9.60714,171.28
9.61786,0.0
9.62857,171.16
9.63929,0.0
9.65,171.44
9.66072,0.0
9.67143,171.42
9.68214,0.0
9.69286,171.5
9.70357,0.0
9.71429,171.36
9.725,0.0
9.73572,171.02
9.74643,0.0
9.75714,171.14
9.76786,0.0
9.77857,171.53
9.78929,0.0
9.8,171.6
9.81072,0.0
9.82143,171.22
9.83214,0.0
9.84286,171.02
9.85357,0.0
9.86429,171.16
9.875,0.0
9.88572,171.48
9.89643,0.0
9.90714,171.56
9.91786,0.0
9.92857,171.5
9.93929,0.0
9.95,171.42
9.96072,0.0
9.97143,171.52
9.98214,0.0
9.99286,171.5
10.00357,0.0
10.01429,171.42
10.025,0.0
10.03572,171.24
10.04643,0.0
10.05714,171.36
10.06786,0.0
10.07857,171.44
10.08929,0.0
10.1,171.56
10.11072,0.0
10.12143,171.34
10.13214,0.0
10.14286,171.28
10.15357,0.0
10.16429,171.56
10.175,0.0
10.18572,171.54
10.19643,0.0
10.20714,171.63
10.21786,0.0
10.22857,171.55
10.23929,0.0
10.25,171.53
10.26072,0.0
10.27143,171.36
10.28214,0.0
10.29286,171.28
10.30357,0.0
10.31429,171.4
10.325,0.0
10.33572,171.48
10.34643,0.0
10.35714,171.53
10.36786,0.0
10.37857,171.63
10.38929,0.0
10.4,171.5
10.41072,0.0
10.42143,171.55
10.43215,0.0
10.44286,171.56
10.45357,0.0
10.46429,171.42
10.475,0.0
10.48572,171.56
10.49643,0.0
10.50715,171.42
10.51786,0.0
10.52857,171.54
10.53929,0.0
10.55,171.58
10.56072,0.0
10.57143,170.98
10.58215,0.0
10.59286,171.24
10.60357,0.0
10.61429,171.4
10.625,0.0
10.63572,171.32
10.64643,0.0
10.65715,171.55
10.66786,0.0
10.67857,171.42
10.68929,0.0
10.7,171.38
10.71072,0.0
10.72143,171.18
10.73215,0.0
10.74286,171.46
10.75357,0.0
10.76429,171.48
10.775,0.0
10.78572,171.52
10.79643,0.0
10.80715,171.54
10.81786,0.0
10.82857,171.52
10.83929,0.0
10.85,171.38
10.86072,0.0
10.87143,171.56
10.88215,0.0
10.89286,171.57
10.90357,0.0
10.91429,171.32
10.925,0.0
10.93572,171.38
10.94643,0.0
10.95715,171.28
10.96786,0.0
10.97857,171.4
10.98929,0.0
11.0,171.64
11.01072,0.0
11.02143,171.46
11.03215,0.0
11.04286,171.48
11.05357,0.0
11.06429,171.38
11.075,0.0
11.08572,171.62
11.09643,0.0
11.10715,171.74
11.11786,0.0
11.12857,171.57
11.13929,0.0
11.15,171.55
11.16072,0.0
11.17143,171.55
11.18215,0.0
11.19286,171.42
11.20357,0.0
11.21429,171.46
11.225,0.0
11.23572,171.46
11.24643,0.0
11.25715,171.28
11.26786,0.0
11.27857,171.38
11.28929,0.0
11.3,171.5
11.31072,0.0
11.32143,171.32
11.33215,0.0
11.34286,171.2
11.35357,0.0
11.36429,171.53
11.375,0.0
11.38572,171.46
11.39643,0.0
11.40715,171.54
11.41786,0.0
11.42857,171.53
11.43929,0.0
11.45,171.46
11.46072,0.0
11.47143,171.55
11.48215,0.0
11.49286,171.46
11.50357,0.0
11.51429,171.34
11.525,0.0
11.53572,171.55
11.54643,0.0
11.55715,171.55
11.56786,0.0
11.57857,171.2
11.58929,0.0
11.6,171.53
11.61072,0.0
11.62143,171.46
11.63215,0.0
11.64286,171.4
11.65357,0.0
11.66429,171.12
11.675,0.0
11.68572,171.28
11.69643,0.0
11.70715,171.42
11.71786,0.0
11.72857,171.26
11.73929,0.0
11.75,171.3
11.76072,0.0
11.77143,171.28
11.78215,0.0
11.79286,171.44
11.80357,0.0
11.81429,171.48
11.825,0.0
11.83572,171.22
11.84643,0.0
11.85715,171.52
11.86786,0.0
11.87857,171.69
11.88929,0.0
11.9,171.56
11.91072,0.0
11.92143,171.5
11.93215,0.0
11.94286,171.46
11.95357,0.0
11.96429,171.52
11.975,0.0
11.98572,171.46
11.99643,0.0
12.00715,171.32
12.01786,0.0
12.02857,171.56
12.03929,0.0
12.05,171.22
12.06072,0.0
12.07143,171.16
12.08215,0.0
12.09286,171.36
12.10357,0.0
12.11429,171.48
12.125,0.0
12.13572,171.52
12.14643,0.0
12.15715,171.54
12.16786,0.0
12.17857,171.28
12.18929,0.0
12.2,171.44
12.21072,0.0
12.22143,171.26
12.23215,0.0
12.24286,171.12
12.25357,0.0
12.26429,171.28
12.275,0.0
12.28572,171.18
12.29643,0.0
12.30715,171.2
12.31786,0.0
12.32857,171.32
12.33929,0.0
12.35,171.44
12.36072,0.0
12.37143,171.46
12.38215,0.0
12.39286,171.42
12.40357,0.0
12.41429,171.26
12.425,0.0
12.43572,171.4
12.44643,0.0
12.45715,171.3
12.46786,0.0
12.47857,171.32
12.48929,0.0
12.5,171.44
12.51072,0.0
12.52143,171.04
12.53215,0.0
12.54286,171.38
12.55357,0.0
12.56429,171.42
12.575,0.0
12.58572,171.52
12.59643,0.0
12.60715,171.46
12.61786,0.0
12.62857,171.34
12.63929,0.0
12.65,171.4
12.66072,0.0
12.67143,171.44
12.68215,0.0
12.69286,171.44
12.70357,0.0
12.71429,171.48
12.725,0.0
12.73572,171.54
12.74643,0.0
12.75715,171.58
12.76786,0.0
12.77857,171.53
12.78929,0.0
12.8,171.28
12.81072,0.0
12.82143,171.02
12.83215,0.0
12.84286,171.26
12.85357,0.0
12.86429,171.58
12.875,0.0
12.88572,171.58
12.89643,0.0
12.90715,171.5
12.91786,0.0
12.92857,171.16
12.93929,0.0
12.95,171.1
12.96072,0.0
12.97143,171.12
12.98215,0.0
12.99286,171.04
13.00357,0.0
13.01429,171.26
13.025,0.0
13.03572,171.36
13.04643,0.0
13.05715,171.57
13.06786,0.0
13.07857,171.5
13.08929,0.0
13.1,171.5
13.11072,0.0
13.12143,171.48
13.13215,0.0
13.14286,171.54
13.15357,0.0
13.16429,171.57
13.175,0.0
13.18572,171.38
13.19643,0.0
13.20715,171.3
13.21786,0.0
13.22857,171.53
13.23929,0.0
13.25,171.57
13.26072,0.0
13.27143,171.52
13.28215,0.0
13.29286,171.32
13.30357,0.0
13.31429,171.4
13.325,0.0
13.33572,171.44
13.34643,0.0
13.35715,171.4
13.36786,0.0
13.37857,171.42
13.38929,0.0
13.4,171.32
13.41072,0.0
13.42143,170.98
13.43215,0.0
13.44286,171.53
13.45357,0.0
13.46429,171.3
13.475,0.0
13.48572,171.24
13.49643,0.0
13.50715,171.28
13.51786,0.0
13.52857,171.28
13.53929,0.0
13.55,171.34
13.56072,0.0
13.57143,171.34
13.58215,0.0
13.59286,171.24
13.60357,0.0
13.61429,171.38
13.625,0.0
13.63572,171.48
13.64643,0.0
13.65715,171.59
13.66786,0.0
13.67857,171.6
13.68929,0.0
13.7,171.55
13.71072,0.0
13.72143,171.46
13.73215,0.0
13.74286,171.16
13.75357,0.0
13.76429,170.88
13.775,0.0
13.78572,171.18
13.79643,0.0
13.80715,171.22
13.81786,0.0
13.82857,171.2
13.83929,0.0
13.85,171.38
13.86072,0.0
13.87143,171.4
13.88215,0.0
13.89286,171.48
13.90357,0.0
13.91429,171.26
13.925,0.0
13.93572,171.4
13.94643,0.0
13.95715,171.48
13.96786,0.0
13.97858,171.46
13.98929,0.0
14.0,171.5
14.01072,0.0
14.02143,171.28
14.03215,0.0
14.04286,171.38
14.05358,0.0
14.06429,171.28
14.075,0.0
14.08572,171.36
14.09643,0.0
14.10715,171.52
14.11786,0.0
14.12858,171.38
14.13929,0.0
14.15,171.1
14.16072,0.0
14.17143,171.24
14.18215,0.0
14.19286,171.2
14.20358,0.0
14.21429,171.3
14.225,0.0
14.23572,171.28
14.24643,0.0
14.25715,171.32
14.26786,0.0
14.27858,171.24
14.28929,0.0
14.3,171.22
14.31072,0.0
14.32143,171.54
14.33215,0.0
14.34286,171.52
14.35358,0.0
14.36429,171.36
14.375,0.0
14.38572,171.28
14.39643,0.0
14.40715,171.38
14.41786,0.0
14.42858,171.16
14.43929,0.0
14.45,171.42
14.46072,0.0
14.47143,171.58
14.48215,0.0
14.49286,171.52
14.50358,0.0
14.51429,171.42
14.525,0.0
14.53572,171.3
14.54643,0.0
14.55715,171.36
14.56786,0.0
14.57858,171.38
14.58929,0.0
14.6,171.4
14.61072,0.0
14.62143,171.48
14.63215,0.0
14.64286,171.38
14.65358,0.0
14.66429,171.12
14.675,0.0
14.68572,171.53
14.69643,0.0
14.70715,171.34
14.71786,0.0
14.72858,171.46
14.73929,0.0
14.75,171.73
14.76072,0.0
14.77143,171.57
14.78215,0.0
14.79286,171.56
14.80358,0.0
14.81429,171.56
14.825,0.0
14.83572,171.7
14.84643,0.0
14.85715,171.69
14.86786,0.0
14.87858,171.8
14.88929,0.0
14.9,171.62
14.91072,0.0
14.92143,171.76
14.93215,0.0
14.94286,171.7
14.95358,0.0
14.96429,171.68
14.975,0.0
14.98572,171.71
14.99643,0.0
15.00715,171.83
15.01786,0.0
15.02858,172.06
15.03929,0.0
15.05,171.94
15.06072,0.0
15.07143,171.83
15.08215,0.0
15.09286,171.96
15.10358,0.0
15.11429,171.86
15.125,0.0
15.13572,171.92
15.14643,0.0
15.15715,172.1
15.16786,0.0
15.17858,171.99
15.18929,0.0
15.2,172.1
15.21072,0.0
15.22143,171.92
15.23215,0.0
15.24286,171.89
15.25358,0.0
15.26429,171.95
15.275,0.0
15.28572,172.06
15.29643,0.0
15.30715,172.0
15.31786,0.0
15.32858,171.9
15.33929,0.0
15.35,171.79
15.36072,0.0
15.37143,171.66
15.38215,0.0
15.39286,171.64
15.40358,0.0
15.41429,171.78
15.425,0.0
15.43572,171.74
15.44643,0.0
15.45715,171.64
15.46786,0.0
15.47858,171.52
15.48929,0.0
15.5,171.53
15.51072,0.0
15.52143,171.54
15.53215,0.0
15.54286,171.48
15.55358,0.0
15.56429,171.36
15.575,0.0
15.58572,171.55
15.59643,0.0
15.60715,171.53
15.61786,0.0
15.62858,171.32
15.63929,0.0
15.65,171.56
15.66072,0.0
15.67143,171.32
15.68215,0.0
15.69286,171.06
15.70358,0.0
15.71429,171.44
15.725,0.0
15.73572,171.28
15.74643,0.0
15.75715,171.28
15.76786,0.0
15.77858,171.48
15.78929,0.0
15.8,171.4
15.81072,0.0
15.82143,171.16
15.83215,0.0
15.84286,171.16
15.85358,0.0
15.86429,171.4
15.875,0.0
15.88572,171.52
15.89643,0.0
15.90715,171.53
15.91786,0.0
15.92858,171.5
15.93929,0.0
15.95,171.5
15.96072,0.0
15.97143,171.3
15.98215,0.0
15.99286,171.38
16.00358,0.0
16.01429,171.22
16.025,0.0
16.03572,171.2
16.04643,0.0
16.05715,171.48
16.06786,0.0
16.07858,171.2
16.08929,0.0
16.1,170.96
16.11072,0.0
16.12143,171.08
16.13215,0.0
16.14286,171.12
16.15358,0.0
16.16429,171.14
16.175,0.0
16.18572,171.42
16.19643,0.0
16.20715,171.4
16.21786,0.0
16.22858,171.14
16.23929,0.0
16.25,171.2
16.26072,0.0
16.27143,171.4
16.28215,0.0
16.29286,171.53
16.30358,0.0
16.31429,171.24
16.325,0.0
16.33572,171.28
16.34643,0.0
16.35715,171.2
16.36786,0.0
16.37858,171.26
16.38929,0.0
16.4,171.22
16.41072,0.0
16.42143,171.14
16.43215,0.0
16.44286,171.06
16.45358,0.0
16.46429,171.18
16.475,0.0
16.48572,171.2
16.49643,0.0
16.50715,171.08
16.51786,0.0
16.52858,171.26
16.53929,0.0
16.55,171.54
16.56072,0.0
16.57143,171.16
16.58215,0.0
16.59286,170.98
16.60358,0.0
16.61429,171.14
16.625,0.0
16.63572,171.56
16.64643,0.0
16.65715,171.36
16.66786,0.0
16.67858,171.38
16.68929,0.0
16.7,171.54
16.71072,0.0
16.72143,171.4
16.73215,0.0
16.74286,171.16
16.75358,0.0
16.76429,171.36
16.775,0.0
16.78572,171.02
16.79643,0.0
16.80715,171.24
16.81786,0.0
16.82858,171.54
16.83929,0.0
16.85,171.32
16.86072,0.0
16.87143,171.14
16.88215,0.0
16.89286,171.38
16.90358,0.0
16.91429,171.54
16.925,0.0
16.93572,171.3
16.94643,0.0
16.95715,171.5
16.96786,0.0
16.97858,170.96
16.98929,0.0
17.0,171.0
17.01072,0.0
17.02143,171.12
17.03215,0.0
17.04286,171.22
17.05358,0.0
17.06429,171.34
17.075,0.0
17.08572,171.22
17.09643,0.0
17.10715,170.94
17.11786,0.0
17.12858,171.14
17.13929,0.0
17.15,171.48
17.16072,0.0
17.17143,171.38
17.18215,0.0
17.19286,171.44
17.20358,0.0
17.21429,171.16
17.225,0.0
17.23572,171.42
17.24643,0.0
17.25715,171.14
17.26786,0.0
17.27858,171.24
17.28929,0.0
17.3,171.42
17.31072,0.0
17.32143,171.3
17.33215,0.0
17.34286,171.18
17.35358,0.0
17.36429,171.22
17.375,0.0
17.38572,171.24
17.39643,0.0
17.40715,171.08
17.41786,0.0
17.42858,171.28
17.43929,0.0
17.45,170.9
17.46072,0.0
17.47143,170.98
17.48215,0.0
17.49286,171.26
17.50358,0.0
17.51429,171.3
17.52501,0.0
17.53572,171.08
17.54643,0.0
17.55715,171.38
17.56786,0.0
17.57858,171.38
17.58929,0.0
17.60001,171.32
17.61072,0.0
17.62143,171.1
17.63215,0.0
17.64286,171.12
17.65358,0.0
17.66429,170.94
17.67501,0.0
17.68572,171.18
17.69643,0.0
17.70715,171.24
17.71786,0.0
17.72858,171.08
17.73929,0.0
17.75001,170.98
17.76072,0.0
17.77143,171.08
17.78215,0.0
17.79286,171.28
17.80358,0.0
17.81429,171.1
17.82501,0.0
17.83572,171.08
17.84643,0.0
17.85715,171.06
17.86786,0.0
17.87858,170.92
17.88929,0.0
17.90001,171.44
17.91072,0.0
17.92143,171.28
17.93215,0.0
17.94286,171.44
17.95358,0.0
17.96429,171.18
17.97501,0.0
17.98572,171.46
17.99643,0.0
18.00715,171.48
18.01786,0.0
18.02858,171.34
18.03929,0.0
18.05001,171.22
18.06072,0.0
18.07143,171.36
18.08215,0.0
18.09286,171.1
18.10358,0.0
18.11429,170.98
18.12501,0.0
18.13572,171.22
18.14643,0.0
18.15715,171.36
18.16786,0.0
18.17858,171.22
18.18929,0.0
18.20001,171.32
18.21072,0.0
18.22143,171.28
18.23215,0.0
18.24286,171.32
18.25358,0.0
18.26429,171.52
18.27501,0.0
18.28572,171.48
18.29643,0.0
18.30715,171.36
18.31786,0.0
18.32858,171.2
18.33929,0.0
18.35001,171.24
18.36072,0.0
18.37143,171.14
18.38215,0.0
18.39286,171.14
18.40358,0.0
18.41429,171.42
18.42501,0.0
18.43572,171.55
18.44643,0.0
18.45715,171.5
18.46786,0.0
18.47858,171.46
18.48929,0.0
18.50001,171.16
18.51072,0.0
18.52143,171.44
18.53215,0.0
18.54286,171.42
18.55358,0.0
18.56429,171.32
18.57501,0.0
18.58572,171.32
18.59643,0.0
18.60715,171.32
18.61786,0.0
18.62858,171.26
18.63929,0.0
18.65001,171.48
18.66072,0.0
18.67143,171.53
18.68215,0.0
18.69286,171.38
18.70358,0.0
18.71429,171.46
18.72501,0.0
18.73572,171.53
18.74643,0.0
18.75715,171.02
18.76786,0.0
18.77858,171.14
18.78929,0.0
18.80001,171.06
18.81072,0.0
18.82143,171.22
18.83215,0.0
18.84286,171.14
18.85358,0.0
18.86429,171.3
18.87501,0.0
18.88572,171.34
18.89643,0.0
18.90715,170.88
18.91786,0.0
18.92858,171.3
18.93929,0.0
18.95001,171.1
18.96072,0.0
18.97143,171.4
18.98215,0.0
18.99286,171.4
19.00358,0.0
19.01429,171.18
19.02501,0.0
19.03572,171.0
19.04643,0.0
19.05715,171.04
19.06786,0.0
19.07858,171.18
19.08929,0.0
19.10001,171.24
19.11072,0.0
19.12143,171.02
19.13215,0.0
19.14286,171.14
19.15358,0.0
19.16429,171.16
19.17501,0.0
19.18572,170.9
19.19643,0.0
19.20715,171.18
19.21786,0.0
19.22858,171.38
19.23929,0.0
19.25001,171.24
19.26072,0.0
19.27143,171.46
19.28215,0.0
19.29286,171.56
19.30358,0.0
19.31429,171.48
19.32501,0.0
19.33572,171.32
19.34643,0.0
19.35715,171.18
19.36786,0.0
19.37858,171.26
19.38929,0.0
19.40001,171.26
19.41072,0.0
19.42143,171.24
19.43215,0.0
19.44286,171.52
19.45358,0.0
19.46429,171.4
19.47501,0.0
19.48572,171.2
19.49643,0.0
19.50715,171.32
19.51786,0.0
19.52858,171.3
19.53929,0.0
19.55001,171.08
19.56072,0.0
19.57143,170.96
19.58215,0.0
19.59286,171.0
19.60358,0.0
19.61429,171.12
19.62501,0.0
19.63572,171.0
19.64643,0.0
19.65715,171.2
19.66786,0.0
19.67858,171.52
19.68929,0.0
19.70001,171.14
19.71072,0.0
19.72143,170.94
19.73215,0.0
19.74286,171.4
19.75358,0.0
19.76429,171.3
19.77501,0.0
19.78572,171.18
19.79643,0.0
19.80715,171.26
19.81786,0.0
19.82858,171.2
19.83929,0.0
19.85001,171.24
19.86072,0.0
19.87143,171.28
19.88215,0.0
19.89286,171.08
19.90358,0.0
19.91429,171.34
19.92501,0.0
19.93572,171.34
19.94643,0.0
19.95715,171.46
19.96786,0.0
19.97858,171.08
19.98929,0.0
20.00001,171.12
20.01072,0.0
20.02143,171.44
20.03215,0.0
20.04286,171.26
20.05358,0.0
20.06429,171.0
20.07501,0.0
20.08572,171.02
20.09643,0.0
20.10715,171.3
20.11786,0.0
20.12858,171.06
20.13929,0.0
20.15001,171.2
20.16072,0.0
20.17143,171.22
20.18215,0.0
20.19286,171.16
20.20358,0.0
20.21429,171.18
20.22501,0.0
20.23572,171.24
20.24643,0.0
20.25715,171.02
20.26786,0.0
20.27858,171.14
20.28929,0.0
20.30001,171.26
20.31072,0.0
20.32143,171.0
20.33215,0.0
20.34286,171.18
20.35358,0.0
20.36429,171.22
20.37501,0.0
20.38572,171.24
20.39643,0.0
20.40715,171.1
20.41786,0.0
20.42858,170.82
20.43929,0.0
20.45001,170.9
20.46072,0.0
20.47143,171.14
20.48215,0.0
20.49286,171.02
20.50358,0.0
20.51429,170.86
20.52501,0.0
20.53572,171.06
20.54643,0.0
20.55715,171.24
20.56786,0.0
20.57858,171.3
20.58929,0.0
20.60001,171.1
20.61072,0.0
20.62143,171.16
20.63215,0.0
20.64286,171.12
20.65358,0.0
20.66429,171.16
20.67501,0.0
20.68572,171.24
20.69643,0.0
20.70715,171.18
20.71786,0.0
20.72858,171.1
20.73929,0.0
20.75001,171.28
20.76072,0.0
20.77143,171.12
20.78215,0.0
20.79286,170.96
20.80358,0.0
20.81429,171.08
20.82501,0.0
20.83572,171.28
20.84643,0.0
20.85715,171.4
20.86786,0.0
20.87858,171.48
20.88929,0.0
20.90001,171.18
20.91072,0.0
20.92143,171.24
20.93215,0.0
20.94286,171.46
20.95358,0.0
20.96429,171.38
20.97501,0.0
20.98572,171.36
20.99643,0.0
21.00715,170.98
21.01786,0.0
21.02858,170.94
21.03929,0.0
21.05001,170.92
21.06072,0.0
21.07144,171.08
21.08215,0.0
21.09286,171.06
21.10358,0.0
21.11429,171.24
21.12501,0.0
21.13572,171.24
21.14644,0.0
21.15715,171.18
21.16786,0.0
21.17858,171.3
21.18929,0.0
21.20001,171.42
21.21072,0.0
21.22144,171.16
21.23215,0.0
21.24286,171.3
21.25358,0.0
21.26429,171.14
21.27501,0.0
21.28572,171.08
21.29644,0.0
21.30715,171.26
21.31786,0.0
21.32858,171.12
21.33929,0.0
21.35001,171.28
21.36072,0.0
21.37144,171.55
21.38215,0.0
21.39286,171.4
21.40358,0.0
21.41429,171.5
21.42501,0.0
21.43572,171.4
21.44644,0.0
21.45715,171.44
21.46786,0.0
21.47858,171.34
21.48929,0.0
21.50001,171.46
21.51072,0.0
21.52144,171.58
21.53215,0.0
21.54286,171.4
21.55358,0.0
21.56429,171.16
21.57501,0.0
21.58572,171.26
21.59644,0.0
21.60715,171.44
21.61786,0.0
21.62858,171.48
21.63929,0.0
21.65001,171.28
21.66072,0.0
21.67144,171.46
21.68215,0.0
21.69286,171.26
21.70358,0.0
21.71429,171.53
21.72501,0.0
21.73572,171.69
21.74644,0.0
21.75715,171.6
21.76786,0.0
21.77858,171.46
21.78929,0.0
21.80001,171.55
21.81072,0.0
21.82144,171.38
21.83215,0.0
21.84286,171.12
21.85358,0.0
21.86429,171.1
21.87501,0.0
21.88572,171.24
21.89644,0.0
21.90715,171.24
21.91786,0.0
21.92858,170.96
21.93929,0.0
21.95001,171.1
21.96072,0.0
21.97144,171.1
21.98215,0.0
21.99286,171.32
22.00358,0.0
22.01429,171.38
22.02501,0.0
22.03572,171.14
22.04644,0.0
22.05715,171.18
22.06786,0.0
22.07858,171.02
22.08929,0.0
22.10001,170.92
22.11072,0.0
22.12144,171.04
22.13215,0.0
22.14286,171.2
22.15358,0.0
22.16429,171.08
22.17501,0.0
22.18572,171.14
22.19644,0.0
22.20715,171.2
22.21786,0.0
22.22858,171.1
22.23929,0.0
22.25001,171.32
22.26072,0.0
22.27144,171.38
22.28215,0.0
22.29286,171.14
22.30358,0.0
22.31429,170.9
22.32501,0.0
22.33572,171.18
22.34644,0.0
22.35715,171.14
22.36786,0.0
22.37858,171.18
22.38929,0.0
22.40001,171.12
22.41072,0.0
22.42144,170.88
22.43215,0.0
22.44286,171.18
22.45358,0.0
22.46429,171.28
22.47501,0.0
22.48572,171.5
22.49644,0.0
22.50715,171.2
22.51786,0.0
22.52858,170.9
22.53929,0.0
22.55001,170.82
22.56072,0.0
22.57144,171.28
22.58215,0.0
22.59286,171.2
22.60358,0.0
22.61429,171.12
22.62501,0.0
22.63572,171.26
22.64644,0.0
22.65715,171.26
22.66786,0.0
22.67858,171.38
22.68929,0.0
22.70001,171.4
22.71072,0.0
22.72144,171.36
22.73215,0.0
22.74286,171.12
22.75358,0.0
22.76429,171.08
22.77501,0.0
22.78572,171.18
22.79644,0.0
22.80715,171.28
22.81786,0.0
22.82858,171.08
22.83929,0.0
22.85001,171.02
22.86072,0.0
22.87144,171.2
22.88215,0.0
22.89286,171.14
22.90358,0.0
22.91429,171.38
22.92501,0.0
22.93572,171.24
22.94644,0.0
22.95715,171.18
22.96786,0.0
22.97858,170.94
22.98929,0.0
23.00001,171.18
23.01072,0.0
23.02144,170.88
23.03215,0.0
23.04286,171.14
23.05358,0.0
23.06429,171.28
23.07501,0.0
23.08572,171.12
23.09644,0.0
23.10715,171.16
23.11786,0.0
23.12858,171.5
23.13929,0.0
23.15001,171.53
23.16072,0.0
23.17144,171.16
23.18215,0.0
23.19286,171.28
23.20358,0.0
23.21429,171.3
23.22501,0.0
23.23572,171.16
23.24644,0.0
23.25715,171.26
23.26786,0.0
23.27858,171.1
23.28929,0.0
23.30001,171.28
23.31072,0.0
23.32144,171.16
23.33215,0.0
23.34286,171.18
23.35358,0.0
23.36429,171.04
23.37501,0.0
23.38572,171.06
23.39644,0.0
23.40715,171.32
23.41786,0.0
23.42858,171.26
23.43929,0.0
23.45001,171.44
23.46072,0.0
23.47144,171.14
23.48215,0.0
23.49286,171.1
23.50358,0.0
23.51429,171.04
23.52501,0.0
23.53572,170.96
23.54644,0.0
23.55715,171.04
23.56786,0.0
23.57858,171.2
23.58929,0.0
23.60001,171.5
23.61072,0.0
23.62144,171.52
23.63215,0.0
23.64286,171.3
23.65358,0.0
23.66429,171.32
23.67501,0.0
23.68572,171.26
23.69644,0.0
23.70715,171.2
23.71786,0.0
23.72858,171.2
23.73929,0.0
23.75001,171.58
23.76072,0.0
23.77144,171.59
23.78215,0.0
23.79286,171.32
23.80358,0.0
23.81429,171.22
23.82501,0.0
23.83572,171.22
23.84644,0.0
23.85715,171.04
23.86786,0.0
23.87858,171.06
23.88929,0.0
23.90001,171.22
23.91072,0.0
23.92144,171.04
23.93215,0.0
23.94286,171.06
23.95358,0.0
23.96429,171.08
23.97501,0.0
23.98572,171.2
23.99644,0.0
24.00715,171.1
24.01786,0.0
24.02858,171.26
24.03929,0.0
24.05001,171.06
24.06072,0.0
24.07144,170.9
24.08215,0.0
24.09286,171.0
24.10358,0.0
24.11429,171.16
24.12501,0.0
24.13572,171.2
24.14644,0.0
24.15715,171.28
24.16786,0.0
24.17858,171.4
24.18929,0.0
24.20001,171.38
24.21072,0.0
24.22144,171.5
24.23215,0.0
24.24286,171.3
24.25358,0.0
24.26429,171.34
24.27501,0.0
24.28572,171.42
24.29644,0.0
24.30715,171.32
24.31786,0.0
24.32858,171.26
24.33929,0.0
24.35001,171.1
24.36072,0.0
24.37144,171.16
24.38215,0.0
24.39286,171.04
24.40358,0.0
24.41429,171.3
24.42501,0.0
24.43572,171.32
24.44644,0.0
24.45715,171.24
24.46786,0.0
24.47858,171.38
24.48929,0.0
24.50001,171.24
24.51072,0.0
24.52144,171.08
24.53215,0.0
24.54286,171.08
24.55358,0.0
24.56429,171.28
24.57501,0.0
24.58572,171.12
24.59644,0.0
24.60715,171.2
24.61786,0.0
24.62858,171.08
24.63929,0.0
24.65001,170.9
24.66072,0.0
24.67144,170.94
24.68215,0.0
24.69287,171.18
24.70358,0.0
24.71429,171.08
24.72501,0.0
24.73572,171.2
24.74644,0.0
24.75715,171.06
24.76787,0.0
24.77858,171.08
24.78929,0.0
24.80001,170.94
24.81072,0.0
24.82144,170.94
24.83215,0.0
24.84287,171.2
24.85358,0.0
24.86429,171.28
24.87501,0.0
24.88572,171.28
24.89644,0.0
24.90715,171.38
24.91787,0.0
24.92858,170.92
24.93929,0.0
24.95001,170.96
24.96072,0.0
24.97144,171.16
24.98215,0.0
24.99287,171.24
25.00358,0.0
25.01429,171.22
25.02501,0.0
25.03572,171.24
25.04644,0.0
25.05715,171.53
25.06787,0.0
25.07858,171.28
25.08929,0.0
25.10001,170.98
25.11072,0.0
25.12144,170.94
25.13215,0.0
25.14287,170.66
25.15358,0.0
25.16429,171.0
25.17501,0.0
25.18572,171.24
25.19644,0.0
25.20715,170.98
25.21787,0.0
25.22858,171.06
25.23929,0.0
25.25001,171.16
25.26072,0.0
25.27144,171.14
25.28215,0.0
25.29287,170.96
25.30358,0.0
25.31429,171.02
25.32501,0.0
25.33572,171.14
25.34644,0.0
25.35715,171.16
25.36787,0.0
25.37858,171.16
25.38929,0.0
25.40001,171.16
25.41072,0.0
25.42144,170.92
25.43215,0.0
25.44287,171.0
25.45358,0.0
25.46429,171.22
25.47501,0.0
25.48572,171.1
25.49644,0.0
25.50715,171.0
25.51787,0.0
25.52858,170.98
25.53929,0.0
25.55001,171.2
25.56072,0.0
25.57144,170.96
25.58215,0.0
25.59287,171.12
25.60358,0.0
25.61429,171.1
25.62501,0.0
25.63572,171.3
25.64644,0.0
25.65715,171.42
25.66787,0.0
25.67858,170.8
25.68929,0.0
25.70001,171.04
25.71072,0.0
25.72144,171.2
25.73215,0.0
25.74287,171.0
25.75358,0.0
25.76429,170.96
25.77501,0.0
25.78572,171.14
25.79644,0.0
25.80715,171.2
25.81787,0.0
25.82858,171.32
25.83929,0.0
25.85001,171.1
25.86072,0.0
25.87144,171.2
25.88215,0.0
25.89287,171.34
25.90358,0.0
25.91429,171.18
25.92501,0.0
25.93572,171.0
25.94644,0.0
25.95715,171.16
25.96787,0.0
25.97858,171.08
25.98929,0.0
26.00001,171.08
26.01072,0.0
26.02144,171.02
26.03215,0.0
26.04287,171.12
26.05358,0.0
26.06429,171.14
26.07501,0.0
26.08572,171.14
26.09644,0.0
26.10715,171.12
26.11787,0.0
26.12858,171.34
26.13929,0.0
26.15001,170.94
26.16072,0.0
26.17144,171.4
26.18215,0.0
26.19287,171.3
26.20358,0.0
26.21429,171.12
26.22501,0.0
26.23572,170.92
26.24644,0.0
26.25715,170.98
26.26787,0.0
26.27858,171.16
26.28929,0.0
26.30001,171.04
26.31072,0.0
26.32144,171.04
26.33215,0.0
26.34287,171.0
26.35358,0.0
26.36429,171.08
26.37501,0.0
26.38572,171.24
26.39644,0.0
26.40715,171.26
26.41787,0.0
26.42858,171.02
26.43929,0.0
26.45001,171.06
26.46072,0.0
26.47144,171.26
26.48215,0.0
26.49287,171.12
26.50358,0.0
26.51429,171.06
26.52501,0.0
26.53572,170.94
26.54644,0.0
26.55715,171.02
26.56787,0.0
26.57858,171.18
26.58929,0.0
26.60001,171.18
26.61072,0.0
26.62144,170.98
26.63215,0.0
26.64287,171.18
26.65358,0.0
26.66429,171.28
26.67501,0.0
26.68572,171.26
26.69644,0.0
26.70715,171.06
26.71787,0.0
26.72858,171.16
26.73929,0.0
26.75001,171.18
26.76072,0.0
26.77144,171.0
26.78215,0.0
26.79287,171.2
26.80358,0.0
26.81429,171.18
26.82501,0.0
26.83572,171.08
26.84644,0.0
26.85715,171.26
26.86787,0.0
26.87858,171.38
26.88929,0.0
26.90001,171.08
26.91072,0.0
26.92144,171.1
26.93215,0.0
26.94287,171.1
26.95358,0.0
26.96429,171.26
26.97501,0.0
26.98572,171.04
26.99644,0.0
27.00715,171.2
27.01787,0.0
27.02858,170.98
27.03929,0.0
27.05001,171.12
27.06072,0.0
27.07144,171.18
27.08215,0.0
27.09287,171.02
27.10358,0.0
27.11429,171.0
27.12501,0.0
27.13572,171.26
27.14644,0.0
27.15715,171.12
27.16787,0.0
27.17858,171.06
27.18929,0.0
27.20001,170.62
27.21072,0.0
27.22144,170.92
27.23215,0.0
27.24287,171.12
27.25358,0.0
27.26429,171.08
27.27501,0.0
27.28572,171.14
27.29644,0.0
27.30715,171.14
27.31787,0.0
27.32858,171.0
27.33929,0.0
27.35001,171.18
27.36072,0.0
27.37144,171.18
27.38215,0.0
27.39287,171.12
27.40358,0.0
27.41429,171.14
27.42501,0.0
27.43572,170.88
27.44644,0.0
27.45715,171.22
27.46787,0.0
27.47858,170.66
27.48929,0.0
27.50001,170.84
27.51072,0.0
27.52144,171.08
27.53215,0.0
27.54287,171.04
27.55358,0.0
27.56429,171.12
27.57501,0.0
27.58572,171.02
27.59644,0.0
27.60715,170.96
27.61787,0.0
27.62858,171.02
27.63929,0.0
27.65001,171.14
27.66072,0.0
27.67144,171.1
27.68215,0.0
27.69287,171.02
27.70358,0.0
27.71429,171.08
27.72501,0.0
27.73572,171.18
27.74644,0.0
27.75715,171.22
27.76787,0.0
27.77858,170.96
27.78929,0.0
27.80001,171.18
27.81072,0.0
27.82144,171.14
27.83215,0.0
27.84287,171.0
27.85358,0.0
27.86429,170.88
27.87501,0.0
27.88572,171.2
27.89644,0.0
27.90715,171.3
27.91787,0.0
27.92858,171.08
27.93929,0.0
27.95001,171.14
27.96072,0.0
27.97144,171.1
27.98215,0.0
27.99287,171.26
28.00358,0.0
28.01429,171.4
28.02501,0.0
28.03572,171.32
28.04644,0.0
28.05715,171.55
28.06787,0.0
28.07858,171.65
28.08929,0.0
28.10001,171.72
28.11072,0.0
28.12144,171.71
28.13215,0.0
28.14287,171.78
28.15358,0.0
28.16429,172.01
28.17501,0.0
28.18572,172.24
28.19644,0.0
28.20715,172.53
28.21787,0.0
28.22858,172.5
28.2393,0.0
28.25001,172.84
28.26072,0.0
28.27144,172.9
28.28215,0.0
28.29287,172.76
28.30358,0.0
28.3143,172.66
28.32501,0.0
28.33572,172.69
28.34644,0.0
28.35715,172.48
28.36787,0.0
28.37858,172.57
28.3893,0.0
28.40001,172.37
28.41072,0.0
28.42144,172.26
28.43215,0.0
28.44287,172.02
28.45358,0.0
28.4643,171.9
28.47501,0.0
28.48572,171.81
28.49644,0.0
28.50715,171.57
28.51787,0.0
28.52858,171.54
28.5393,0.0
28.55001,171.55
28.56072,0.0
28.57144,171.22
28.58215,0.0
28.59287,170.9
28.60358,0.0
28.6143,171.02
28.62501,0.0
28.63572,171.04
28.64644,0.0
28.65715,170.96
28.66787,0.0
28.67858,170.94
28.6893,0.0
28.70001,171.16
28.71072,0.0
28.72144,170.74
28.73215,0.0
28.74287,170.92
28.75358,0.0
28.7643,171.18
28.77501,0.0
28.78572,171.02
28.79644,0.0
28.80715,171.14
28.81787,0.0
28.82858,170.98
28.8393,0.0
28.85001,171.36
28.86072,0.0
28.87144,171.1
28.88215,0.0
28.89287,170.96
28.90358,0.0
28.9143,171.24
28.92501,0.0
28.93572,171.02
28.94644,0.0
28.95715,170.76
28.96787,0.0
28.97858,170.94
28.9893,0.0
29.00001,170.98
29.01072,0.0
29.02144,170.82
29.03215,0.0
29.04287,171.08
29.05358,0.0
29.0643,171.42
29.07501,0.0
29.08572,171.3
29.09644,0.0
29.10715,171.24
29.11787,0.0
29.12858,170.98
29.1393,0.0
29.15001,171.04
29.16072,0.0
29.17144,170.98
29.18215,0.0
29.19287,170.92
29.20358,0.0
29.2143,171.36
29.22501,0.0
29.23572,171.04
29.24644,0.0
29.25715,170.86
29.26787,0.0
29.27858,171.16
29.2893,0.0
29.30001,171.06
29.31072,0.0
29.32144,171.04
29.33215,0.0
29.34287,171.08
29.35358,0.0
29.3643,171.1
29.37501,0.0
29.38572,171.04
29.39644,0.0
29.40715,171.12
29.41787,0.0
29.42858,171.08
29.4393,0.0
29.45001,171.32
29.46072,0.0
29.47144,171.38
29.48215,0.0
29.49287,171.12
29.50358,0.0
29.5143,171.14
29.52501,0.0
29.53572,171.28
29.54644,0.0
29.55715,170.96
29.56787,0.0
29.57858,170.94
29.5893,0.0
29.60001,170.98
29.61072,0.0
29.62144,170.9
29.63215,0.0
29.64287,171.16
29.65358,0.0
29.6643,171.22
29.67501,0.0
29.68572,171.1
29.69644,0.0
29.70715,171.18
29.71787,0.0
29.72858,171.2
29.7393,0.0
29.75001,171.32
29.76072,0.0
29.77144,171.14
29.78215,0.0
29.79287,171.34
29.80358,0.0
29.8143,171.16
29.82501,0.0
29.83572,171.04
29.84644,0.0
29.85715,171.06
29.86787,0.0
29.87858,171.22
29.8893,0.0
29.90001,171.18
29.91072,0.0
29.92144,170.98
29.93215,0.0
29.94287,171.08
29.95358,0.0
29.9643,171.02
29.97501,0.0
29.98572,170.82
29.99644,0.0
30.00715,170.72
30.01787,0.0
30.02858,171.0
30.0393,0.0
30.05001,171.06
30.06072,0.0
30.07144,170.9
30.08215,0.0
30.09287,170.84
30.10358,0.0
30.1143,171.0
30.12501,0.0
30.13572,171.08
30.14644,0.0
30.15715,170.88
30.16787,0.0
30.17858,170.9
30.1893,0.0
30.20001,171.18
30.21072,0.0
30.22144,170.92
30.23215,0.0
30.24287,170.88
30.25358,0.0
30.2643,170.76
30.27501,0.0
30.28572,170.96
30.29644,0.0
30.30715,170.8
30.31787,0.0
30.32858,171.14
30.3393,0.0
30.35001,171.06
30.36072,0.0
30.37144,171.18
30.38215,0.0
30.39287,171.06
30.40358,0.0
30.4143,171.1
30.42501,0.0
30.43572,171.14
30.44644,0.0
30.45715,170.96
30.46787,0.0
30.47858,170.92
30.4893,0.0
30.50001,170.92
30.51072,0.0
30.52144,170.98
30.53215,0.0
30.54287,171.14
30.55358,0.0
30.5643,171.08
30.57501,0.0
30.58572,171.12
30.59644,0.0
30.60715,170.84
30.61787,0.0
30.62858,170.7
30.6393,0.0
30.65001,171.02
30.66072,0.0
30.67144,170.78
30.68215,0.0
30.69287,171.02
30.70358,0.0
30.7143,170.92
30.72501,0.0
30.73572,171.0
30.74644,0.0
30.75715,171.2
30.76787,0.0
30.77858,171.32
30.7893,0.0
30.80001,171.24
30.81072,0.0
30.82144,171.06
30.83215,0.0
30.84287,171.26
30.85358,0.0
30.8643,171.34
30.87501,0.0
30.88572,171.1
30.89644,0.0
30.90715,170.98
30.91787,0.0
30.92858,170.9
30.9393,0.0
30.95001,171.16
30.96072,0.0
30.97144,171.26
30.98215,0.0
30.99287,171.2
31.00358,0.0
31.0143,171.24
31.02501,0.0
31.03572,171.16
31.04644,0.0
31.05715,170.88
31.06787,0.0
31.07858,170.8
31.0893,0.0
31.10001,171.08
31.11072,0.0
31.12144,171.1
31.13215,0.0
31.14287,170.82
31.15358,0.0
31.1643,170.88
31.17501,0.0
31.18572,171.12
31.19644,0.0
31.20715,171.12
31.21787,0.0
31.22858,171.22
31.2393,0.0
31.25001,171.16
31.26072,0.0
31.27144,171.1
31.28215,0.0
31.29287,171.14
31.30358,0.0
31.3143,171.12
31.32501,0.0
31.33572,171.24
31.34644,0.0
31.35715,171.0
31.36787,0.0
31.37858,171.28
31.3893,0.0
31.40001,171.36
31.41072,0.0
31.42144,171.2
31.43215,0.0
31.44287,171.04
31.45358,0.0
31.4643,171.02
31.47501,0.0
31.48572,171.46
31.49644,0.0
31.50715,171.24
31.51787,0.0
31.52858,170.96
31.5393,0.0
31.55001,171.38
31.56072,0.0
31.57144,171.08
31.58215,0.0
31.59287,171.36
31.60358,0.0
31.6143,171.1
31.62501,0.0
31.63572,170.94
31.64644,0.0
31.65715,170.86
31.66787,0.0
31.67858,170.94
31.6893,0.0
31.70001,170.94
31.71072,0.0
31.72144,170.78
31.73215,0.0
31.74287,170.98
31.75358,0.0
31.7643,171.08
31.77501,0.0
31.78572,170.88
31.79644,0.0
31.80715,170.94
31.81787,0.0
31.82858,171.16
31.8393,0.0
31.85001,170.98
31.86073,0.0
31.87144,170.9
31.88215,0.0
31.89287,170.86
31.90358,0.0
31.9143,171.04
31.92501,0.0
31.93573,170.84
31.94644,0.0
31.95715,170.96
31.96787,0.0
31.97858,170.8
31.9893,0.0
32.00001,170.92
32.01073,0.0
32.02144,170.78
32.03215,0.0
32.04287,170.76
32.05358,0.0
32.0643,171.08
32.07501,0.0
32.08573,170.98
32.09644,0.0
32.10715,170.82
32.11787,0.0
32.12858,171.1
32.1393,0.0
32.15001,171.2
32.16073,0.0
32.17144,171.14
32.18215,0.0
32.19287,170.9
32.20358,0.0
32.2143,171.2
32.22501,0.0
32.23573,171.28
32.24644,0.0
32.25715,170.9
32.26787,0.0
32.27858,171.04
32.2893,0.0
32.30001,171.1
32.31073,0.0
32.32144,170.96
32.33215,0.0
32.34287,170.86
32.35358,0.0
32.3643,170.92
32.37501,0.0
32.38573,171.3
32.39644,0.0
32.40715,171.48
32.41787,0.0
32.42858,171.24
32.4393,0.0
32.45001,171.24
32.46073,0.0
32.47144,171.1
32.48215,0.0
32.49287,171.16
32.50358,0.0
32.5143,171.26
32.52501,0.0
32.53573,171.26
32.54644,0.0
32.55715,171.5
32.56787,0.0
32.57858,171.44
32.5893,0.0
32.60001,171.73
32.61073,0.0
32.62144,171.82
32.63215,0.0
32.64287,171.98
32.65358,0.0
32.6643,172.0
32.67501,0.0
32.68573,172.12
32.69644,0.0
32.70715,172.3
32.71787,0.0
32.72858,172.33
32.7393,0.0
32.75001,172.11
32.76073,0.0
32.77144,171.88
32.78215,0.0
32.79287,171.82
32.80358,0.0
32.8143,171.96
32.82501,0.0
32.83573,171.93
32.84644,0.0
32.85715,171.87
32.86787,0.0
32.87858,171.66
32.8893,0.0
32.90001,171.88
32.91073,0.0
32.92144,171.71
32.93215,0.0
32.94287,171.62
32.95358,0.0
32.9643,171.38
32.97501,0.0
32.98573,171.3
32.99644,0.0
33.00715,171.14
33.01787,0.0
33.02858,171.55
33.0393,0.0
33.05001,171.22
33.06073,0.0
33.07144,170.92
33.08215,0.0
33.09287,170.92
33.10358,0.0
33.1143,171.06
33.12501,0.0
33.13573,171.26
33.14644,0.0
33.15715,171.02
33.16787,0.0
33.17858,171.04
33.1893,0.0
33.20001,171.24
33.21073,0.0
33.22144,171.22
33.23215,0.0
33.24287,171.16
33.25358,0.0
33.2643,170.98
33.27501,0.0
33.28573,171.22
33.29644,0.0
33.30715,171.3
33.31787,0.0
33.32858,170.96
33.3393,0.0
33.35001,171.02
33.36073,0.0
33.37144,171.2
33.38215,0.0
33.39287,171.28
33.40358,0.0
33.4143,170.88
33.42501,0.0
33.43573,170.98
33.44644,0.0
33.45715,171.12
33.46787,0.0
33.47858,171.08
33.4893,0.0
33.50001,171.14
33.51073,0.0
33.52144,171.18
33.53215,0.0
33.54287,171.1
33.55358,0.0
33.5643,171.14
33.57501,0.0
33.58573,171.06
33.59644,0.0
33.60715,170.82
33.61787,0.0
33.62858,170.74
33.6393,0.0
33.65001,171.14
33.66073,0.0
33.67144,171.14
33.68215,0.0
33.69287,171.16
33.70358,0.0
33.7143,171.06
33.72501,0.0
33.73573,170.86
33.74644,0.0
33.75715,171.34
33.76787,0.0
33.77858,171.22
33.7893,0.0
33.80001,170.9
33.81073,0.0
33.82144,170.98
33.83215,0.0
33.84287,170.74
33.85358,0.0
33.8643,171.08
33.87501,0.0
33.88573,171.28
33.89644,0.0
33.90715,171.3
33.91787,0.0
33.92858,171.34
33.9393,0.0
33.95001,171.18
33.96073,0.0
33.97144,170.92
33.98215,0.0
33.99287,170.98
34.00358,0.0
34.0143,170.8
34.02501,0.0
34.03573,170.94
34.04644,0.0
34.05715,171.16
34.06787,0.0
34.07858,171.06
34.0893,0.0
34.10001,171.04
34.11073,0.0
34.12144,171.36
34.13215,0.0
34.14287,171.06
34.15358,0.0
34.1643,171.12
34.17501,0.0
34.18573,171.26
34.19644,0.0
34.20715,171.08
34.21787,0.0
34.22858,171.02
34.2393,0.0
34.25001,170.96
34.26073,0.0
34.27144,171.18
34.28215,0.0
34.29287,171.1
34.30358,0.0
34.3143,170.9
34.32501,0.0
34.33573,171.22
34.34644,0.0
34.35715,171.14
34.36787,0.0
34.37858,171.14
34.3893,0.0
34.40001,171.42
34.41073,0.0
34.42144,171.4
34.43215,0.0
34.44287,170.9
34.45358,0.0
34.4643,170.9
34.47501,0.0
34.48573,171.06
34.49644,0.0
34.50715,171.42
34.51787,0.0
34.52858,171.28
34.5393,0.0
34.55001,171.06
34.56073,0.0
34.57144,171.08
34.58215,0.0
34.59287,171.0
34.60358,0.0
34.6143,171.16
34.62501,0.0
34.63573,171.16
34.64644,0.0
34.65715,171.18
34.66787,0.0
34.67858,171.3
34.6893,0.0
34.70001,171.06
34.71073,0.0
34.72144,171.2
34.73215,0.0
34.74287,170.88
34.75358,0.0
34.7643,170.88
34.77501,0.0
34.78573,171.1
34.79644,0.0
34.80715,171.56
34.81787,0.0
34.82858,171.26
34.8393,0.0
34.85001,171.53
34.86073,0.0
34.87144,171.55
34.88215,0.0
34.89287,171.28
34.90358,0.0
34.9143,171.18
34.92501,0.0
34.93573,171.62
34.94644,0.0
34.95715,171.7
34.96787,0.0
34.97858,171.56
34.9893,0.0
35.00001,171.46
35.01073,0.0
35.02144,171.65
35.03215,0.0
35.04287,171.8
35.05358,0.0
35.0643,171.89
35.07501,0.0
35.08573,171.98
35.09644,0.0
35.10715,171.79
35.11787,0.0
35.12858,171.94
35.1393,0.0
35.15001,172.29
35.16073,0.0
35.17144,172.51
35.18215,0.0
35.19287,172.68
35.20358,327.68
35.2143,172.84
35.22501,0.0
35.23573,173.14
35.24644,327.68
35.25715,173.31
35.26787,0.0
35.27858,173.5
35.2893,327.68
35.30001,173.67
35.31073,0.0
35.32144,174.01
35.33215,0.0
35.34287,174.17
35.35358,327.68
35.3643,174.15
35.37501,0.0
35.38573,174.18
35.39644,327.68
35.40716,174.17
35.41787,327.68
35.42858,174.13
35.4393,327.68
35.45001,174.06
35.46073,0.0
35.47144,173.89
35.48216,0.0
35.49287,173.78
35.50358,0.0
35.5143,173.5
35.52501,0.0
35.53573,173.44
35.54644,327.68
35.55716,173.09
35.56787,327.68
35.57858,172.99
35.5893,327.68
35.60001,172.83
35.61073,0.0
35.62144,172.44
35.63216,0.0
35.64287,172.35
35.65358,0.0
35.6643,172.2
35.67501,0.0
35.68573,172.12
35.69644,0.0
35.70716,172.07
35.71787,0.0
35.72858,172.04
35.7393,0.0
35.75001,171.87
35.76073,0.0
35.77144,171.65
35.78216,0.0
35.79287,171.76
35.80358,0.0
35.8143,171.79
35.82501,0.0
35.83573,171.61
35.84644,0.0
35.85716,171.63
35.86787,0.0
35.87858,171.56
35.8893,0.0
35.90001,171.42
35.91073,0.0
35.92144,171.32
35.93216,0.0
35.94287,171.5
35.95358,0.0
35.9643,171.53
35.97501,0.0
35.98573,171.56
35.99644,0.0
36.00716,171.26
36.01787,0.0
36.02858,171.3
36.0393,0.0
36.05001,171.16
36.06073,0.0
36.07144,171.1
36.08216,0.0
36.09287,171.44
36.10358,0.0
36.1143,171.42
36.12501,0.0
36.13573,171.38
36.14644,0.0
36.15716,171.02
36.16787,0.0
36.17858,171.16
36.1893,0.0
36.20001,171.38
36.21073,0.0
36.22144,171.36
36.23216,0.0
36.24287,171.34
36.25358,0.0
36.2643,171.16
36.27501,0.0
36.28573,171.32
36.29644,0.0
36.30716,171.3
36.31787,0.0
36.32858,171.16
36.3393,0.0
36.35001,171.4
36.36073,0.0
36.37144,171.36
36.38216,0.0
36.39287,171.38
36.40358,0.0
36.4143,171.36
36.42501,0.0
36.43573,171.48
36.44644,0.0
36.45716,171.22
36.46787,0.0
36.47858,171.28
36.4893,0.0
36.50001,171.16
36.51073,0.0
36.52144,171.38
36.53216,0.0
36.54287,171.38
36.55358,0.0
36.5643,171.54
36.57501,0.0
36.58573,171.42
36.59644,0.0
36.60716,171.52
36.61787,0.0
36.62858,171.36
36.6393,0.0
36.65001,171.55
36.66073,0.0
36.67144,171.38
36.68216,0.0
36.69287,171.28
36.70358,0.0
36.7143,171.34
36.72501,0.0
36.73573,171.28
36.74644,0.0
36.75716,171.32
36.76787,0.0
36.77858,171.34
36.7893,0.0
36.80001,171.38
36.81073,0.0
36.82144,171.26
36.83216,0.0
36.84287,171.12
36.85358,0.0
36.8643,171.4
36.87501,0.0
36.88573,171.4
36.89644,0.0
36.90716,171.28
36.91787,0.0
36.92858,171.53
36.9393,0.0
36.95001,171.69
36.96073,0.0
36.97144,171.3
36.98216,0.0
36.99287,171.57
37.00358,0.0
37.0143,171.5
37.02501,0.0
37.03573,171.24
37.04644,0.0
37.05716,171.55
37.06787,0.0
37.07858,171.42
37.0893,0.0
37.10001,171.53
37.11073,0.0
37.12144,171.28
37.13216,0.0
37.14287,171.46
37.15358,0.0
37.1643,171.55
37.17501,0.0
37.18573,171.53
37.19644,0.0
37.20716,171.57
37.21787,0.0
37.22858,171.7
37.2393,0.0
37.25001,171.68
37.26073,0.0
37.27144,171.52
37.28216,0.0
37.29287,171.66
37.30358,0.0
37.3143,171.67
37.32501,0.0
37.33573,171.64
37.34644,0.0
37.35716,171.7
37.36787,0.0
37.37858,171.4
37.3893,0.0
37.40001,171.57
37.41073,0.0
37.42144,171.56
37.43216,0.0
37.44287,171.61
37.45358,0.0
37.4643,171.66
37.47501,0.0
37.48573,171.58
37.49644,0.0
37.50716,171.63
37.51787,0.0
37.52858,171.61
37.5393,0.0
37.55001,171.5
37.56073,0.0
37.57144,171.6
37.58216,0.0
37.59287,171.67
37.60358,0.0
37.6143,171.57
37.62501,0.0
37.63573,171.63
37.64644,0.0
37.65716,171.83
37.66787,0.0
37.67858,171.85
37.6893,0.0
37.70001,171.84
37.71073,0.0
37.72144,171.96
37.73216,0.0
37.74287,171.97
37.75358,0.0
37.7643,172.07
37.77501,0.0
37.78573,172.19
37.79644,0.0
37.80716,172.37
37.81787,0.0
37.82858,172.65
37.8393,0.0
37.85001,172.81
37.86073,0.0
37.87144,173.05
37.88216,327.68
37.89287,173.34
37.90358,0.0
37.9143,173.69
37.92501,491.52
37.93573,174.16
37.94644,327.68
37.95716,174.47
37.96787,0.0
37.97858,175.01
37.9893,81.92
38.00001,175.53
38.01073,245.76
38.02144,175.85
38.03216,245.76
38.04287,176.29
38.05358,204.8
38.0643,176.72
38.07501,204.8
38.08573,176.9
38.09644,0.0
38.10716,177.04
38.11787,409.6
38.12858,177.06
38.1393,491.52
38.15001,177.04
38.16073,245.76
38.17144,176.97
38.18216,163.84
38.19287,176.91
38.20358,368.64
38.2143,176.77
38.22501,491.52
38.23573,176.62
38.24644,327.68
38.25716,176.34
38.26787,81.92
38.27858,176.04
38.2893,245.76
38.30001,175.76
38.31073,0.0
38.32144,175.52
38.33216,0.0
38.34287,175.13
38.35358,0.0
38.3643,174.56
38.37501,491.52
38.38573,174.2
38.39644,0.0
38.40716,173.7
38.41787,0.0
38.42858,173.35
38.4393,0.0
38.45001,173.06
38.46073,327.68
38.47144,172.86
38.48216,0.0
38.49287,172.82
38.50358,0.0
38.5143,172.63
38.52501,0.0
38.53573,172.44
38.54644,0.0
38.55716,172.3
38.56787,0.0
38.57858,172.41
38.5893,0.0
38.60001,172.3
38.61073,0.0
38.62144,172.38
38.63216,0.0
38.64287,172.36
38.65358,0.0
38.6643,172.19
38.67501,0.0
38.68573,172.23
38.69644,0.0
38.70716,172.0
38.71787,0.0
38.72858,172.0
38.7393,0.0
38.75001,171.97
38.76073,0.0
38.77144,171.98
38.78216,0.0
38.79287,171.99
38.80358,0.0
38.8143,171.91
38.82501,0.0
38.83573,171.71
38.84644,0.0
38.85716,171.83
38.86787,0.0
38.87858,171.87
38.8893,0.0
38.90001,171.68
38.91073,0.0
38.92144,171.61
38.93216,0.0
38.94287,171.58
38.95359,0.0
38.9643,171.67
38.97501,0.0
38.98573,171.81
38.99644,0.0
39.00716,171.77
39.01787,0.0
39.02859,171.65
39.0393,0.0
39.05001,171.53
39.06073,0.0
39.07144,171.22
39.08216,0.0
39.09287,171.3
39.10359,0.0
39.1143,171.32
39.12501,0.0
39.13573,171.26
39.14644,0.0
39.15716,171.02
39.16787,0.0
39.17859,171.12
39.1893,0.0
39.20001,171.4
39.21073,0.0
39.22144,171.24
39.23216,0.0
39.24287,171.2
39.25359,0.0
39.2643,171.4
39.27501,0.0
39.28573,171.2
39.29644,0.0
39.30716,171.46
39.31787,0.0
39.32859,171.53
39.3393,0.0
39.35001,171.36
39.36073,0.0
39.37144,171.36
39.38216,0.0
39.39287,171.36
39.40359,0.0
39.4143,171.38
39.42501,0.0
39.43573,171.18
39.44644,0.0
39.45716,170.92
39.46787,0.0
39.47859,170.92
39.4893,0.0
39.50001,171.28
39.51073,0.0
39.52144,171.34
39.53216,0.0
39.54287,171.1
39.55359,0.0
39.5643,171.18
39.57501,0.0
39.58573,171.5
39.59644,0.0
39.60716,171.18
39.61787,0.0
39.62859,171.1
39.6393,0.0
39.65001,171.1
39.66073,0.0
39.67144,171.5
39.68216,0.0
39.69287,171.54
39.70359,0.0
39.7143,171.3
39.72501,0.0
39.73573,170.96
39.74644,0.0
39.75716,171.4
39.76787,0.0
39.77859,171.57
39.7893,0.0
39.80001,171.46
39.81073,0.0
39.82144,171.48
39.83216,0.0
39.84287,171.4
39.85359,0.0
39.8643,171.38
39.87501,0.0
39.88573,171.5
39.89644,0.0
39.90716,171.42
39.91787,0.0
39.92859,171.16
39.9393,0.0
39.95001,171.14
39.96073,0.0
39.97144,171.42
39.98216,0.0
39.99287,171.26
40.00359,0.0
40.0143,171.14
40.02501,0.0
40.03573,171.24
40.04644,0.0
40.05716,171.18
40.06787,0.0
40.07859,171.38
40.0893,0.0
40.10001,171.4
40.11073,0.0
40.12144,171.24
40.13216,0.0
40.14287,171.32
40.15359,0.0
40.1643,171.48
40.17501,0.0
40.18573,171.57
40.19644,0.0
40.20716,171.44
40.21787,0.0
40.22859,171.52
40.2393,0.0
40.25001,171.44
40.26073,0.0
40.27144,171.53
40.28216,0.0
40.29287,171.65
40.30359,0.0
40.3143,171.52
40.32501,0.0
40.33573,171.57
40.34644,0.0
40.35716,171.69
40.36787,0.0
40.37859,171.64
40.3893,0.0
40.40001,171.58
40.41073,0.0
40.42144,171.59
40.43216,0.0
40.44287,171.79
40.45359,0.0
40.4643,171.96
40.47501,0.0
40.48573,172.15
40.49644,0.0
40.50716,172.39
40.51787,327.68
40.52859,172.92
40.5393,327.68
40.55001,173.21
40.56073,327.68
40.57144,173.74
40.58216,163.84
40.59287,174.19
40.60359,163.84
40.6143,174.6
40.62501,491.52
40.63573,174.96
40.64644,0.0
40.65716,175.05
40.66787,491.52
40.67859,175.02
40.6893,163.84
40.70001,175.05
40.71073,327.68
40.72144,174.93
40.73216,491.52
40.74287,174.81
40.75359,163.84
40.7643,174.73
40.77501,327.68
40.78573,174.59
40.79644,327.68
40.80716,174.47
40.81787,0.0
40.82859,174.35
40.8393,0.0
40.85001,174.19
40.86073,327.68
40.87144,173.83
40.88216,327.68
40.89287,173.41
40.90359,327.68
40.9143,173.2
40.92501,327.68
40.93573,172.97
40.94644,327.68
40.95716,172.84
40.96787,0.0
40.97859,172.72
40.9893,0.0
41.00001,172.38
41.01073,0.0
41.02144,172.14
41.03216,0.0
41.04287,172.02
41.05359,0.0
41.0643,171.97
41.07501,0.0
41.08573,172.0
41.09644,0.0
41.10716,171.92
41.11787,0.0
41.12859,171.88
41.1393,0.0
41.15001,172.04
41.16073,0.0
41.17144,171.94
41.18216,0.0
41.19287,171.72
41.20359,0.0
41.2143,171.69
41.22501,0.0
41.23573,171.6
41.24644,0.0
41.25716,171.64
41.26787,0.0
41.27859,171.54
41.2893,0.0
41.30001,171.44
41.31073,0.0
41.32144,171.46
41.33216,0.0
41.34287,171.36
41.35359,0.0
41.3643,171.08
41.37501,0.0
41.38573,171.24
41.39644,0.0
41.40716,171.24
41.41787,0.0
41.42859,171.22
41.4393,0.0
41.45001,171.04
41.46073,0.0
41.47144,171.14
41.48216,0.0
41.49287,170.98
41.50359,0.0
41.5143,170.9
41.52501,0.0
41.53573,171.08
41.54644,0.0
41.55716,171.18
41.56787,0.0
41.57859,171.18
41.5893,0.0
41.60001,171.3
41.61073,0.0
41.62144,170.74
41.63216,0.0
41.64287,170.94
41.65359,0.0
41.6643,170.72
41.67501,0.0
41.68573,170.82
41.69644,0.0
41.70716,171.28
41.71787,0.0
41.72859,170.98
41.7393,0.0
41.75001,170.82
41.76073,0.0
41.77144,171.02
41.78216,0.0
41.79287,170.88
41.80359,0.0
41.8143,170.8
41.82501,0.0
41.83573,170.94
41.84644,0.0
41.85716,171.06
41.86787,0.0
41.87859,171.0
41.8893,0.0
41.90001,170.8
41.91073,0.0
41.92144,170.9
41.93216,0.0
41.94287,171.02
41.95359,0.0
41.9643,171.18
41.97501,0.0
41.98573,171.04
41.99644,0.0
42.00716,170.86
42.01787,0.0
42.02859,171.16
42.0393,0.0
42.05001,171.18
42.06073,0.0
42.07144,170.5
42.08216,0.0
42.09287,170.9
42.10359,0.0
42.1143,171.08
42.12501,0.0
42.13573,171.24
42.14644,0.0
42.15716,171.34
42.16787,0.0
42.17859,170.98
42.1893,0.0
42.20001,170.98
42.21073,0.0
42.22144,170.86
42.23216,0.0
42.24287,170.86
42.25359,0.0
42.2643,171.02
42.27501,0.0
42.28573,170.94
42.29644,0.0
42.30716,170.84
42.31787,0.0
42.32859,171.04
42.3393,0.0
42.35001,171.2
42.36073,0.0
42.37144,171.36
42.38216,0.0
42.39287,171.14
42.40359,0.0
42.4143,170.96
42.42501,0.0
42.43573,170.96
42.44644,0.0
42.45716,170.74
42.46787,0.0
42.47859,171.02
42.4893,0.0
42.50001,170.8
42.51073,0.0
42.52144,170.96
42.53216,0.0
42.54287,170.98
42.55359,0.0
42.5643,170.96
42.57502,0.0
42.58573,171.14
42.59644,0.0
42.60716,171.32
42.61787,0.0
42.62859,171.38
42.6393,0.0
42.65002,170.98
42.66073,0.0
42.67144,170.72
42.68216,0.0
42.69287,170.84
42.70359,0.0
42.7143,170.8
42.72502,0.0
42.73573,170.86
42.74644,0.0
42.75716,170.88
42.76787,0.0
42.77859,171.02
42.7893,0.0
42.80002,170.94
42.81073,0.0
42.82144,170.54
42.83216,0.0
42.84287,170.82
42.85359,0.0
42.8643,171.0
42.87502,0.0
42.88573,171.0
42.89644,0.0
42.90716,170.98
42.91787,0.0
42.92859,171.12
42.9393,0.0
42.95002,171.14
42.96073,0.0
42.97144,171.12
42.98216,0.0
42.99287,171.28
43.00359,0.0
43.0143,171.06
43.02502,0.0
43.03573,170.82
43.04644,0.0
43.05716,170.78
43.06787,0.0
43.07859,170.86
43.0893,0.0
43.10002,170.96
43.11073,0.0
43.12144,171.0
43.13216,0.0
43.14287,170.88
43.15359,0.0
43.1643,170.9
43.17502,0.0
43.18573,171.08
43.19644,0.0
43.20716,171.1
43.21787,0.0
43.22859,170.98
43.2393,0.0
43.25002,170.84
43.26073,0.0
43.27144,171.16
43.28216,0.0
43.29287,170.9
43.30359,0.0
43.3143,171.14
43.32502,0.0
43.33573,170.96
43.34644,0.0
43.35716,171.08
43.36787,0.0
43.37859,171.24
43.3893,0.0
43.40002,171.3
43.41073,0.0
43.42144,171.1
43.43216,0.0
43.44287,170.94
43.45359,0.0
43.4643,171.16
43.47502,0.0
43.48573,171.38
43.49644,0.0
43.50716,171.3
43.51787,0.0
43.52859,170.84
43.5393,0.0
43.55002,171.06
43.56073,0.0
43.57144,171.26
43.58216,0.0
43.59287,171.16
43.60359,0.0
43.6143,170.96
43.62502,0.0
43.63573,170.96
43.64644,0.0
43.65716,170.7
43.66787,0.0
43.67859,170.94
43.6893,0.0
43.70002,171.0
43.71073,0.0
43.72144,170.78
43.73216,0.0
43.74287,170.84
43.75359,0.0
43.7643,170.96
43.77502,0.0
43.78573,171.08
43.79644,0.0
43.80716,170.88
43.81787,0.0
43.82859,170.82
43.8393,0.0
43.85002,171.16
43.86073,0.0
43.87144,170.9
43.88216,0.0
43.89287,171.08
43.90359,0.0
43.9143,171.08
43.92502,0.0
43.93573,171.0
43.94644,0.0
43.95716,171.04
43.96787,0.0
43.97859,170.9
43.9893,0.0
44.00002,170.84
44.01073,0.0
44.02144,170.78
44.03216,0.0
44.04287,170.96
44.05359,0.0
44.0643,170.78
44.07502,0.0
44.08573,170.96
44.09644,0.0
44.10716,171.02
44.11787,0.0
44.12859,170.7
44.1393,0.0
44.15002,170.68
44.16073,0.0
44.17144,170.96
44.18216,0.0
44.19287,170.7
44.20359,0.0
44.2143,170.78
44.22502,0.0
44.23573,170.86
44.24644,0.0
44.25716,170.96
44.26787,0.0
44.27859,171.2
44.2893,0.0
44.30002,171.0
44.31073,0.0
44.32144,170.66
44.33216,0.0
44.34287,170.88
44.35359,0.0
44.3643,171.0
44.37502,0.0
44.38573,170.68
44.39644,0.0
44.40716,170.62
44.41787,0.0
44.42859,170.94
44.4393,0.0
44.45002,170.88
44.46073,0.0
44.47144,170.78
44.48216,0.0
44.49287,170.92
44.50359,0.0
44.5143,171.12
44.52502,0.0
44.53573,170.94
44.54644,0.0
44.55716,170.98
44.56787,0.0
44.57859,171.12
44.5893,0.0
44.60002,171.46
44.61073,0.0
44.62144,171.24
44.63216,0.0
44.64287,171.1
44.65359,0.0
44.6643,170.88
44.67502,0.0
44.68573,170.88
44.69644,0.0
44.70716,171.08
44.71787,0.0
44.72859,171.24
44.7393,0.0
44.75002,171.44
44.76073,0.0
44.77144,171.68
44.78216,0.0
44.79287,171.68
44.80359,0.0
44.8143,171.88
44.82502,0.0
44.83573,171.91
44.84644,0.0
44.85716,171.91
44.86787,0.0
44.87859,171.97
44.8893,0.0
44.90002,172.26
44.91073,0.0
44.92144,172.29
44.93216,0.0
44.94287,172.38
44.95359,0.0
44.9643,172.25
44.97502,0.0
44.98573,171.97
44.99644,0.0
45.00716,171.71
45.01787,0.0
45.02859,171.63
45.0393,0.0
45.05002,171.8
45.06073,0.0
45.07144,171.84
45.08216,0.0
45.09287,171.69
45.10359,0.0
45.1143,171.44
45.12502,0.0
45.13573,171.59
45.14644,0.0
45.15716,171.34
45.16787,0.0
45.17859,170.96
45.1893,0.0
45.20002,171.4
45.21073,0.0
45.22144,171.08
45.23216,0.0
45.24287,170.96
45.25359,0.0
45.2643,171.18
45.27502,0.0
45.28573,171.26
45.29644,0.0
45.30716,170.88
45.31787,0.0
45.32859,170.82
45.3393,0.0
45.35002,170.86
45.36073,0.0
45.37144,170.94
45.38216,0.0
45.39287,170.74
45.40359,0.0
45.4143,170.76
45.42502,0.0
45.43573,170.68
45.44644,0.0
45.45716,170.92
45.46787,0.0
45.47859,170.88
45.4893,0.0
45.50002,170.78
45.51073,0.0
45.52144,170.9
45.53216,0.0
45.54287,170.94
45.55359,0.0
45.5643,170.98
45.57502,0.0
45.58573,170.82
45.59644,0.0
45.60716,170.8
45.61787,0.0
45.62859,171.1
45.6393,0.0
45.65002,170.96
45.66073,0.0
45.67144,170.96
45.68216,0.0
45.69287,170.94
45.70359,0.0
45.7143,171.12
45.72502,0.0
45.73573,170.94
45.74644,0.0
45.75716,170.86
45.76787,0.0
45.77859,170.84
45.7893,0.0
45.80002,170.9
45.81073,0.0
45.82144,170.88
45.83216,0.0
45.84287,170.7
45.85359,0.0
45.8643,170.64
45.87502,0.0
45.88573,170.74
45.89644,0.0
45.90716,171.04
45.91787,0.0
45.92859,170.84
45.9393,0.0
45.95002,170.78
45.96073,0.0
45.97144,170.74
45.98216,0.0
45.99287,170.6
46.00359,0.0
46.0143,170.9
46.02502,0.0
46.03573,171.04
46.04644,0.0
46.05716,170.78
46.06787,0.0
46.07859,170.94
46.0893,0.0
46.10002,170.96
46.11073,0.0
46.12145,170.72
46.13216,0.0
46.14287,170.64
46.15359,0.0
46.1643,170.94
46.17502,0.0
46.18573,171.18
46.19645,0.0
46.20716,170.92
46.21787,0.0
46.22859,170.88
46.2393,0.0
46.25002,170.78
46.26073,0.0
46.27145,170.76
46.28216,0.0
46.29287,170.94
46.30359,0.0
46.3143,170.82
46.32502,0.0
46.33573,170.86
46.34645,0.0
46.35716,170.82
46.36787,0.0
46.37859,170.9
46.3893,0.0
46.40002,170.9
46.41073,0.0
46.42145,171.04
46.43216,0.0
46.44287,171.26
46.45359,0.0
46.4643,171.0
46.47502,0.0
46.48573,171.04
46.49645,0.0
46.50716,171.12
46.51787,0.0
46.52859,170.82
46.5393,0.0
46.55002,170.96
46.56073,0.0
46.57145,171.02
46.58216,0.0
46.59287,171.02
46.60359,0.0
46.6143,170.82
46.62502,0.0
46.63573,171.16
46.64645,0.0
46.65716,171.0
46.66787,0.0
46.67859,170.76
46.6893,0.0
46.70002,170.64
46.71073,0.0
46.72145,170.76
46.73216,0.0
46.74287,171.0
46.75359,0.0
46.7643,171.0
46.77502,0.0
46.78573,170.98
46.79645,0.0
46.80716,170.96
46.81787,0.0
46.82859,170.96
46.8393,0.0
46.85002,171.1
46.86073,0.0
46.87145,171.0
46.88216,0.0
46.89287,171.06
46.90359,0.0
46.9143,170.66
46.92502,0.0
46.93573,170.98
46.94645,0.0
46.95716,170.98
46.96787,0.0
46.97859,171.24
46.9893,0.0
47.00002,171.26
47.01073,0.0
47.02145,171.28
47.03216,0.0
47.04287,171.22
47.05359,0.0
47.0643,171.55
47.07502,0.0
47.08573,171.53
47.09645,0.0
47.10716,171.61
47.11787,0.0
47.12859,171.71
47.1393,0.0
47.15002,171.84
47.16073,0.0
47.17145,171.8
47.18216,0.0
47.19287,171.7
47.20359,0.0
47.2143,171.81
47.22502,0.0
47.23573,171.73
47.24645,0.0
47.25716,171.75
47.26787,0.0
47.27859,171.84
47.2893,0.0
47.30002,171.86
47.31073,0.0
47.32145,171.84
47.33216,0.0
47.34287,171.91
47.35359,0.0
47.3643,171.79
47.37502,0.0
47.38573,171.84
47.39645,0.0
47.40716,171.77
47.41787,0.0
47.42859,171.76
47.4393,0.0
47.45002,171.55
47.46073,0.0
47.47145,171.46
47.48216,0.0
47.49287,171.38
47.50359,0.0
47.5143,171.3
47.52502,0.0
47.53573,170.94
47.54645,0.0
47.55716,171.32
47.56787,0.0
47.57859,171.26
47.5893,0.0
47.60002,171.26
47.61073,0.0
47.62145,171.18
47.63216,0.0
47.64287,171.1
47.65359,0.0
47.6643,171.22
47.67502,0.0
47.68573,171.5
47.69645,0.0
47.70716,171.24
47.71787,0.0
47.72859,171.18
47.7393,0.0
47.75002,170.9
47.76073,0.0
47.77145,170.98
47.78216,0.0
47.79287,170.9
47.80359,0.0
47.8143,170.92
47.82502,0.0
47.83573,170.78
47.84645,0.0
47.85716,170.78
47.86787,0.0
47.87859,170.74
47.8893,0.0
47.90002,170.96
47.91073,0.0
47.92145,170.84
47.93216,0.0
47.94287,170.78
47.95359,0.0
47.9643,170.86
47.97502,0.0
47.98573,170.96
47.99645,0.0
48.00716,170.82
48.01787,0.0
48.02859,170.7
48.0393,0.0
48.05002,170.7
48.06073,0.0
48.07145,170.68
48.08216,0.0
48.09287,170.9
48.10359,0.0
48.1143,170.68
48.12502,0.0
48.13573,170.68
48.14645,0.0
48.15716,170.8
48.16787,0.0
48.17859,170.64
48.1893,0.0
48.20002,170.9
48.21073,0.0
48.22145,170.9
48.23216,0.0
48.24287,170.84
48.25359,0.0
48.2643,170.8
48.27502,0.0
48.28573,170.72
48.29645,0.0
48.30716,171.04
48.31787,0.0
48.32859,170.96
48.3393,0.0
48.35002,171.1
48.36073,0.0
48.37145,170.82
48.38216,0.0
48.39287,170.84
48.40359,0.0
48.4143,170.84
48.42502,0.0
48.43573,170.72
48.44645,0.0
48.45716,170.66
48.46787,0.0
48.47859,170.94
48.4893,0.0
48.50002,170.9
48.51073,0.0
48.52145,171.1
48.53216,0.0
48.54287,170.9
48.55359,0.0
48.5643,170.88
48.57502,0.0
48.58573,170.94
48.59645,0.0
48.60716,171.0
48.61787,0.0
48.62859,171.02
48.6393,0.0
48.65002,170.82
48.66073,0.0
48.67145,171.02
48.68216,0.0
48.69287,170.9
48.70359,0.0
48.7143,170.74
48.72502,0.0
48.73573,170.76
48.74645,0.0
48.75716,170.72
48.76787,0.0
48.77859,171.06
48.7893,0.0
48.80002,170.94
48.81073,0.0
48.82145,170.68
48.83216,0.0
48.84287,170.8
48.85359,0.0
48.8643,170.7
48.87502,0.0
48.88573,170.98
48.89645,0.0
48.90716,170.88
48.91787,0.0
48.92859,170.76
48.9393,0.0
48.95002,170.7
48.96073,0.0
48.97145,170.82
48.98216,0.0
48.99287,170.72
49.00359,0.0
49.0143,170.54
49.02502,0.0
49.03573,170.52
49.04645,0.0
49.05716,170.54
49.06787,0.0
49.07859,170.86
49.0893,0.0
49.10002,170.66
49.11073,0.0
49.12145,170.58
49.13216,0.0
49.14287,170.58
49.15359,0.0
49.1643,170.5
49.17502,0.0
49.18573,170.94
49.19645,0.0
49.20716,170.66
49.21787,0.0
49.22859,170.48
49.2393,0.0
49.25002,170.5
49.26073,0.0
49.27145,170.7
49.28216,0.0
49.29287,170.62
49.30359,0.0
49.3143,171.08
49.32502,0.0
49.33573,170.82
49.34645,0.0
49.35716,170.7
49.36787,0.0
49.37859,170.82
49.3893,0.0
49.40002,170.66
49.41073,0.0
49.42145,170.68
49.43216,0.0
49.44287,170.8
49.45359,0.0
49.4643,170.78
49.47502,0.0
49.48573,170.84
49.49645,0.0
49.50716,170.72
49.51787,0.0
49.52859,170.74
49.5393,0.0
49.55002,170.72
49.56073,0.0
49.57145,170.82
49.58216,0.0
49.59287,170.92
49.60359,0.0
49.6143,170.88
49.62502,0.0
49.63573,170.64
49.64645,0.0
49.65716,170.88
49.66788,0.0
49.67859,170.92
49.6893,0.0
49.70002,170.98
49.71073,0.0
49.72145,170.94
49.73216,0.0
49.74288,170.92
49.75359,0.0
49.7643,171.0
49.77502,0.0
49.78573,171.1
49.79645,0.0
49.80716,170.84
49.81788,0.0
49.82859,170.82
49.8393,0.0
49.85002,170.88
49.86073,0.0
49.87145,170.88
49.88216,0.0
49.89288,170.74
49.90359,0.0
49.9143,170.94
49.92502,0.0
49.93573,170.94
49.94645,0.0
49.95716,170.92
49.96788,0.0
49.97859,170.76
49.9893,0.0
50.00002,170.84
50.01073,0.0
50.02145,170.9
50.03216,0.0
50.04288,170.86
50.05359,0.0
50.0643,170.9
50.07502,0.0
50.08573,171.02
50.09645,0.0
50.10716,171.02
50.11788,0.0
50.12859,171.12
50.1393,0.0
50.15002,170.7
50.16073,0.0
50.17145,170.74
50.18216,0.0
50.19288,170.74
50.20359,0.0
50.2143,170.8
50.22502,0.0
50.23573,170.72
50.24645,0.0
50.25716,170.7
50.26788,0.0
50.27859,171.04
50.2893,0.0
50.30002,171.08
50.31073,0.0
50.32145,171.24
50.33216,0.0
50.34288,171.06
50.35359,0.0
50.3643,170.96
50.37502,0.0
50.38573,171.0
50.39645,0.0
50.40716,171.16
50.41788,0.0
50.42859,171.22
50.4393,0.0
50.45002,171.3
50.46073,0.0
50.47145,171.34
50.48216,0.0
50.49288,171.28
50.50359,0.0
50.5143,171.42
50.52502,0.0
50.53573,171.54
50.54645,0.0
50.55716,171.24
50.56788,0.0
50.57859,171.59
50.5893,0.0
50.60002,171.64
50.61073,0.0
50.62145,171.9
50.63216,0.0
50.64288,172.38
50.65359,0.0
50.6643,172.76
50.67502,0.0
50.68573,172.96
50.69645,327.68
50.70716,173.28
50.71788,0.0
50.72859,173.76
50.7393,0.0
50.75002,174.15
50.76073,491.52
50.77145,174.44
50.78216,0.0
50.79288,174.64
50.80359,327.68
50.8143,174.61
50.82502,491.52
50.83573,174.49
50.84645,491.52
50.85716,174.39
50.86788,163.84
50.87859,174.21
50.8893,0.0
50.90002,174.08
50.91073,0.0
50.92145,173.87
50.93216,0.0
50.94288,173.82
50.95359,327.68
50.9643,173.77
50.97502,0.0
50.98573,173.58
50.99645,0.0
51.00716,173.58
51.01788,0.0
51.02859,173.38
51.0393,0.0
51.05002,172.96
51.06073,0.0
51.07145,172.67
51.08216,0.0
51.09288,172.32
51.10359,0.0
51.1143,171.96
51.12502,0.0
51.13573,171.89
51.14645,0.0
51.15716,171.68
51.16788,0.0
51.17859,171.32
51.1893,0.0
51.20002,171.1
51.21073,0.0
51.22145,171.16
51.23216,0.0
51.24288,171.26
51.25359,0.0
51.2643,171.36
51.27502,0.0
51.28573,171.3
51.29645,0.0
51.30716,171.4
51.31788,0.0
51.32859,171.12
51.3393,0.0
51.35002,170.92
51.36073,0.0
51.37145,171.18
51.38216,0.0
51.39288,171.08
51.40359,0.0
51.4143,171.16
51.42502,0.0
51.43573,171.22
51.44645,0.0
51.45716,171.02
51.46788,0.0
51.47859,171.08
51.4893,0.0
51.50002,171.12
51.51073,0.0
51.52145,171.04
51.53216,0.0
51.54288,171.22
51.55359,0.0
51.5643,171.16
51.57502,0.0
51.58573,170.94
51.59645,0.0
51.60716,171.08
51.61788,0.0
51.62859,170.88
51.6393,0.0
51.65002,171.2
51.66073,0.0
51.67145,171.4
51.68216,0.0
51.69288,171.56
51.70359,0.0
51.7143,171.36
51.72502,0.0
51.73573,171.46
51.74645,0.0
51.75716,171.66
51.76788,0.0
51.77859,171.73
51.7893,0.0
51.80002,171.74
51.81073,0.0
51.82145,171.74
51.83216,0.0
51.84288,171.66
51.85359,0.0
51.8643,171.62
51.87502,0.0
51.88573,171.86
51.89645,0.0
51.90716,171.96
51.91788,0.0
51.92859,172.08
51.9393,0.0
51.95002,171.94
51.96073,0.0
51.97145,172.22
51.98216,0.0
51.99288,172.24
52.00359,0.0
52.0143,172.23
52.02502,0.0
52.03573,172.46
52.04645,0.0
52.05716,172.68
52.06788,0.0
52.07859,172.6
52.0893,0.0
52.10002,172.5
52.11073,0.0
52.12145,172.52
52.13216,0.0
52.14288,172.27
52.15359,0.0
52.1643,172.19
52.17502,0.0
52.18573,172.12
52.19645,0.0
52.20716,172.02
52.21788,0.0
52.22859,171.95
52.2393,0.0
52.25002,171.82
52.26073,0.0
52.27145,171.77
52.28216,0.0
52.29288,171.78
52.30359,0.0
52.3143,171.69
52.32502,0.0
52.33573,171.68
52.34645,0.0
52.35716,171.61
52.36788,0.0
52.37859,171.18
52.3893,0.0
52.40002,171.14
52.41073,0.0
52.42145,171.28
52.43216,0.0
52.44288,171.12
52.45359,0.0
52.4643,171.06
52.47502,0.0
52.48573,171.0
52.49645,0.0
52.50716,171.38
52.51788,0.0
52.52859,170.94
52.5393,0.0
52.55002,170.84
52.56073,0.0
52.57145,171.1
52.58216,0.0
52.59288,171.36
52.60359,0.0
52.6143,170.96
52.62502,0.0
52.63573,170.9
52.64645,0.0
52.65716,170.92
52.66788,0.0
52.67859,170.8
52.6893,0.0
52.70002,170.78
52.71073,0.0
52.72145,170.96
52.73216,0.0
52.74288,170.88
52.75359,0.0
52.7643,170.74
52.77502,0.0
52.78573,170.9
52.79645,0.0
52.80716,170.82
52.81788,0.0
52.82859,170.9
52.8393,0.0
52.85002,170.9
52.86073,0.0
52.87145,170.84
52.88216,0.0
52.89288,170.98
52.90359,0.0
52.9143,170.74
52.92502,0.0
52.93573,171.02
52.94645,0.0
52.95716,170.96
52.96788,0.0
52.97859,171.12
52.9893,0.0
53.00002,171.26
53.01073,0.0
53.02145,171.28
53.03216,0.0
53.04288,171.0
53.05359,0.0
53.0643,170.8
53.07502,0.0
53.08573,170.94
53.09645,0.0
53.10716,170.82
53.11788,0.0
53.12859,170.86
53.1393,0.0
53.15002,170.96
53.16073,0.0
53.17145,171.1
53.18216,0.0
53.19288,171.12
53.20359,0.0
53.2143,171.2
53.22502,0.0
53.23573,171.22
53.24645,0.0
53.25716,171.26
53.26788,0.0
53.27859,171.08
53.28931,0.0
53.30002,170.96
53.31073,0.0
53.32145,171.16
53.33216,0.0
53.34288,171.26
53.35359,0.0
53.36431,171.36
53.37502,0.0
53.38573,171.06
53.39645,0.0
53.40716,171.06
53.41788,0.0
53.42859,171.18
53.43931,0.0
53.45002,171.04
53.46073,0.0
53.47145,171.16
53.48216,0.0
53.49288,171.0
53.50359,0.0
53.51431,171.06
53.52502,0.0
53.53573,171.16
53.54645,0.0
53.55716,171.04
53.56788,0.0
53.57859,171.0
53.58931,0.0
53.60002,171.02
53.61073,0.0
53.62145,171.28
53.63216,0.0
53.64288,171.28
53.65359,0.0
53.66431,171.08
53.67502,0.0
53.68573,171.3
53.69645,0.0
53.70716,171.28
53.71788,0.0
53.72859,171.44
53.73931,0.0
53.75002,171.4
53.76073,0.0
53.77145,171.46
53.78216,0.0
53.79288,171.26
53.80359,0.0
53.81431,171.3
53.82502,0.0
53.83573,171.32
53.84645,0.0
53.85716,171.36
53.86788,0.0
53.87859,171.56
53.88931,0.0
53.90002,171.5
53.91073,0.0
53.92145,171.52
53.93216,0.0
53.94288,171.52
53.95359,0.0
53.96431,171.46
53.97502,0.0
53.98573,171.3
53.99645,0.0
54.00716,171.48
54.01788,0.0
54.02859,171.58
54.03931,0.0
54.05002,171.68
54.06073,0.0
54.07145,171.76
54.08216,0.0
54.09288,171.82
54.10359,0.0
54.11431,171.81
54.12502,0.0
54.13573,171.77
54.14645,0.0
54.15716,171.88
54.16788,0.0
54.17859,171.86
54.18931,0.0
54.20002,171.99
54.21073,0.0
54.22145,172.13
54.23216,0.0
54.24288,172.16
54.25359,0.0
54.26431,172.22
54.27502,0.0
54.28573,172.43
54.29645,0.0
54.30716,172.51
54.31788,0.0
54.32859,172.49
54.33931,0.0
54.35002,172.77
54.36073,327.68
54.37145,172.92
54.38216,0.0
54.39288,173.03
54.40359,0.0
54.41431,173.11
54.42502,0.0
54.43573,173.24
54.44645,0.0
54.45716,173.49
54.46788,327.68
54.47859,173.85
54.48931,0.0
54.50002,174.07
54.51073,163.84
54.52145,174.31
54.53216,0.0
54.54288,174.62
54.55359,491.52
54.56431,174.9
54.57502,327.68
54.58573,175.28
54.59645,409.6
54.60716,175.48
54.61788,81.92
54.62859,175.58
54.63931,0.0
54.65002,175.85
54.66073,0.0
54.67145,175.91
54.68216,163.84
54.69288,175.95
54.70359,245.76
54.71431,175.93
54.72502,409.6
54.73573,175.78
54.74645,81.92
54.75716,175.78
54.76788,327.68
54.77859,175.73
54.78931,573.44
54.80002,175.59
54.81073,409.6
54.82145,175.55
54.83216,163.84
54.84288,175.53
54.85359,327.68
54.86431,175.38
54.87502,163.84
54.88573,175.02
54.89645,327.68
54.90716,174.93
54.91788,327.68
54.92859,174.74
54.93931,0.0
54.95002,174.48
54.96073,491.52
54.97145,174.23
54.98216,0.0
54.99288,174.12
55.00359,327.68
55.01431,173.71
55.02502,0.0
55.03573,173.33
55.04645,327.68
55.05716,173.14
55.06788,327.68
55.07859,172.93
55.08931,0.0
55.10002,172.68
55.11073,0.0
55.12145,172.67
55.13216,0.0
55.14288,172.55
55.15359,0.0
55.16431,172.25
55.17502,0.0
55.18573,172.2
55.19645,0.0
55.20716,172.14
55.21788,0.0
55.22859,171.95
55.23931,0.0
55.25002,171.71
55.26073,0.0
55.27145,171.71
55.28216,0.0
55.29288,171.7
55.30359,0.0
55.31431,171.54
55.32502,0.0
55.33573,171.58
55.34645,0.0
55.35716,171.58
55.36788,0.0
55.37859,171.48
55.38931,0.0
55.40002,171.4
55.41073,0.0
55.42145,171.34
55.43216,0.0
55.44288,171.59
55.45359,0.0
55.46431,171.59
55.47502,0.0
55.48573,171.4
55.49645,0.0
55.50716,171.38
55.51788,0.0
55.52859,171.48
55.53931,0.0
55.55002,171.18
55.56073,0.0
55.57145,171.26
55.58216,0.0
55.59288,171.3
55.60359,0.0
55.61431,171.14
55.62502,0.0
55.63573,171.16
55.64645,0.0
55.65716,171.1
55.66788,0.0
55.67859,171.04
55.68931,0.0
55.70002,170.94
55.71073,0.0
55.72145,170.86
55.73216,0.0
55.74288,171.1
55.75359,0.0
55.76431,171.0
55.77502,0.0
55.78573,171.06
55.79645,0.0
55.80716,170.94
55.81788,0.0
55.82859,171.04
55.83931,0.0
55.85002,171.14
55.86073,0.0
55.87145,171.04
55.88216,0.0
55.89288,170.86
55.90359,0.0
55.91431,170.92
55.92502,0.0
55.93573,170.9
55.94645,0.0
55.95716,170.72
55.96788,0.0
55.97859,170.6
55.98931,0.0
56.00002,170.72
56.01073,0.0
56.02145,170.8
56.03216,0.0
56.04288,170.96
56.05359,0.0
56.06431,170.68
56.07502,0.0
56.08573,170.76
56.09645,0.0
56.10716,170.52
56.11788,0.0
56.12859,170.7
56.13931,0.0
56.15002,170.92
56.16073,0.0
56.17145,170.68
56.18216,0.0
56.19288,170.78
56.20359,0.0
56.21431,171.04
56.22502,0.0
56.23573,170.94
56.24645,0.0
56.25716,170.92
56.26788,0.0
56.27859,170.92
56.28931,0.0
56.30002,170.78
56.31073,0.0
56.32145,170.46
56.33216,0.0
56.34288,170.52
56.35359,0.0
56.36431,170.88
56.37502,0.0
56.38573,170.94
56.39645,0.0
56.40716,170.64
56.41788,0.0
56.42859,170.82
56.43931,0.0
56.45002,170.74
56.46073,0.0
56.47145,170.86
56.48216,0.0
56.49288,170.86
56.50359,0.0
56.51431,170.6
56.52502,0.0
56.53573,170.62
56.54645,0.0
56.55716,170.54
56.56788,0.0
56.57859,170.62
56.58931,0.0
56.60002,170.76
56.61073,0.0
56.62145,170.82
56.63216,0.0
56.64288,170.7
56.65359,0.0
56.66431,170.6
56.67502,0.0
56.68573,170.54
56.69645,0.0
56.70716,170.76
56.71788,0.0
56.72859,170.68
56.73931,0.0
56.75002,170.6
56.76073,0.0
56.77145,170.82
56.78216,0.0
56.79288,170.7
56.80359,0.0
56.81431,170.68
56.82502,0.0
56.83574,170.92
56.84645,0.0
56.85716,170.86
56.86788,0.0
56.87859,170.68
56.88931,0.0
56.90002,170.72
56.91074,0.0
56.92145,170.84
56.93216,0.0
56.94288,170.7
56.95359,0.0
56.96431,170.62
56.97502,0.0
56.98574,170.82
56.99645,0.0
57.00716,170.88
57.01788,0.0
57.02859,170.76
57.03931,0.0
57.05002,170.78
57.06074,0.0
57.07145,170.82
57.08216,0.0
57.09288,170.58
57.10359,0.0
57.11431,170.54
57.12502,0.0
57.13574,170.72
57.14645,0.0
57.15716,170.98
57.16788,0.0
57.17859,171.02
57.18931,0.0
57.20002,171.08
57.21074,0.0
57.22145,170.96
57.23216,0.0
57.24288,170.6
57.25359,0.0
57.26431,170.46
57.27502,0.0
57.28574,170.7
57.29645,0.0
57.30716,171.0
57.31788,0.0
57.32859,170.94
57.33931,0.0
57.35002,170.78
57.36074,0.0
57.37145,170.82
57.38216,0.0
57.39288,170.72
57.40359,0.0
57.41431,170.76
57.42502,0.0
57.43574,170.76
57.44645,0.0
57.45716,170.78
57.46788,0.0
57.47859,170.66
57.48931,0.0
57.50002,170.54
57.51074,0.0
57.52145,170.82
57.53216,0.0
57.54288,170.66
57.55359,0.0
57.56431,170.8
57.57502,0.0
57.58574,170.78
57.59645,0.0
57.60716,171.02
57.61788,0.0
57.62859,171.08
57.63931,0.0
57.65002,170.88
57.66074,0.0
57.67145,170.64
57.68216,0.0
57.69288,170.86
57.70359,0.0
57.71431,170.8
57.72502,0.0
57.73574,170.9
57.74645,0.0
57.75716,170.64
57.76788,0.0
57.77859,170.66
57.78931,0.0
57.80002,170.86
57.81074,0.0
57.82145,170.68
57.83216,0.0
57.84288,170.78
57.85359,0.0
57.86431,170.82
57.87502,0.0
57.88574,170.94
57.89645,0.0
57.90716,170.9
57.91788,0.0
57.92859,170.6
57.93931,0.0
57.95002,171.0
57.96074,0.0
57.97145,171.02
57.98216,0.0
57.99288,170.88
58.00359,0.0
58.01431,171.06
58.02502,0.0
58.03574,170.92
58.04645,0.0
58.05716,170.86
58.06788,0.0
58.07859,170.8
58.08931,0.0
58.10002,170.8
58.11074,0.0
58.12145,171.1
58.13216,0.0
58.14288,171.06
58.15359,0.0
58.16431,170.82
58.17502,0.0
58.18574,170.84
58.19645,0.0
58.20716,170.8
58.21788,0.0
58.22859,170.82
58.23931,0.0
58.25002,170.9
58.26074,0.0
58.27145,171.04
58.28216,0.0
58.29288,170.9
58.30359,0.0
58.31431,170.64
58.32502,0.0
58.33574,170.6
58.34645,0.0
58.35716,170.66
58.36788,0.0
58.37859,170.82
58.38931,0.0
58.40002,170.88
58.41074,0.0
58.42145,171.08
58.43216,0.0
58.44288,170.94
58.45359,0.0
58.46431,170.72
58.47502,0.0
58.48574,170.82
58.49645,0.0
58.50716,170.74
58.51788,0.0
58.52859,170.7
58.53931,0.0
58.55002,170.62
58.56074,0.0
58.57145,170.5
58.58216,0.0
58.59288,170.76
58.60359,0.0
58.61431,170.98
58.62502,0.0
58.63574,170.7
58.64645,0.0
58.65716,170.66
58.66788,0.0
58.67859,170.98
58.68931,0.0
58.70002,171.02
58.71074,0.0
58.72145,170.92
58.73216,0.0
58.74288,170.92
58.75359,0.0
58.76431,171.2
58.77502,0.0
58.78574,171.18
58.79645,0.0
58.80716,171.04
58.81788,0.0
58.82859,170.74
58.83931,0.0
58.85002,171.1
58.86074,0.0
58.87145,171.06
58.88216,0.0
58.89288,171.24
58.90359,0.0
58.91431,171.5
58.92502,0.0
58.93574,171.32
58.94645,0.0
58.95716,171.24
58.96788,0.0
58.97859,171.38
58.98931,0.0
59.00002,171.14
59.01074,0.0
59.02145,171.0
59.03216,0.0
59.04288,171.26
59.05359,0.0
59.06431,171.08
59.07502,0.0
59.08574,170.82
59.09645,0.0
59.10716,170.82
59.11788,0.0
59.12859,171.24
59.13931,0.0
59.15002,171.08
59.16074,0.0
59.17145,171.2
59.18216,0.0
59.19288,171.38
59.20359,0.0
59.21431,171.36
59.22502,0.0
59.23574,171.36
59.24645,0.0
59.25716,171.48
59.26788,0.0
59.27859,171.52
59.28931,0.0
59.30002,171.34
59.31074,0.0
59.32145,171.06
59.33216,0.0
59.34288,171.36
59.35359,0.0
59.36431,171.55
59.37502,0.0
59.38574,171.55
59.39645,0.0
59.40716,171.6
59.41788,0.0
59.42859,171.53
59.43931,0.0
59.45002,171.66
59.46074,0.0
59.47145,171.6
59.48216,0.0
59.49288,171.55
59.50359,0.0
59.51431,171.73
59.52502,0.0
59.53574,171.87
59.54645,0.0
59.55716,171.83
59.56788,0.0
59.57859,171.79
59.58931,0.0
59.60002,171.79
59.61074,0.0
59.62145,171.98
59.63216,0.0
59.64288,172.11
59.65359,0.0
59.66431,172.08
59.67502,0.0
59.68574,172.32
59.69645,0.0
59.70716,172.38
59.71788,0.0
59.72859,172.59
59.73931,0.0
59.75002,172.88
59.76074,0.0
59.77145,173.06
59.78216,327.68
59.79288,173.21
59.80359,0.0
59.81431,173.41
59.82502,327.68
59.83574,173.79
59.84645,491.52
59.85716,174.12
59.86788,0.0
59.87859,174.34
59.88931,491.52
59.90002,174.56
59.91074,491.52
59.92145,174.85
59.93216,491.52
59.94288,175.11
59.95359,81.92
59.96431,175.36
59.97502,163.84
59.98574,175.37
59.99645,0.0
60.00716,175.25
60.01788,327.68
60.02859,175.25
60.03931,327.68
60.05002,175.11
60.06074,491.52
60.07145,174.85
60.08216,0.0
60.09288,174.87
60.10359,0.0
60.11431,174.83
60.12502,0.0
60.13574,174.81
60.14645,491.52
60.15716,174.72
60.16788,0.0
60.17859,174.51
60.18931,491.52
60.20002,174.39
60.21074,0.0
60.22145,174.29
60.23216,0.0
60.24288,174.23
60.25359,0.0
60.26431,174.08
60.27502,327.68
60.28574,173.63
60.29645,0.0
60.30716,173.3
60.31788,0.0
60.32859,173.16
60.33931,327.68
60.35002,172.95
60.36074,0.0
60.37145,172.81
60.38217,0.0
60.39288,172.78
60.40359,0.0
60.41431,172.65
60.42502,0.0
60.43574,172.34
60.44645,0.0
60.45717,172.24
60.46788,0.0
60.47859,172.05
60.48931,0.0
60.50002,171.89
60.51074,0.0
60.52145,171.94
60.53217,0.0
60.54288,171.78
60.55359,0.0
60.56431,171.87
60.57502,0.0
60.58574,171.85
60.59645,0.0
60.60717,171.69
60.61788,0.0
60.62859,171.55
60.63931,0.0
60.65002,171.73
60.66074,0.0
60.67145,171.61
60.68217,0.0
60.69288,171.52
60.70359,0.0
60.71431,171.66
60.72502,0.0
60.73574,171.66
60.74645,0.0
60.75717,171.32
60.76788,0.0
60.77859,171.44
60.78931,0.0
60.80002,171.34
60.81074,0.0
60.82145,171.44
60.83217,0.0
60.84288,171.53
60.85359,0.0
60.86431,171.22
60.87502,0.0
60.88574,171.08
60.89645,0.0
60.90717,171.46
60.91788,0.0
60.92859,171.1
60.93931,0.0
60.95002,171.12
60.96074,0.0
60.97145,171.08
60.98217,0.0
60.99288,171.3
61.00359,0.0
61.01431,171.22
61.02502,0.0
61.03574,171.5
61.04645,0.0
61.05717,171.18
61.06788,0.0
61.07859,171.22
61.08931,0.0
61.10002,171.16
61.11074,0.0
61.12145,171.26
61.13217,0.0
61.14288,171.38
61.15359,0.0
61.16431,171.28
61.17502,0.0
61.18574,171.28
61.19645,0.0
61.20717,171.53
61.21788,0.0
61.22859,171.71
61.23931,0.0
61.25002,171.75
61.26074,0.0
61.27145,171.75
61.28217,0.0
61.29288,171.85
61.30359,0.0
61.31431,172.31
61.32502,0.0
61.33574,172.58
61.34645,0.0
61.35717,172.66
61.36788,0.0
61.37859,172.68
61.38931,0.0
61.40002,172.71
61.41074,0.0
61.42145,172.5
61.43217,0.0
61.44288,172.46
61.45359,0.0
61.46431,172.31
61.47502,0.0
61.48574,172.08
61.49645,0.0
61.50717,172.13
61.51788,0.0
61.52859,171.93
61.53931,0.0
61.55002,171.92
61.56074,0.0
61.57145,172.21
61.58217,0.0
61.59288,171.93
61.60359,0.0
61.61431,171.84
61.62502,0.0
61.63574,171.83
61.64645,0.0
61.65717,171.69
61.66788,0.0
61.67859,171.55
61.68931,0.0
61.70002,171.42
61.71074,0.0
61.72145,171.46
61.73217,0.0
61.74288,171.3
61.75359,0.0
61.76431,171.06
61.77502,0.0
61.78574,171.24
61.79645,0.0
61.80717,171.52
61.81788,0.0
61.82859,171.44
61.83931,0.0
61.85002,171.63
61.86074,0.0
61.87145,171.76
61.88217,0.0
61.89288,171.75
61.90359,0.0
61.91431,171.63
61.92502,0.0
61.93574,171.56
61.94645,0.0
61.95717,171.3
61.96788,0.0
61.97859,171.18
61.98931,0.0
62.00002,171.1
62.01074,0.0
62.02145,171.34
62.03217,0.0
62.04288,171.3
62.05359,0.0
62.06431,171.18
62.07502,0.0
62.08574,171.4
62.09645,0.0
62.10717,171.1
62.11788,0.0
62.12859,171.28
62.13931,0.0
62.15002,171.3
62.16074,0.0
62.17145,170.9
62.18217,0.0
62.19288,170.84
62.20359,0.0
62.21431,171.1
62.22502,0.0
62.23574,170.94
62.24645,0.0
62.25717,170.86
62.26788,0.0
62.27859,170.66
62.28931,0.0
62.30002,170.74
62.31074,0.0
62.32145,170.7
62.33217,0.0
62.34288,170.68
62.35359,0.0
62.36431,170.72
62.37502,0.0
62.38574,170.64
62.39645,0.0
62.40717,170.54
62.41788,0.0
62.42859,170.8
62.43931,0.0
62.45002,170.76
62.46074,0.0
62.47145,170.64
62.48217,0.0
62.49288,170.4
62.50359,0.0
62.51431,170.7
62.52502,0.0
62.53574,170.8
62.54645,0.0
62.55717,170.76
62.56788,0.0
62.57859,170.74
62.58931,0.0
62.60002,170.76
62.61074,0.0
62.62145,170.52
62.63217,0.0
62.64288,170.56
62.65359,0.0
62.66431,170.52
62.67502,0.0
62.68574,170.74
62.69645,0.0
62.70717,170.82
62.71788,0.0
62.72859,170.74
62.73931,0.0
62.75002,170.56
62.76074,0.0
62.77145,170.5
62.78217,0.0
62.79288,170.82
62.80359,0.0
62.81431,170.66
62.82502,0.0
62.83574,170.64
62.84645,0.0
62.85717,170.64
62.86788,0.0
62.87859,170.72
62.88931,0.0
62.90002,170.68
62.91074,0.0
62.92145,171.0
62.93217,0.0
62.94288,170.52
62.95359,0.0
62.96431,170.24
62.97502,0.0
62.98574,170.3
62.99645,0.0
63.00717,170.62
63.01788,0.0
63.02859,170.54
63.03931,0.0
63.05002,170.82
63.06074,0.0
63.07145,170.76
63.08217,0.0
63.09288,170.72
63.10359,0.0
63.11431,170.78
63.12502,0.0
63.13574,170.88
63.14645,0.0
63.15717,170.78
63.16788,0.0
63.17859,170.54
63.18931,0.0
63.20002,170.76
63.21074,0.0
63.22145,170.64
63.23217,0.0
63.24288,170.54
63.25359,0.0
63.26431,170.5
63.27502,0.0
63.28574,170.56
63.29645,0.0
63.30717,170.5
63.31788,0.0
63.32859,170.58
63.33931,0.0
63.35002,170.78
63.36074,0.0
63.37145,170.92
63.38217,0.0
63.39288,170.92
63.40359,0.0
63.41431,170.52
63.42502,0.0
63.43574,170.7
63.44645,0.0
63.45717,170.6
63.46788,0.0
63.47859,170.68
63.48931,0.0
63.50002,170.42
63.51074,0.0
63.52145,170.56
63.53217,0.0
63.54288,170.66
63.55359,0.0
63.56431,170.52
63.57502,0.0
63.58574,170.46
63.59645,0.0
63.60717,170.68
63.61788,0.0
63.62859,170.66
63.63931,0.0
63.65002,170.78
63.66074,0.0
63.67145,170.66
63.68217,0.0
63.69288,170.5
63.70359,0.0
63.71431,170.72
63.72502,0.0
63.73574,170.88
63.74645,0.0
63.75717,170.68
63.76788,0.0
63.77859,170.74
63.78931,0.0
63.80002,170.68
63.81074,0.0
63.82145,170.64
63.83217,0.0
63.84288,170.42
63.85359,0.0
63.86431,170.38
63.87502,0.0
63.88574,170.74
63.89645,0.0
63.90717,170.74
63.91788,0.0
63.92859,170.4
63.93931,0.0
63.95002,170.68
63.96074,0.0
63.97145,170.66
63.98217,0.0
63.99288,170.8
64.0036,0.0
64.01431,170.66
64.02502,0.0
64.03574,170.64
64.04645,0.0
64.05717,170.56
64.06788,0.0
64.0786,170.34
64.08931,0.0
64.10002,170.26
64.11074,0.0
64.12145,170.48
64.13217,0.0
64.14288,170.8
64.1536,0.0
64.16431,170.96
64.17502,0.0
64.18574,170.8
64.19645,0.0
64.20717,170.46
64.21788,0.0
64.2286,170.42
64.23931,0.0
64.25002,170.74
64.26074,0.0
64.27145,170.68
64.28217,0.0
64.29288,170.56
64.3036,0.0
64.31431,170.54
64.32502,0.0
64.33574,170.58
64.34645,0.0
64.35717,170.48
64.36788,0.0
64.3786,170.56
64.38931,0.0
64.40002,170.38
64.41074,0.0
64.42145,170.6
64.43217,0.0
64.44288,170.72
64.4536,0.0
64.46431,170.7
64.47502,0.0
64.48574,170.62
64.49645,0.0
64.50717,170.72
64.51788,0.0
64.5286,170.5
64.53931,0.0
64.55002,170.52
64.56074,0.0
64.57145,170.6
64.58217,0.0
64.59288,170.48
64.6036,0.0
64.61431,170.3
64.62502,0.0
64.63574,170.4
64.64645,0.0
64.65717,170.68
64.66788,0.0
64.6786,170.44
64.68931,0.0
64.70002,170.5
64.71074,0.0
64.72145,170.7
64.73217,0.0
64.74288,170.76
64.7536,0.0
64.76431,170.76
64.77502,0.0
64.78574,170.62
64.79645,0.0
64.80717,170.4
64.81788,0.0
64.8286,170.42
64.83931,0.0
64.85002,170.6
64.86074,0.0
64.87145,170.64
64.88217,0.0
64.89288,170.58
64.9036,0.0
64.91431,170.52
64.92502,0.0
64.93574,170.7
64.94645,0.0
64.95717,170.46
64.96788,0.0
64.9786,170.46
64.98931,0.0
65.00002,170.62
65.01074,0.0
65.02145,170.58
65.03217,0.0
65.04288,170.64
65.0536,0.0
65.06431,170.74
65.07502,0.0
65.08574,170.5
65.09645,0.0
65.10717,170.42
65.11788,0.0
65.1286,170.4
65.13931,0.0
65.15002,170.5
65.16074,0.0
65.17145,170.5
65.18217,0.0
65.19288,170.2
65.2036,0.0
65.21431,170.32
65.22502,0.0
65.23574,170.72
65.24645,0.0
65.25717,170.82
65.26788,0.0
65.2786,170.78
65.28931,0.0
65.30002,170.52
65.31074,0.0
65.32145,170.56
65.33217,0.0
65.34288,170.48
65.3536,0.0
65.36431,170.62
65.37502,0.0
65.38574,170.56
65.39645,0.0
65.40717,170.4
65.41788,0.0
65.4286,170.58
65.43931,0.0
65.45002,170.74
65.46074,0.0
65.47145,170.62
65.48217,0.0
65.49288,170.72
65.5036,0.0
65.51431,170.72
65.52502,0.0
65.53574,171.0
65.54645,0.0
65.55717,170.68
65.56788,0.0
65.5786,170.58
65.58931,0.0
65.60002,170.96
65.61074,0.0
65.62145,170.66
65.63217,0.0
65.64288,170.68
65.6536,0.0
65.66431,170.58
65.67502,0.0
65.68574,170.62
65.69645,0.0
65.70717,170.74
65.71788,0.0
65.7286,170.6
65.73931,0.0
65.75002,170.86
65.76074,0.0
65.77145,170.94
65.78217,0.0
65.79288,170.9
65.8036,0.0
65.81431,170.72
65.82502,0.0
65.83574,170.54
65.84645,0.0
65.85717,170.6
65.86788,0.0
65.8786,170.7
65.88931,0.0
65.90002,170.78
65.91074,0.0
65.92145,170.86
65.93217,0.0
65.94288,170.82
65.9536,0.0
65.96431,170.64
65.97502,0.0
65.98574,170.68
65.99645,0.0
66.00717,170.76
66.01788,0.0
66.0286,170.9
66.03931,0.0
66.05002,171.14
66.06074,0.0
66.07145,171.08
66.08217,0.0
66.09288,171.22
66.1036,0.0
66.11431,171.08
66.12502,0.0
66.13574,171.06
66.14645,0.0
66.15717,170.86
66.16788,0.0
66.1786,171.04
66.18931,0.0
66.20002,171.56
66.21074,0.0
66.22145,171.52
66.23217,0.0
66.24288,171.68
66.2536,0.0
66.26431,172.12
66.27502,0.0
66.28574,172.46
66.29645,0.0
66.30717,172.59
66.31788,327.68
66.3286,173.0
66.33931,327.68
66.35002,173.33
66.36074,0.0
66.37145,173.66
66.38217,0.0
66.39288,173.99
66.4036,0.0
66.41431,174.07
66.42502,327.68
66.43574,173.84
66.44645,327.68
66.45717,173.56
66.46788,327.68
66.4786,173.5
66.48931,327.68
66.50002,173.08
66.51074,0.0
66.52145,173.14
66.53217,327.68
66.54288,173.0
66.5536,327.68
66.56431,172.97
66.57502,327.68
66.58574,173.1
66.59645,0.0
66.60717,173.12
66.61788,0.0
66.6286,173.19
66.63931,0.0
66.65002,173.0
66.66074,327.68
66.67145,172.84
66.68217,0.0
66.69288,172.61
66.7036,0.0
66.71431,172.16
66.72502,0.0
66.73574,171.89
66.74645,0.0
66.75717,171.59
66.76788,0.0
66.7786,171.46
66.78931,0.0
66.80002,171.22
66.81074,0.0
66.82145,171.08
66.83217,0.0
66.84288,170.76
66.8536,0.0
66.86431,170.62
66.87502,0.0
66.88574,170.74
66.89645,0.0
66.90717,170.84
66.91788,0.0
66.9286,170.86
66.93931,0.0
66.95002,170.5
66.96074,0.0
66.97145,170.7
66.98217,0.0
66.99288,170.46
67.0036,0.0
67.01431,170.8
67.02502,0.0
67.03574,170.96
67.04645,0.0
67.05717,170.74
67.06788,0.0
67.0786,170.72
67.08931,0.0
67.10002,170.62
67.11074,0.0
67.12145,170.78
67.13217,0.0
67.14288,170.92
67.1536,0.0
67.16431,170.82
67.17502,0.0
67.18574,170.48
67.19645,0.0
67.20717,170.6
67.21788,0.0
67.2286,170.66
67.23931,0.0
67.25002,170.58
67.26074,0.0
67.27145,170.56
67.28217,0.0
67.29288,170.52
67.3036,0.0
67.31431,170.48
67.32502,0.0
67.33574,170.6
67.34645,0.0
67.35717,170.72
67.36788,0.0
67.3786,170.62
67.38931,0.0
67.40002,170.26
67.41074,0.0
67.42145,170.66
67.43217,0.0
67.44288,170.8
67.4536,0.0
67.46431,170.62
67.47502,0.0
67.48574,170.5
67.49645,0.0
67.50717,170.52
67.51788,0.0
67.5286,170.46
67.53931,0.0
67.55003,170.76
67.56074,0.0
67.57145,170.74
67.58217,0.0
67.59288,170.5
67.6036,0.0
67.61431,170.7
67.62503,0.0
67.63574,170.76
67.64645,0.0
67.65717,170.66
67.66788,0.0
67.6786,170.84
67.68931,0.0
67.70003,170.86
67.71074,0.0
67.72145,170.82
67.73217,0.0
67.74288,170.82
67.7536,0.0
67.76431,170.9
67.77503,0.0
67.78574,171.04
67.79645,0.0
67.80717,170.76
67.81788,0.0
67.8286,171.12
67.83931,0.0
67.85003,171.24
67.86074,0.0
67.87145,171.3
67.88217,0.0
67.89288,171.24
67.9036,0.0
67.91431,171.0
67.92503,0.0
67.93574,171.1
67.94645,0.0
67.95717,171.22
67.96788,0.0
67.9786,171.22
67.98931,0.0
68.00003,170.96
68.01074,0.0
68.02145,171.28
68.03217,0.0
68.04288,171.14
68.0536,0.0
68.06431,171.04
68.07503,0.0
68.08574,171.28
68.09645,0.0
68.10717,171.34
68.11788,0.0
68.1286,171.42
68.13931,0.0
68.15003,171.36
68.16074,0.0
68.17145,171.2
68.18217,0.0
68.19288,171.2
68.2036,0.0
68.21431,171.46
68.22503,0.0
68.23574,171.44
68.24645,0.0
68.25717,170.98
68.26788,0.0
68.2786,170.9
68.28931,0.0
68.30003,171.06
68.31074,0.0
68.32145,170.82
68.33217,0.0
68.34288,170.9
68.3536,0.0
68.36431,170.84
68.37503,0.0
68.38574,170.98
68.39645,0.0
68.40717,170.98
68.41788,0.0
68.4286,170.82
68.43931,0.0
68.45003,170.6
68.46074,0.0
68.47145,170.72
68.48217,0.0
68.49288,170.54
68.5036,0.0
68.51431,170.66
68.52503,0.0
68.53574,170.58
68.54645,0.0
68.55717,170.62
68.56788,0.0
68.5786,170.66
68.58931,0.0
68.60003,170.68
68.61074,0.0
68.62145,170.7
68.63217,0.0
68.64288,170.8
68.6536,0.0
68.66431,170.58
68.67503,0.0
68.68574,170.48
68.69645,0.0
68.70717,170.34
68.71788,0.0
68.7286,170.58
68.73931,0.0
68.75003,170.62
68.76074,0.0
68.77145,170.74
68.78217,0.0
68.79288,170.66
68.8036,0.0
68.81431,170.7
68.82503,0.0
68.83574,170.44
68.84645,0.0
68.85717,170.46
68.86788,0.0
68.8786,170.4
68.88931,0.0
68.90003,170.52
68.91074,0.0
68.92145,170.8
68.93217,0.0
68.94288,170.5
68.9536,0.0
68.96431,170.36
68.97503,0.0
68.98574,170.36
68.99645,0.0
69.00717,170.42
69.01788,0.0
69.0286,170.58
69.03931,0.0
69.05003,170.46
69.06074,0.0
69.07145,170.38
69.08217,0.0
69.09288,170.6
69.1036,0.0
69.11431,170.7
69.12503,0.0
69.13574,170.6
69.14645,0.0
69.15717,170.44
69.16788,0.0
69.1786,170.54
69.18931,0.0
69.20003,170.68
69.21074,0.0
69.22145,170.68
69.23217,0.0
69.24288,170.66
69.2536,0.0
69.26431,170.6
69.27503,0.0
69.28574,170.78
69.29645,0.0
69.30717,170.58
69.31788,0.0
69.3286,170.6
69.33931,0.0
69.35003,170.56
69.36074,0.0
69.37145,170.46
69.38217,0.0
69.39288,170.38
69.4036,0.0
69.41431,170.44
69.42503,0.0
69.43574,170.56
69.44645,0.0
69.45717,170.6
69.46788,0.0
69.4786,170.64
69.48931,0.0
69.50003,170.68
69.51074,0.0
69.52145,170.62
69.53217,0.0
69.54288,170.46
69.5536,0.0
69.56431,170.4
69.57503,0.0
69.58574,170.62
69.59645,0.0
69.60717,170.54
69.61788,0.0
69.6286,170.5
69.63931,0.0
69.65003,170.82
69.66074,0.0
69.67145,170.78
69.68217,0.0
69.69288,170.72
69.7036,0.0
69.71431,170.68
69.72503,0.0
69.73574,170.6
69.74645,0.0
69.75717,170.8
69.76788,0.0
69.7786,170.92
69.78931,0.0
69.80003,170.64
69.81074,0.0
69.82145,170.8
69.83217,0.0
69.84288,170.7
69.8536,0.0
69.86431,171.16
69.87503,0.0
69.88574,171.06
69.89645,0.0
69.90717,170.96
69.91788,0.0
69.9286,170.88
69.93931,0.0
69.95003,170.86
69.96074,0.0
69.97145,171.14
69.98217,0.0
69.99288,171.2
70.0036,0.0
70.01431,171.04
70.02503,0.0
70.03574,171.06
70.04645,0.0
70.05717,170.96
70.06788,0.0
70.0786,170.92
70.08931,0.0
70.10003,170.94
70.11074,0.0
70.12145,170.9
70.13217,0.0
70.14288,170.98
70.1536,0.0
70.16431,170.96
70.17503,0.0
70.18574,170.82
70.19645,0.0
70.20717,170.94
70.21788,0.0
70.2286,171.08
70.23931,0.0
70.25003,170.94
70.26074,0.0
70.27145,170.84
70.28217,0.0
70.29288,170.7
70.3036,0.0
70.31431,170.54
70.32503,0.0
70.33574,170.64
70.34645,0.0
70.35717,170.82
70.36788,0.0
70.3786,170.78
70.38931,0.0
70.40003,170.72
70.41074,0.0
70.42145,170.72
70.43217,0.0
70.44288,170.84
70.4536,0.0
70.46431,170.84
70.47503,0.0
70.48574,170.78
70.49645,0.0
70.50717,170.84
70.51788,0.0
70.5286,170.96
70.53931,0.0
70.55003,170.8
70.56074,0.0
70.57145,170.72
70.58217,0.0
70.59288,170.72
70.6036,0.0
70.61431,170.84
70.62503,0.0
70.63574,170.8
70.64645,0.0
70.65717,171.16
70.66788,0.0
70.6786,171.42
70.68931,0.0
70.70003,171.42
70.71074,0.0
70.72145,170.94
70.73217,0.0
70.74288,171.24
70.7536,0.0
70.76431,171.42
70.77503,0.0
70.78574,171.48
70.79645,0.0
70.80717,171.36
70.81788,0.0
70.8286,171.67
70.83931,0.0
70.85003,171.75
70.86074,0.0
70.87145,171.8
70.88217,0.0
70.89288,172.08
70.9036,0.0
70.91431,172.37
70.92503,0.0
70.93574,172.6
70.94645,0.0
70.95717,172.79
70.96788,327.68
70.9786,173.17
70.98931,327.68
71.00003,173.55
71.01074,327.68
71.02145,173.96
71.03217,491.52
71.04288,174.24
71.0536,491.52
71.06431,174.34
71.07503,163.84
71.08574,174.43
71.09646,327.68
71.10717,174.43
71.11788,163.84
71.1286,174.34
71.13931,491.52
71.15003,174.28
71.16074,491.52
71.17146,174.16
71.18217,0.0
71.19288,174.14
71.2036,491.52
71.21431,174.11
71.22503,491.52
71.23574,174.12
71.24646,491.52
71.25717,174.15
71.26788,0.0
71.2786,174.16
71.28931,0.0
71.30003,174.14
71.31074,327.68
71.32146,174.12
71.33217,0.0
71.34288,173.94
71.3536,0.0
71.36431,173.65
71.37503,0.0
71.38574,173.5
71.39646,0.0
71.40717,173.33
71.41788,327.68
71.4286,173.1
71.43931,0.0
71.45003,173.02
71.46074,327.68
71.47146,172.83
71.48217,0.0
71.49288,172.68
71.5036,0.0
71.51431,172.47
71.52503,0.0
71.53574,172.36
71.54646,0.0
71.55717,172.16
71.56788,0.0
71.5786,172.02
71.58931,0.0
71.60003,171.71
71.61074,0.0
71.62146,171.68
71.63217,0.0
71.64288,171.6
71.6536,0.0
71.66431,171.55
71.67503,0.0
71.68574,171.59
71.69646,0.0
71.70717,171.59
71.71788,0.0
71.7286,171.5
71.73931,0.0
71.75003,171.16
71.76074,0.0
71.77146,171.16
71.78217,0.0
71.79288,171.14
71.8036,0.0
71.81431,171.44
71.82503,0.0
71.83574,171.52
71.84646,0.0
71.85717,171.14
71.86788,0.0
71.8786,170.94
71.88931,0.0
71.90003,171.22
71.91074,0.0
71.92146,171.24
71.93217,0.0
71.94288,171.4
71.9536,0.0
71.96431,170.88
71.97503,0.0
71.98574,171.08
71.99646,0.0
72.00717,171.5
72.01788,0.0
72.0286,171.6
72.03931,0.0
72.05003,171.87
72.06074,0.0
72.07146,171.98
72.08217,0.0
72.09288,172.14
72.1036,0.0
72.11431,172.6
72.12503,0.0
72.13574,172.62
72.14646,0.0
72.15717,172.63
72.16788,0.0
72.1786,172.36
72.18931,0.0
72.20003,172.32
72.21074,0.0
72.22146,172.21
72.23217,0.0
72.24288,171.96
72.2536,0.0
72.26431,171.69
72.27503,0.0
72.28574,171.66
72.29646,0.0
72.30717,171.56
72.31788,0.0
72.3286,171.83
72.33931,0.0
72.35003,171.93
72.36074,0.0
72.37146,171.91
72.38217,0.0
72.39288,171.65
72.4036,0.0
72.41431,171.79
72.42503,0.0
72.43574,171.58
72.44646,0.0
72.45717,171.54
72.46788,0.0
72.4786,171.1
72.48931,0.0
72.50003,171.34
72.51074,0.0
72.52146,170.96
72.53217,0.0
72.54288,170.8
72.5536,0.0
72.56431,170.66
72.57503,0.0
72.58574,170.72
72.59646,0.0
72.60717,170.88
72.61788,0.0
72.6286,170.64
72.63931,0.0
72.65003,170.74
72.66074,0.0
72.67146,170.76
72.68217,0.0
72.69288,170.58
72.7036,0.0
72.71431,170.66
72.72503,0.0
72.73574,170.68
72.74646,0.0
72.75717,170.76
72.76788,0.0
72.7786,170.92
72.78931,0.0
72.80003,170.68
72.81074,0.0
72.82146,170.8
72.83217,0.0
72.84288,170.62
72.8536,0.0
72.86431,170.68
72.87503,0.0
72.88574,170.92
72.89646,0.0
72.90717,170.76
72.91788,0.0
72.9286,170.82
72.93931,0.0
72.95003,170.7
72.96074,0.0
72.97146,170.6
72.98217,0.0
72.99288,170.5
73.0036,0.0
73.01431,170.46
73.02503,0.0
73.03574,170.66
73.04646,0.0
73.05717,170.58
73.06788,0.0
73.0786,170.4
73.08931,0.0
73.10003,170.36
73.11074,0.0
73.12146,170.46
73.13217,0.0
73.14288,170.7
73.1536,0.0
73.16431,170.66
73.17503,0.0
73.18574,170.6
73.19646,0.0
73.20717,170.72
73.21788,0.0
73.2286,170.78
73.23931,0.0
73.25003,170.62
73.26074,0.0
73.27146,170.3
73.28217,0.0
73.29288,170.44
73.3036,0.0
73.31431,170.6
73.32503,0.0
73.33574,170.46
73.34646,0.0
73.35717,170.38
73.36788,0.0
73.3786,170.68
73.38931,0.0
73.40003,170.76
73.41074,0.0
73.42146,170.6
73.43217,0.0
73.44288,170.54
73.4536,0.0
73.46431,170.72
73.47503,0.0
73.48574,170.52
73.49646,0.0
73.50717,170.4
73.51788,0.0
73.5286,170.48
73.53931,0.0
73.55003,170.36
73.56074,0.0
73.57146,170.16
73.58217,0.0
73.59288,170.3
73.6036,0.0
73.61431,170.52
73.62503,0.0
73.63574,170.76
73.64646,0.0
73.65717,170.82
73.66788,0.0
73.6786,170.6
73.68931,0.0
73.70003,170.56
73.71074,0.0
73.72146,170.58
73.73217,0.0
73.74288,170.44
73.7536,0.0
73.76431,170.42
73.77503,0.0
73.78574,170.6
73.79646,0.0
73.80717,170.62
73.81788,0.0
73.8286,170.66
73.83931,0.0
73.85003,170.6
73.86074,0.0
73.87146,170.56
73.88217,0.0
73.89288,170.56
73.9036,0.0
73.91431,170.54
73.92503,0.0
73.93574,170.62
73.94646,0.0
73.95717,170.54
73.96788,0.0
73.9786,170.48
73.98931,0.0
74.00003,170.62
74.01074,0.0
74.02146,170.82
74.03217,0.0
74.04288,170.78
74.0536,0.0
74.06431,170.74
74.07503,0.0
74.08574,170.9
74.09646,0.0
74.10717,170.96
74.11788,0.0
74.1286,171.02
74.13931,0.0
74.15003,170.98
74.16074,0.0
74.17146,170.7
74.18217,0.0
74.19288,170.92
74.2036,0.0
74.21431,170.8
74.22503,0.0
74.23574,170.86
74.24646,0.0
74.25717,171.18
74.26788,0.0
74.2786,170.98
74.28931,0.0
74.30003,170.74
74.31074,0.0
74.32146,170.68
74.33217,0.0
74.34288,170.96
74.3536,0.0
74.36431,171.02
74.37503,0.0
74.38574,170.78
74.39646,0.0
74.40717,170.92
74.41788,0.0
74.4286,171.02
74.43931,0.0
74.45003,171.16
74.46074,0.0
74.47146,171.32
74.48217,0.0
74.49288,171.4
74.5036,0.0
74.51431,171.59
74.52503,0.0
74.53574,171.68
74.54646,0.0
74.55717,171.48
74.56788,0.0
74.5786,171.42
74.58931,0.0
74.60003,171.46
74.61074,0.0
74.62146,171.12
74.63217,0.0
74.64288,171.24
74.6536,0.0
74.66431,171.08
74.67503,0.0
74.68574,170.94
74.69646,0.0
74.70717,170.96
74.71789,0.0
74.7286,171.26
74.73931,0.0
74.75003,171.26
74.76074,0.0
74.77146,171.28
74.78217,0.0
74.79289,171.08
74.8036,0.0
74.81431,170.86
74.82503,0.0
74.83574,170.76
74.84646,0.0
74.85717,170.72
74.86789,0.0
74.8786,170.82
74.88931,0.0
74.90003,170.58
74.91074,0.0
74.92146,170.78
74.93217,0.0
74.94289,170.66
74.9536,0.0
74.96431,170.84
74.97503,0.0
74.98574,170.76
74.99646,0.0
75.00717,170.74
75.01789,0.0
75.0286,170.6
75.03931,0.0
75.05003,170.62
75.06074,0.0
75.07146,170.68
75.08217,0.0
75.09289,170.74
75.1036,0.0
75.11431,170.56
75.12503,0.0
75.13574,170.48
75.14646,0.0
75.15717,170.54
75.16789,0.0
75.1786,170.46
75.18931,0.0
75.20003,170.6
75.21074,0.0
75.22146,170.52
75.23217,0.0
75.24289,170.54
75.2536,0.0
75.26431,170.9
75.27503,0.0
75.28574,170.74
75.29646,0.0
75.30717,170.54
75.31789,0.0
75.3286,170.58
75.33931,0.0
75.35003,170.66
75.36074,0.0
75.37146,170.62
75.38217,0.0
75.39289,170.72
75.4036,0.0
75.41431,170.76
75.42503,0.0
75.43574,170.84
75.44646,0.0
75.45717,170.7
75.46789,0.0
75.4786,170.42
75.48931,0.0
75.50003,170.48
75.51074,0.0
75.52146,170.54
75.53217,0.0
75.54289,170.4
75.5536,0.0
75.56431,170.54
75.57503,0.0
75.58574,170.28
75.59646,0.0
75.60717,170.3
75.61789,0.0
75.6286,170.52
75.63931,0.0
75.65003,170.56
75.66074,0.0
75.67146,170.52
75.68217,0.0
75.69289,170.48
75.7036,0.0
75.71431,170.58
75.72503,0.0
75.73574,170.46
75.74646,0.0
75.75717,170.64
75.76789,0.0
75.7786,170.5
75.78931,0.0
75.80003,170.44
75.81074,0.0
75.82146,170.58
75.83217,0.0
75.84289,170.72
75.8536,0.0
75.86431,170.74
75.87503,0.0
75.88574,170.66
75.89646,0.0
75.90717,170.72
75.91789,0.0
75.9286,170.72
75.93931,0.0
75.95003,170.54
75.96074,0.0
75.97146,170.5
75.98217,0.0
75.99289,170.66
76.0036,0.0
76.01431,170.82
76.02503,0.0
76.03574,170.58
76.04646,0.0
76.05717,170.8
76.06789,0.0
76.0786,170.54
76.08931,0.0
76.10003,170.8
76.11074,0.0
76.12146,170.84
76.13217,0.0
76.14289,170.4
76.1536,0.0
76.16431,170.66
76.17503,0.0
76.18574,170.7
76.19646,0.0
76.20717,170.72
76.21789,0.0
76.2286,170.7
76.23931,0.0
76.25003,170.88
76.26074,0.0
76.27146,170.9
76.28217,0.0
76.29289,170.88
76.3036,0.0
76.31431,171.1
76.32503,0.0
76.33574,171.4
76.34646,0.0
76.35717,171.53
76.36789,0.0
76.3786,171.74
76.38931,0.0
76.40003,172.1
76.41074,0.0
76.42146,172.18
76.43217,0.0
76.44289,172.44
76.4536,0.0
76.46431,172.61
76.47503,0.0
76.48574,172.66
76.49646,0.0
76.50717,172.7
76.51789,0.0
76.5286,172.65
76.53931,0.0
76.55003,171.94
76.56074,0.0
76.57146,171.95
76.58217,0.0
76.59289,171.86
76.6036,0.0
76.61431,171.81
76.62503,0.0
76.63574,171.73
76.64646,0.0
76.65717,171.87
76.66789,0.0
76.6786,171.95
76.68931,0.0
76.70003,172.01
76.71074,0.0
76.72146,171.86
76.73217,0.0
76.74289,171.86
76.7536,0.0
76.76431,171.77
76.77503,0.0
76.78574,171.68
76.79646,0.0
76.80717,171.65
76.81789,0.0
76.8286,171.6
76.83931,0.0
76.85003,171.54
76.86074,0.0
76.87146,171.56
76.88217,0.0
76.89289,171.14
76.9036,0.0
76.91431,171.32
76.92503,0.0
76.93574,171.0
76.94646,0.0
76.95717,171.06
76.96789,0.0
76.9786,171.1
76.98931,0.0
77.00003,171.12
77.01074,0.0
77.02146,171.08
77.03217,0.0
77.04289,171.14
77.0536,0.0
77.06431,171.02
77.07503,0.0
77.08574,170.74
77.09646,0.0
77.10717,170.8
77.11789,0.0
77.1286,170.76
77.13931,0.0
77.15003,170.64
77.16074,0.0
77.17146,170.48
77.18217,0.0
77.19289,170.6
77.2036,0.0
77.21431,170.62
77.22503,0.0
77.23574,170.82
77.24646,0.0
77.25717,170.72
77.26789,0.0
77.2786,170.52
77.28931,0.0
77.30003,170.76
77.31074,0.0
77.32146,170.48
77.33217,0.0
77.34289,170.28
77.3536,0.0
77.36431,170.6
77.37503,0.0
77.38574,170.84
77.39646,0.0
77.40717,170.56
77.41789,0.0
77.4286,170.54
77.43931,0.0
77.45003,170.38
77.46074,0.0
77.47146,169.92
77.48217,0.0
77.49289,170.36
77.5036,0.0
77.51431,170.58
77.52503,0.0
77.53574,170.48
77.54646,0.0
77.55717,170.32
77.56789,0.0
77.5786,170.52
77.58931,0.0
77.60003,170.38
77.61074,0.0
77.62146,170.32
77.63217,0.0
77.64289,170.54
77.6536,0.0
77.66431,170.3
77.67503,0.0
77.68574,170.2
77.69646,0.0
77.70717,170.36
77.71789,0.0
77.7286,170.34
77.73931,0.0
77.75003,170.36
77.76074,0.0
77.77146,170.34
77.78217,0.0
77.79289,170.44
77.8036,0.0
77.81431,170.26
77.82503,0.0
77.83574,170.44
77.84646,0.0
77.85717,170.5
77.86789,0.0
77.8786,170.32
77.88931,0.0
77.90003,170.36
77.91074,0.0
77.92146,170.58
77.93217,0.0
77.94289,170.38
77.9536,0.0
77.96431,170.48
77.97503,0.0
77.98574,170.6
77.99646,0.0
78.00717,170.38
78.01789,0.0
78.0286,170.04
78.03931,0.0
78.05003,170.24
78.06074,0.0
78.07146,170.36
78.08217,0.0
78.09289,170.56
78.1036,0.0
78.11431,170.56
78.12503,0.0
78.13574,170.46
78.14646,0.0
78.15717,170.56
78.16789,0.0
78.1786,170.68
78.18931,0.0
78.20003,170.66
78.21074,0.0
78.22146,170.66
78.23217,0.0
78.24289,170.58
78.2536,0.0
78.26432,170.52
78.27503,0.0
78.28574,170.42
78.29646,0.0
78.30717,170.58
78.31789,0.0
78.3286,170.5
78.33932,0.0
78.35003,170.48
78.36074,0.0
78.37146,170.5
78.38217,0.0
78.39289,170.44
78.4036,0.0
78.41432,170.42
78.42503,0.0
78.43574,170.34
78.44646,0.0
78.45717,170.38
78.46789,0.0
78.4786,170.42
78.48932,0.0
78.50003,170.56
78.51074,0.0
78.52146,170.48
78.53217,0.0
78.54289,170.5
78.5536,0.0
78.56432,170.5
78.57503,0.0
78.58574,170.5
78.59646,0.0
78.60717,170.62
78.61789,0.0
78.6286,170.54
78.63932,0.0
78.65003,170.56
78.66074,0.0
78.67146,170.56
78.68217,0.0
78.69289,170.36
78.7036,0.0
78.71432,170.5
78.72503,0.0
78.73574,170.38
78.74646,0.0
78.75717,170.64
78.76789,0.0
78.7786,170.38
78.78932,0.0
78.80003,170.24
78.81074,0.0
78.82146,170.34
78.83217,0.0
78.84289,170.26
78.8536,0.0
78.86432,170.2
78.87503,0.0
78.88574,170.5
78.89646,0.0
78.90717,170.5
78.91789,0.0
78.9286,170.6
78.93932,0.0
78.95003,170.54
78.96074,0.0
78.97146,170.2
78.98217,0.0
78.99289,170.3
79.0036,0.0
79.01432,170.16
79.02503,0.0
79.03574,170.28
79.04646,0.0
79.05717,170.2
79.06789,0.0
79.0786,170.44
79.08932,0.0
79.10003,170.58
79.11074,0.0
79.12146,170.56
79.13217,0.0
79.14289,170.42
79.1536,0.0
79.16432,170.48
79.17503,0.0
79.18574,170.26
79.19646,0.0
79.20717,170.38
79.21789,0.0
79.2286,170.48
79.23932,0.0
79.25003,170.34
79.26074,0.0
79.27146,170.56
79.28217,0.0
79.29289,170.56
79.3036,0.0
79.31432,170.44
79.32503,0.0
79.33574,170.5
79.34646,0.0
79.35717,170.36
79.36789,0.0
79.3786,170.36
79.38932,0.0
79.40003,170.4
79.41074,0.0
79.42146,170.34
79.43217,0.0
79.44289,170.42
79.4536,0.0
79.46432,170.46
79.47503,0.0
79.48574,170.38
79.49646,0.0
79.50717,170.46
79.51789,0.0
79.5286,170.38
79.53932,0.0
79.55003,170.0
79.56074,0.0
79.57146,170.38
79.58217,0.0
79.59289,170.4
79.6036,0.0
79.61432,170.58
79.62503,0.0
79.63574,170.54
79.64646,0.0
79.65717,170.5
79.66789,0.0
79.6786,170.4
79.68932,0.0
79.70003,170.36
79.71074,0.0
79.72146,170.6
79.73217,0.0
79.74289,170.58
79.7536,0.0
79.76432,170.42
79.77503,0.0
79.78574,170.26
79.79646,0.0
79.80717,170.26
79.81789,0.0
79.8286,170.32
79.83932,0.0
79.85003,170.52
79.86074,0.0
79.87146,170.5
79.88217,0.0
79.89289,170.56
79.9036,0.0
79.91432,170.4
79.92503,0.0
79.93574,170.38
79.94646,0.0
79.95717,170.68
79.96789,0.0
79.9786,170.68
79.98932,0.0
80.00003,170.58
80.01074,0.0
80.02146,170.42
80.03217,0.0
80.04289,170.04
80.0536,0.0
80.06432,170.32
80.07503,0.0
80.08574,170.3
80.09646,0.0
80.10717,170.4
80.11789,0.0
80.1286,170.42
80.13932,0.0
80.15003,170.24
80.16074,0.0
80.17146,170.28
80.18217,0.0
80.19289,170.7
80.2036,0.0
80.21432,170.36
80.22503,0.0
80.23574,170.46
80.24646,0.0
80.25717,170.64
80.26789,0.0
80.2786,170.54
80.28932,0.0
80.30003,170.38
80.31074,0.0
80.32146,170.48
80.33217,0.0
80.34289,170.78
80.3536,0.0
80.36432,170.5
80.37503,0.0
80.38574,170.32
80.39646,0.0
80.40717,170.32
80.41789,0.0
80.4286,170.42
80.43932,0.0
80.45003,170.48
80.46074,0.0
80.47146,170.44
80.48217,0.0
80.49289,170.4
80.5036,0.0
80.51432,170.42
80.52503,0.0
80.53574,170.32
80.54646,0.0
80.55717,170.66
80.56789,0.0
80.5786,170.56
80.58932,0.0
80.60003,170.58
80.61074,0.0
80.62146,170.4
80.63217,0.0
80.64289,170.34
80.6536,0.0
80.66432,170.44
80.67503,0.0
80.68574,170.5
80.69646,0.0
80.70717,170.28
80.71789,0.0
80.7286,170.58
80.73932,0.0
80.75003,170.56
80.76074,0.0
80.77146,170.7
80.78217,0.0
80.79289,170.68
80.8036,0.0
80.81432,170.84
80.82503,0.0
80.83574,170.96
80.84646,0.0
80.85717,171.18
80.86789,0.0
80.8786,171.53
80.88932,0.0
80.90003,171.58
80.91074,0.0
80.92146,171.62
80.93217,0.0
80.94289,171.77
80.9536,0.0
80.96432,171.94
80.97503,0.0
80.98574,172.0
80.99646,0.0
81.00717,172.19
81.01789,0.0
81.0286,172.26
81.03932,0.0
81.05003,172.02
81.06074,0.0
81.07146,171.86
81.08217,0.0
81.09289,171.74
81.1036,0.0
81.11432,171.6
81.12503,0.0
81.13574,171.46
81.14646,0.0
81.15717,171.5
81.16789,0.0
81.1786,171.58
81.18932,0.0
81.20003,171.6
81.21074,0.0
81.22146,171.52
81.23217,0.0
81.24289,171.59
81.2536,0.0
81.26432,171.58
81.27503,0.0
81.28574,171.6
81.29646,0.0
81.30717,171.3
81.31789,0.0
81.3286,171.18
81.33932,0.0
81.35003,170.9
81.36074,0.0
81.37146,171.06
81.38217,0.0
81.39289,170.66
81.4036,0.0
81.41432,170.66
81.42503,0.0
81.43574,170.82
81.44646,0.0
81.45717,170.66
81.46789,0.0
81.4786,170.8
81.48932,0.0
81.50003,170.8
81.51074,0.0
81.52146,170.64
81.53217,0.0
81.54289,170.92
81.5536,0.0
81.56432,170.72
81.57503,0.0
81.58574,170.88
81.59646,0.0
81.60717,171.0
81.61789,0.0
81.6286,170.9
81.63932,0.0
81.65003,170.88
81.66074,0.0
81.67146,170.98
81.68217,0.0
81.69289,171.02
81.7036,0.0
81.71432,171.0
81.72503,0.0
81.73574,170.9
81.74646,0.0
81.75717,170.88
81.76789,0.0
81.7786,170.94
81.78932,0.0
81.80003,170.7
81.81075,0.0
81.82146,170.92
81.83217,0.0
81.84289,170.58
81.8536,0.0
81.86432,170.56
81.87503,0.0
81.88575,170.9
81.89646,0.0
81.90717,170.72
81.91789,0.0
81.9286,170.52
81.93932,0.0
81.95003,170.6
81.96075,0.0
81.97146,170.58
81.98217,0.0
81.99289,170.68
82.0036,0.0
82.01432,170.7
82.02503,0.0
82.03575,170.56
82.04646,0.0
82.05717,170.6
82.06789,0.0
82.0786,170.48
82.08932,0.0
82.10003,170.44
82.11075,0.0
82.12146,170.3
82.13217,0.0
82.14289,170.6
82.1536,0.0
82.16432,170.52
82.17503,0.0
82.18575,170.56
82.19646,0.0
82.20717,170.4
82.21789,0.0
82.2286,170.28
82.23932,0.0
82.25003,170.36
82.26075,0.0
82.27146,170.48
82.28217,0.0
82.29289,170.4
82.3036,0.0
82.31432,170.34
82.32503,0.0
82.33575,170.52
82.34646,0.0
82.35717,170.44
82.36789,0.0
82.3786,170.36
82.38932,0.0
82.40003,170.3
82.41075,0.0
82.42146,170.42
82.43217,0.0
82.44289,170.42
82.4536,0.0
82.46432,170.46
82.47503,0.0
82.48575,170.5
82.49646,0.0
82.50717,170.58
82.51789,0.0
82.5286,170.4
82.53932,0.0
82.55003,170.44
82.56075,0.0
82.57146,170.38
82.58217,0.0
82.59289,170.36
82.6036,0.0
82.61432,170.46
82.62503,0.0
82.63575,170.44
82.64646,0.0
82.65717,170.42
82.66789,0.0
82.6786,170.64
82.68932,0.0
82.70003,170.36
82.71075,0.0
82.72146,170.2
82.73217,0.0
82.74289,170.3
82.7536,0.0
82.76432,170.2
82.77503,0.0
82.78575,170.34
82.79646,0.0
82.80717,170.44
82.81789,0.0
82.8286,170.46
82.83932,0.0
82.85003,170.48
82.86075,0.0
82.87146,170.08
82.88217,0.0
82.89289,170.28
82.9036,0.0
82.91432,170.16
82.92503,0.0
82.93575,170.32
82.94646,0.0
82.95717,170.46
82.96789,0.0
82.9786,170.56
82.98932,0.0
83.00003,170.3
83.01075,0.0
83.02146,170.44
83.03217,0.0
83.04289,170.36
83.0536,0.0
83.06432,170.32
83.07503,0.0
83.08575,170.32
83.09646,0.0
83.10717,170.24
83.11789,0.0
83.1286,170.28
83.13932,0.0
83.15003,170.46
83.16075,0.0
83.17146,170.62
83.18217,0.0
83.19289,170.44
83.2036,0.0
83.21432,170.3
83.22503,0.0
83.23575,170.52
83.24646,0.0
83.25717,170.46
83.26789,0.0
83.2786,170.52
83.28932,0.0
83.30003,170.34
83.31075,0.0
83.32146,170.32
83.33217,0.0
83.34289,170.48
83.3536,0.0
83.36432,170.12
83.37503,0.0
83.38575,170.28
83.39646,0.0
83.40717,169.92
83.41789,0.0
83.4286,170.28
83.43932,0.0
83.45003,170.44
83.46075,0.0
83.47146,170.4
83.48217,0.0
83.49289,170.5
83.5036,0.0
83.51432,170.6
83.52503,0.0
83.53575,170.34
83.54646,0.0
83.55717,170.44
83.56789,0.0
83.5786,170.54
83.58932,0.0
83.60003,170.4
83.61075,0.0
83.62146,170.62
83.63217,0.0
83.64289,170.4
83.6536,0.0
83.66432,170.36
83.67503,0.0
83.68575,170.44
83.69646,0.0
83.70717,170.62
83.71789,0.0
83.7286,170.48
83.73932,0.0
83.75003,170.78
83.76075,0.0
83.77146,170.82
83.78217,0.0
83.79289,170.66
83.8036,0.0
83.81432,170.7
83.82503,0.0
83.83575,170.66
83.84646,0.0
83.85717,170.76
83.86789,0.0
83.8786,171.02
83.88932,0.0
83.90003,171.53
83.91075,0.0
83.92146,171.61
83.93217,0.0
83.94289,171.56
83.9536,0.0
83.96432,171.65
83.97503,0.0
83.98575,171.73
83.99646,0.0
84.00717,171.55
84.01789,0.0
84.0286,171.3
84.03932,0.0
84.05003,171.18
84.06075,0.0
84.07146,171.04
84.08217,0.0
84.09289,170.98
84.1036,0.0
84.11432,170.86
84.12503,0.0
84.13575,170.94
84.14646,0.0
84.15717,170.96
84.16789,0.0
84.1786,170.98
84.18932,0.0
84.20003,171.1
84.21075,0.0
84.22146,171.26
84.23217,0.0
84.24289,171.3
84.2536,0.0
84.26432,170.92
84.27503,0.0
84.28575,171.0
84.29646,0.0
84.30717,171.02
84.31789,0.0
84.3286,170.84
84.33932,0.0
84.35003,170.68
84.36075,0.0
84.37146,170.66
84.38217,0.0
84.39289,170.6
84.4036,0.0
84.41432,170.34
84.42503,0.0
84.43575,170.62
84.44646,0.0
84.45717,170.62
84.46789,0.0
84.4786,170.52
84.48932,0.0
84.50003,170.46
84.51075,0.0
84.52146,170.46
84.53217,0.0
84.54289,170.48
84.5536,0.0
84.56432,170.48
84.57503,0.0
84.58575,170.48
84.59646,0.0
84.60717,170.58
84.61789,0.0
84.6286,170.62
84.63932,0.0
84.65003,170.42
84.66075,0.0
84.67146,170.46
84.68217,0.0
84.69289,170.58
84.7036,0.0
84.71432,170.56
84.72503,0.0
84.73575,170.4
84.74646,0.0
84.75717,170.46
84.76789,0.0
84.7786,170.74
84.78932,0.0
84.80003,170.32
84.81075,0.0
84.82146,170.36
84.83217,0.0
84.84289,170.46
84.8536,0.0
84.86432,170.34
84.87503,0.0
84.88575,170.68
84.89646,0.0
84.90717,170.7
84.91789,0.0
84.9286,170.46
84.93932,0.0
84.95003,170.54
84.96075,0.0
84.97146,170.6
84.98217,0.0
84.99289,170.58
85.0036,0.0
85.01432,170.44
85.02503,0.0
85.03575,170.54
85.04646,0.0
85.05717,170.66
85.06789,0.0
85.0786,170.6
85.08932,0.0
85.10003,170.46
85.11075,0.0
85.12146,170.5
85.13217,0.0
85.14289,170.36
85.1536,0.0
85.16432,170.48
85.17503,0.0
85.18575,170.34
85.19646,0.0
85.20717,170.56
85.21789,0.0
85.2286,170.52
85.23932,0.0
85.25003,170.4
85.26075,0.0
85.27146,170.4
85.28217,0.0
85.29289,170.4
85.3036,0.0
85.31432,170.44
85.32503,0.0
85.33575,170.84
85.34646,0.0
85.35717,170.98
85.36789,0.0
85.3786,170.66
85.38932,0.0
85.40003,170.54
85.41075,0.0
85.42146,170.26
85.43218,0.0
85.44289,170.44
85.4536,0.0
85.46432,170.72
85.47503,0.0
85.48575,170.3
85.49646,0.0
85.50718,170.44
85.51789,0.0
85.5286,170.66
85.53932,0.0
85.55003,170.68
85.56075,0.0
85.57146,170.58
85.58218,0.0
85.59289,170.3
85.6036,0.0
85.61432,170.28
85.62503,0.0
85.63575,170.48
85.64646,0.0
85.65718,170.78
85.66789,0.0
85.6786,170.66
85.68932,0.0
85.70003,170.76
85.71075,0.0
85.72146,170.62
85.73218,0.0
85.74289,170.6
85.7536,0.0
85.76432,170.5
85.77503,0.0
85.78575,170.28
85.79646,0.0
85.80718,170.44
85.81789,0.0
85.8286,170.5
85.83932,0.0
85.85003,170.26
85.86075,0.0
85.87146,170.34
85.88218,0.0
85.89289,170.36
85.9036,0.0
85.91432,170.48
85.92503,0.0
85.93575,170.52
85.94646,0.0
85.95718,170.34
85.96789,0.0
85.9786,170.82
85.98932,0.0
86.00003,170.72
86.01075,0.0
86.02146,170.38
86.03218,0.0
86.04289,170.34
86.0536,0.0
86.06432,170.54
86.07503,0.0
86.08575,170.62
86.09646,0.0
86.10718,170.88
86.11789,0.0
86.1286,170.44
86.13932,0.0
86.15003,170.04
86.16075,0.0
86.17146,170.38
86.18218,0.0
86.19289,170.5
86.2036,0.0
86.21432,170.34
86.22503,0.0
86.23575,170.46
86.24646,0.0
86.25718,170.48
86.26789,0.0
86.2786,170.42
86.28932,0.0
86.30003,170.48
86.31075,0.0
86.32146,170.6
86.33218,0.0
86.34289,170.58
86.3536,0.0
86.36432,170.28
86.37503,0.0
86.38575,170.46
86.39646,0.0
86.40718,170.7
86.41789,0.0
86.4286,170.76
86.43932,0.0
86.45003,170.48
86.46075,0.0
86.47146,170.44
86.48218,0.0
86.49289,170.34
86.5036,0.0
86.51432,170.54
86.52503,0.0
86.53575,170.46
86.54646,0.0
86.55718,170.38
86.56789,0.0
86.5786,170.6
86.58932,0.0
86.60003,170.48
86.61075,0.0
86.62146,170.58
86.63218,0.0
86.64289,170.68
86.6536,0.0
86.66432,170.44
86.67503,0.0
86.68575,170.44
86.69646,0.0
86.70718,170.62
86.71789,0.0
86.7286,170.36
86.73932,0.0
86.75003,170.3
86.76075,0.0
86.77146,170.4
86.78218,0.0
86.79289,170.54
86.8036,0.0
86.81432,170.44
86.82503,0.0
86.83575,170.5
86.84646,0.0
86.85718,170.28
86.86789,0.0
86.8786,170.64
86.88932,0.0
86.90003,170.48
86.91075,0.0
86.92146,170.78
86.93218,0.0
86.94289,170.58
86.9536,0.0
86.96432,170.52
86.97503,0.0
86.98575,170.46
86.99646,0.0
87.00718,170.64
87.01789,0.0
87.0286,170.6
87.03932,0.0
87.05003,170.42
87.06075,0.0
87.07146,170.3
87.08218,0.0
87.09289,170.42
87.1036,0.0
87.11432,170.58
87.12503,0.0
87.13575,170.84
87.14646,0.0
87.15718,170.6
87.16789,0.0
87.1786,170.64
87.18932,0.0
87.20003,170.54
87.21075,0.0
87.22146,170.52
87.23218,0.0
87.24289,170.62
87.2536,0.0
87.26432,170.52
87.27503,0.0
87.28575,170.56
87.29646,0.0
87.30718,170.56
87.31789,0.0
87.3286,170.82
87.33932,0.0
87.35003,170.72
87.36075,0.0
87.37146,170.82
87.38218,0.0
87.39289,170.52
87.4036,0.0
87.41432,170.68
87.42503,0.0
87.43575,170.62
87.44646,0.0
87.45718,170.62
87.46789,0.0
87.4786,170.42
87.48932,0.0
87.50003,170.74
87.51075,0.0
87.52146,170.72
87.53218,0.0
87.54289,170.84
87.5536,0.0
87.56432,170.8
87.57503,0.0
87.58575,170.74
87.59646,0.0
87.60718,170.78
87.61789,0.0
87.6286,170.88
87.63932,0.0
87.65003,170.92
87.66075,0.0
87.67146,171.18
87.68218,0.0
87.69289,171.22
87.7036,0.0
87.71432,171.16
87.72503,0.0
87.73575,171.1
87.74646,0.0
87.75718,171.54
87.76789,0.0
87.7786,171.7
87.78932,0.0
87.80003,171.88
87.81075,0.0
87.82146,172.1
87.83218,0.0
87.84289,172.59
87.8536,327.68
87.86432,172.85
87.87503,0.0
87.88575,173.1
87.89646,327.68
87.90718,173.31
87.91789,0.0
87.9286,173.52
87.93932,0.0
87.95003,173.65
87.96075,327.68
87.97146,173.37
87.98218,327.68
87.99289,173.19
88.0036,0.0
88.01432,172.93
88.02503,0.0
88.03575,172.69
88.04646,0.0
88.05718,172.4
88.06789,0.0
88.0786,172.17
88.08932,0.0
88.10003,172.03
88.11075,0.0
88.12146,172.1
88.13218,0.0
88.14289,172.37
88.1536,0.0
88.16432,172.61
88.17503,0.0
88.18575,172.54
88.19646,0.0
88.20718,172.56
88.21789,0.0
88.2286,172.72
88.23932,0.0
88.25003,172.64
88.26075,0.0
88.27146,172.39
88.28218,0.0
88.29289,172.16
88.3036,0.0
88.31432,171.88
88.32503,0.0
88.33575,171.69
88.34646,0.0
88.35718,171.6
88.36789,0.0
88.3786,171.55
88.38932,0.0
88.40003,171.26
88.41075,0.0
88.42146,171.2
88.43218,0.0
88.44289,171.02
88.4536,0.0
88.46432,170.94
88.47503,0.0
88.48575,170.72
88.49646,0.0
88.50718,170.76
88.51789,0.0
88.5286,170.76
88.53932,0.0
88.55003,170.98
88.56075,0.0
88.57146,171.08
88.58218,0.0
88.59289,170.94
88.6036,0.0
88.61432,171.16
88.62503,0.0
88.63575,171.2
88.64646,0.0
88.65718,171.24
88.66789,0.0
88.6786,170.96
88.68932,0.0
88.70003,171.08
88.71075,0.0
88.72146,171.28
88.73218,0.0
88.74289,171.22
88.7536,0.0
88.76432,171.4
88.77503,0.0
88.78575,171.5
88.79646,0.0
88.80718,171.53
88.81789,0.0
88.8286,171.54
88.83932,0.0
88.85003,171.58
88.86075,0.0
88.87146,171.79
88.88218,0.0
88.89289,172.06
88.9036,0.0
88.91432,172.02
88.92503,0.0
88.93575,172.06
88.94646,0.0
88.95718,172.07
88.96789,0.0
88.97861,172.0
88.98932,0.0
89.00003,171.88
89.01075,0.0
89.02146,171.82
89.03218,0.0
89.04289,171.73
89.05361,0.0
89.06432,171.79
89.07503,0.0
89.08575,171.62
89.09646,0.0
89.10718,171.57
89.11789,0.0
89.12861,171.66
89.13932,0.0
89.15003,171.65
89.16075,0.0
89.17146,171.78
89.18218,0.0
89.19289,171.79
89.20361,0.0
89.21432,171.94
89.22503,0.0
89.23575,171.94
89.24646,0.0
89.25718,171.97
89.26789,0.0
89.27861,172.09
89.28932,0.0
89.30003,172.1
89.31075,0.0
89.32146,171.99
89.33218,0.0
89.34289,172.0
89.35361,0.0
89.36432,172.14
89.37503,0.0
89.38575,172.33
89.39646,0.0
89.40718,172.7
89.41789,327.68
89.42861,172.8
89.43932,0.0
89.45003,172.88
89.46075,0.0
89.47146,173.07
89.48218,0.0
89.49289,173.19
89.50361,327.68
89.51432,173.46
89.52503,0.0
89.53575,173.54
89.54646,0.0
89.55718,173.52
89.56789,327.68
89.57861,173.61
89.58932,327.68
89.60003,173.83
89.61075,0.0
89.62146,173.89
89.63218,0.0
89.64289,174.01
89.65361,327.68
89.66432,173.92
89.67503,0.0
89.68575,173.82
89.69646,0.0
89.70718,173.79
89.71789,327.68
89.72861,173.73
89.73932,0.0
89.75003,173.57
89.76075,327.68
89.77146,173.49
89.78218,327.68
89.79289,173.3
89.80361,327.68
89.81432,173.34
89.82503,327.68
89.83575,173.44
89.84646,327.68
89.85718,173.33
89.86789,327.68
89.87861,173.32
89.88932,327.68
89.90003,173.1
89.91075,327.68
89.92146,172.98
89.93218,327.68
89.94289,173.01
89.95361,0.0
89.96432,172.99
89.97503,327.68
89.98575,172.98
89.99646,0.0
90.00718,172.73
90.01789,0.0
90.02861,172.55
90.03932,0.0
90.05003,172.33
90.06075,0.0
90.07146,172.3
90.08218,0.0
90.09289,172.21
90.10361,0.0
90.11432,172.08
90.12503,0.0
90.13575,171.89
90.14646,0.0
90.15718,171.69
90.16789,0.0
90.17861,171.72
90.18932,0.0
90.20003,171.55
90.21075,0.0
90.22146,171.53
90.23218,0.0
90.24289,171.42
90.25361,0.0
90.26432,171.3
90.27503,0.0
90.28575,171.16
90.29646,0.0
90.30718,170.96
90.31789,0.0
90.32861,170.96
90.33932,0.0
90.35003,171.22
90.36075,0.0
90.37146,171.24
90.38218,0.0
90.39289,171.2
90.40361,0.0
90.41432,170.86
90.42503,0.0
90.43575,170.86
90.44646,0.0
90.45718,170.72
90.46789,0.0
90.47861,170.9
90.48932,0.0
90.50003,170.68
90.51075,0.0
90.52146,170.74
90.53218,0.0
90.54289,170.74
90.55361,0.0
90.56432,170.54
90.57503,0.0
90.58575,170.68
90.59646,0.0
90.60718,170.98
90.61789,0.0
90.62861,170.86
90.63932,0.0
90.65003,170.5
90.66075,0.0
90.67146,170.64
90.68218,0.0
90.69289,170.84
90.70361,0.0
90.71432,170.82
90.72503,0.0
90.73575,170.46
90.74646,0.0
90.75718,170.64
90.76789,0.0
90.77861,170.58
90.78932,0.0
90.80003,170.5
90.81075,0.0
90.82146,170.54
90.83218,0.0
90.84289,170.6
90.85361,0.0
90.86432,170.8
90.87503,0.0
90.88575,170.96
90.89646,0.0
90.90718,170.98
90.91789,0.0
90.92861,171.16
90.93932,0.0
90.95003,171.14
90.96075,0.0
90.97146,171.36
90.98218,0.0
90.99289,171.63
91.00361,0.0
91.01432,171.54
91.02503,0.0
91.03575,171.62
91.04646,0.0
91.05718,171.65
91.06789,0.0
91.07861,171.3
91.08932,0.0
91.10003,171.04
91.11075,0.0
91.12146,170.8
91.13218,0.0
91.14289,170.64
91.15361,0.0
91.16432,170.68
91.17503,0.0
91.18575,170.8
91.19646,0.0
91.20718,170.86
91.21789,0.0
91.22861,171.0
91.23932,0.0
91.25003,171.16
91.26075,0.0
91.27146,171.24
91.28218,0.0
91.29289,171.14
91.30361,0.0
91.31432,171.02
91.32503,0.0
91.33575,171.1
91.34646,0.0
91.35718,171.06
91.36789,0.0
91.37861,170.78
91.38932,0.0
91.40003,170.46
91.41075,0.0
91.42146,170.62
91.43218,0.0
91.44289,170.48
91.45361,0.0
91.46432,170.68
91.47503,0.0
91.48575,170.7
91.49646,0.0
91.50718,170.36
91.51789,0.0
91.52861,170.5
91.53932,0.0
91.55003,170.74
91.56075,0.0
91.57146,170.62
91.58218,0.0
91.59289,170.62
91.60361,0.0
91.61432,170.54
91.62503,0.0
91.63575,170.5
91.64646,0.0
91.65718,170.72
91.66789,0.0
91.67861,170.62
91.68932,0.0
91.70003,170.56
91.71075,0.0
91.72146,170.6
91.73218,0.0
91.74289,170.38
91.75361,0.0
91.76432,170.38
91.77503,0.0
91.78575,170.48
91.79646,0.0
91.80718,170.32
91.81789,0.0
91.82861,170.46
91.83932,0.0
91.85003,170.44
91.86075,0.0
91.87146,170.46
91.88218,0.0
91.89289,170.52
91.90361,0.0
91.91432,170.48
91.92503,0.0
91.93575,170.36
91.94646,0.0
91.95718,170.4
91.96789,0.0
91.97861,170.56
91.98932,0.0
92.00003,170.66
92.01075,0.0
92.02146,170.38
92.03218,0.0
92.04289,170.6
92.05361,0.0
92.06432,170.5
92.07503,0.0
92.08575,170.26
92.09646,0.0
92.10718,170.52
92.11789,0.0
92.12861,170.54
92.13932,0.0
92.15003,170.44
92.16075,0.0
92.17146,170.48
92.18218,0.0
92.19289,170.46
92.20361,0.0
92.21432,170.56
92.22503,0.0
92.23575,170.34
92.24646,0.0
92.25718,170.46
92.26789,0.0
92.27861,170.7
92.28932,0.0
92.30003,170.62
92.31075,0.0
92.32146,170.34
92.33218,0.0
92.34289,170.32
92.35361,0.0
92.36432,170.3
92.37503,0.0
92.38575,170.2
92.39646,0.0
92.40718,170.4
92.41789,0.0
92.42861,170.68
92.43932,0.0
92.45003,170.62
92.46075,0.0
92.47146,170.4
92.48218,0.0
92.49289,170.52
92.50361,0.0
92.51432,170.72
92.52504,0.0
92.53575,170.4
92.54646,0.0
92.55718,170.2
92.56789,0.0
92.57861,170.28
92.58932,0.0
92.60004,170.0
92.61075,0.0
92.62146,169.92
92.63218,0.0
92.64289,170.34
92.65361,0.0
92.66432,170.56
92.67504,0.0
92.68575,170.52
92.69646,0.0
92.70718,170.4
92.71789,0.0
92.72861,170.4
92.73932,0.0
92.75004,170.38
92.76075,0.0
92.77146,170.36
92.78218,0.0
92.79289,170.42
92.80361,0.0
92.81432,170.7
92.82504,0.0
92.83575,170.34
92.84646,0.0
92.85718,170.04
92.86789,0.0
92.87861,170.08
92.88932,0.0
92.90004,170.24
92.91075,0.0
92.92146,170.36
92.93218,0.0
92.94289,170.32
92.95361,0.0
92.96432,170.48
92.97504,0.0
92.98575,170.42
92.99646,0.0
93.00718,170.38
93.01789,0.0
93.02861,170.58
93.03932,0.0
93.05004,170.56
93.06075,0.0
93.07146,170.32
93.08218,0.0
93.09289,170.16
93.10361,0.0
93.11432,170.28
93.12504,0.0
93.13575,170.12
93.14646,0.0
93.15718,170.4
93.16789,0.0
93.17861,170.44
93.18932,0.0
93.20004,170.38
93.21075,0.0
93.22146,170.44
93.23218,0.0
93.24289,170.46
93.25361,0.0
93.26432,170.4
93.27504,0.0
93.28575,170.04
93.29646,0.0
93.30718,170.0
93.31789,0.0
93.32861,170.24
93.33932,0.0
93.35004,170.24
93.36075,0.0
93.37146,170.08
93.38218,0.0
93.39289,170.34
93.40361,0.0
93.41432,170.52
93.42504,0.0
93.43575,170.52
93.44646,0.0
93.45718,170.48
93.46789,0.0
93.47861,170.32
93.48932,0.0
93.50004,170.26
93.51075,0.0
93.52146,170.42
93.53218,0.0
93.54289,170.46
93.55361,0.0
93.56432,170.38
93.57504,0.0
93.58575,170.56
93.59646,0.0
93.60718,170.32
93.61789,0.0
93.62861,170.16
93.63932,0.0
93.65004,170.32
93.66075,0.0
93.67146,170.44
93.68218,0.0
93.69289,170.2
93.70361,0.0
93.71432,170.36
93.72504,0.0
93.73575,170.24
93.74646,0.0
93.75718,170.12
93.76789,0.0
93.77861,170.52
93.78932,0.0
93.80004,170.38
93.81075,0.0
93.82146,170.38
93.83218,0.0
93.84289,170.46
93.85361,0.0
93.86432,170.5
93.87504,0.0
93.88575,170.52
93.89646,0.0
93.90718,170.48
93.91789,0.0
93.92861,170.46
93.93932,0.0
93.95004,170.52
93.96075,0.0
93.97146,170.58
93.98218,0.0
93.99289,170.64
94.00361,0.0
94.01432,170.44
94.02504,0.0
94.03575,170.34
94.04646,0.0
94.05718,170.3
94.06789,0.0
94.07861,170.62
94.08932,0.0
94.10004,170.5
94.11075,0.0
94.12146,170.12
94.13218,0.0
94.14289,170.16
94.15361,0.0
94.16432,170.38
94.17504,0.0
94.18575,170.32
94.19646,0.0
94.20718,170.34
94.21789,0.0
94.22861,170.38
94.23932,0.0
94.25004,170.3
94.26075,0.0
94.27146,170.3
94.28218,0.0
94.29289,170.4
94.30361,0.0
94.31432,170.4
94.32504,0.0
94.33575,170.3
94.34646,0.0
94.35718,170.48
94.36789,0.0
94.37861,170.66
94.38932,0.0
94.40004,170.5
94.41075,0.0
94.42146,170.5
94.43218,0.0
94.44289,170.56
94.45361,0.0
94.46432,170.6
94.47504,0.0
94.48575,170.48
94.49646,0.0
94.50718,170.56
94.51789,0.0
94.52861,170.36
94.53932,0.0
94.55004,170.42
94.56075,0.0
94.57146,170.34
94.58218,0.0
94.59289,170.4
94.60361,0.0
94.61432,170.56
94.62504,0.0
94.63575,170.46
94.64646,0.0
94.65718,170.42
94.66789,0.0
94.67861,170.44
94.68932,0.0
94.70004,170.44
94.71075,0.0
94.72146,170.34
94.73218,0.0
94.74289,170.58
94.75361,0.0
94.76432,170.42
94.77504,0.0
94.78575,170.5
94.79646,0.0
94.80718,170.62
94.81789,0.0
94.82861,170.56
94.83932,0.0
94.85004,170.6
94.86075,0.0
94.87146,170.48
94.88218,0.0
94.89289,170.26
94.90361,0.0
94.91432,170.54
94.92504,0.0
94.93575,170.36
94.94646,0.0
94.95718,170.3
94.96789,0.0
94.97861,170.42
94.98932,0.0
95.00004,170.42
95.01075,0.0
95.02146,170.7
95.03218,0.0
95.04289,170.76
95.05361,0.0
95.06432,170.5
95.07504,0.0
95.08575,170.54
95.09646,0.0
95.10718,170.42
95.11789,0.0
95.12861,170.72
95.13932,0.0
95.15004,170.76
95.16075,0.0
95.17146,170.7
95.18218,0.0
95.19289,170.68
95.20361,0.0
95.21432,170.86
95.22504,0.0
95.23575,170.76
95.24646,0.0
95.25718,170.5
95.26789,0.0
95.27861,170.5
95.28932,0.0
95.30004,170.76
95.31075,0.0
95.32146,170.7
95.33218,0.0
95.34289,170.74
95.35361,0.0
95.36432,170.98
95.37504,0.0
95.38575,171.08
95.39646,0.0
95.40718,171.18
95.41789,0.0
95.42861,171.56
95.43932,0.0
95.45004,171.79
95.46075,0.0
95.47146,172.14
95.48218,0.0
95.49289,172.23
95.50361,0.0
95.51432,172.4
95.52504,0.0
95.53575,172.74
95.54646,0.0
95.55718,172.59
95.56789,0.0
95.57861,172.67
95.58932,0.0
95.60004,172.52
95.61075,0.0
95.62146,172.54
95.63218,0.0
95.64289,172.66
95.65361,0.0
95.66432,172.59
95.67504,0.0
95.68575,172.46
95.69646,0.0
95.70718,172.43
95.71789,0.0
95.72861,172.15
95.73932,0.0
95.75004,172.0
95.76075,0.0
95.77146,172.05
95.78218,0.0
95.79289,171.97
95.80361,0.0
95.81432,172.02
95.82504,0.0
95.83575,172.09
95.84646,0.0
95.85718,172.0
95.86789,0.0
95.87861,171.9
95.88932,0.0
95.90004,171.74
95.91075,0.0
95.92146,171.6
95.93218,0.0
95.94289,171.76
95.95361,0.0
95.96432,171.73
95.97504,0.0
95.98575,171.7
95.99646,0.0
96.00718,171.55
96.01789,0.0
96.02861,171.2
96.03932,0.0
96.05004,171.24
96.06075,0.0
96.07147,171.1
96.08218,0.0
96.09289,171.18
96.10361,0.0
96.11432,170.9
96.12504,0.0
96.13575,170.9
96.14647,0.0
96.15718,170.9
96.16789,0.0
96.17861,170.66
96.18932,0.0
96.20004,170.36
96.21075,0.0
96.22147,170.46
96.23218,0.0
96.24289,170.64
96.25361,0.0
96.26432,170.64
96.27504,0.0
96.28575,170.62
96.29647,0.0
96.30718,170.66
96.31789,0.0
96.32861,170.68
96.33932,0.0
96.35004,170.4
96.36075,0.0
96.37147,170.38
96.38218,0.0
96.39289,170.48
96.40361,0.0
96.41432,170.66
96.42504,0.0
96.43575,170.56
96.44647,0.0
96.45718,170.5
96.46789,0.0
96.47861,170.64
96.48932,0.0
96.50004,170.76
96.51075,0.0
96.52147,170.46
96.53218,0.0
96.54289,170.78
96.55361,0.0
96.56432,170.68
96.57504,0.0
96.58575,170.72
96.59647,0.0
96.60718,170.68
96.61789,0.0
96.62861,170.42
96.63932,0.0
96.65004,170.42
96.66075,0.0
96.67147,170.58
96.68218,0.0
96.69289,170.56
96.70361,0.0
96.71432,170.58
96.72504,0.0
96.73575,170.58
96.74647,0.0
96.75718,170.72
96.76789,0.0
96.77861,170.66
96.78932,0.0
96.80004,170.52
96.81075,0.0
96.82147,170.44
96.83218,0.0
96.84289,170.28
96.85361,0.0
96.86432,170.28
96.87504,0.0
96.88575,170.36
96.89647,0.0
96.90718,170.3
96.91789,0.0
96.92861,170.54
96.93932,0.0
96.95004,170.44
96.96075,0.0
96.97147,170.26
96.98218,0.0
96.99289,170.38
97.00361,0.0
97.01432,170.28
97.02504,0.0
97.03575,170.5
97.04647,0.0
97.05718,170.6
97.06789,0.0
97.07861,170.46
97.08932,0.0
97.10004,170.54
97.11075,0.0
97.12147,170.7
97.13218,0.0
97.14289,170.62
97.15361,0.0
97.16432,170.58
97.17504,0.0
97.18575,170.42
97.19647,0.0
97.20718,170.62
97.21789,0.0
97.22861,170.66
97.23932,0.0
97.25004,170.4
97.26075,0.0
97.27147,170.36
97.28218,0.0
97.29289,170.64
97.30361,0.0
97.31432,170.6
97.32504,0.0
97.33575,170.42
97.34647,0.0
97.35718,170.6
97.36789,0.0
97.37861,170.64
97.38932,0.0
97.40004,170.44
97.41075,0.0
97.42147,170.16
97.43218,0.0
97.44289,170.3
97.45361,0.0
97.46432,170.2
97.47504,0.0
97.48575,170.34
97.49647,0.0
97.50718,170.46
97.51789,0.0
97.52861,170.32
97.53932,0.0
97.55004,170.3
97.56075,0.0
97.57147,170.46
97.58218,0.0
97.59289,170.5
97.60361,0.0
97.61432,170.32
97.62504,0.0
97.63575,170.48
97.64647,0.0
97.65718,170.3
97.66789,0.0
97.67861,170.36
97.68932,0.0
97.70004,170.5
97.71075,0.0
97.72147,170.52
97.73218,0.0
97.74289,170.52
97.75361,0.0
97.76432,170.36
97.77504,0.0
97.78575,170.42
97.79647,0.0
97.80718,170.34
97.81789,0.0
97.82861,170.32
97.83932,0.0
97.85004,170.58
97.86075,0.0
97.87147,170.6
97.88218,0.0
97.89289,170.52
97.90361,0.0
97.91432,170.54
97.92504,0.0
97.93575,170.38
97.94647,0.0
97.95718,170.82
97.96789,0.0
97.97861,170.68
97.98932,0.0
98.00004,170.3
98.01075,0.0
98.02147,170.38
98.03218,0.0
98.04289,170.54
98.05361,0.0
98.06432,170.48
98.07504,0.0
98.08575,170.42
98.09647,0.0
98.10718,170.24
98.11789,0.0
98.12861,170.5
98.13932,0.0
98.15004,170.46
98.16075,0.0
98.17147,170.44
98.18218,0.0
98.19289,170.42
98.20361,0.0
98.21432,170.72
98.22504,0.0
98.23575,170.72
98.24647,0.0
98.25718,170.6
98.26789,0.0
98.27861,170.52
98.28932,0.0
98.30004,170.4
98.31075,0.0
98.32147,170.62
98.33218,0.0
98.34289,170.78
98.35361,0.0
98.36432,171.04
98.37504,0.0
98.38575,170.46
98.39647,0.0
98.40718,170.48
98.41789,0.0
98.42861,170.62
98.43932,0.0
98.45004,170.58
98.46075,0.0
98.47147,170.6
98.48218,0.0
98.49289,170.7
98.50361,0.0
98.51432,170.6
98.52504,0.0
98.53575,170.72
98.54647,0.0
98.55718,170.8
98.56789,0.0
98.57861,170.62
98.58932,0.0
98.60004,170.64
98.61075,0.0
98.62147,170.78
98.63218,0.0
98.64289,170.8
98.65361,0.0
98.66432,170.92
98.67504,0.0
98.68575,170.86
98.69647,0.0
98.70718,171.0
98.71789,0.0
98.72861,170.72
98.73932,0.0
98.75004,170.9
98.76075,0.0
98.77147,171.02
98.78218,0.0
98.79289,171.08
98.80361,0.0
98.81432,171.14
98.82504,0.0
98.83575,170.88
98.84647,0.0
98.85718,170.78
98.86789,0.0
98.87861,170.74
98.88932,0.0
98.90004,170.92
98.91075,0.0
98.92147,171.18
98.93218,0.0
98.94289,171.18
98.95361,0.0
98.96432,171.4
98.97504,0.0
98.98575,171.48
98.99647,0.0
99.00718,171.22
99.01789,0.0
99.02861,171.38
99.03932,0.0
99.05004,171.42
99.06075,0.0
99.07147,171.44
99.08218,0.0
99.09289,171.55
99.10361,0.0
99.11432,171.62
99.12504,0.0
99.13575,171.86
99.14647,0.0
99.15718,171.9
99.16789,0.0
99.17861,171.95
99.18932,0.0
99.20004,172.01
99.21075,0.0
99.22147,172.07
99.23218,0.0
99.24289,172.12
99.25361,0.0
99.26432,172.43
99.27504,0.0
99.28575,172.65
99.29647,0.0
99.30718,172.59
99.31789,327.68
99.32861,172.9
99.33932,327.68
99.35004,173.17
99.36075,0.0
99.37147,173.33
99.38218,327.68
99.39289,173.59
99.40361,0.0
99.41432,173.81
99.42504,327.68
99.43575,174.05
99.44647,327.68
99.45718,174.05
99.46789,327.68
99.47861,174.07
99.48932,0.0
99.50004,174.19
99.51075,491.52
99.52147,174.22
99.53218,163.84
99.54289,174.14
99.55361,327.68
99.56432,174.02
99.57504,327.68
99.58575,173.91
99.59647,0.0
99.60718,173.96
99.61789,0.0
99.62861,174.06
99.63932,0.0
99.65004,173.7
99.66075,327.68
99.67147,173.72
99.68218,327.68
99.6929,173.7
99.70361,0.0
99.71432,173.77
99.72504,0.0
99.73575,173.55
99.74647,0.0
99.75718,173.48
99.7679,327.68
99.77861,173.46
99.78932,327.68
99.80004,173.44
99.81075,327.68
99.82147,173.42
99.83218,327.68
99.8429,173.29
99.85361,327.68
99.86432,173.3
99.87504,327.68
99.88575,173.15
99.89647,0.0
99.90718,173.07
99.9179,327.68
99.92861,173.03
99.93932,327.68
99.95004,172.83
99.96075,0.0
99.97147,172.55
99.98218,0.0
99.9929,172.43
100.00361,0.0
100.01432,172.26
100.02504,0.0
100.03575,172.18
100.04647,0.0
100.05718,172.18
100.0679,0.0
100.07861,172.04
100.08932,0.0
100.10004,171.87
100.11075,0.0
100.12147,171.81
100.13218,0.0
100.1429,171.66
100.15361,0.0
100.16432,171.38
100.17504,0.0
100.18575,171.38
100.19647,0.0
100.20718,171.34
100.2179,0.0
100.22861,171.08
100.23932,0.0
100.25004,171.06
100.26075,0.0
100.27147,171.12
100.28218,0.0
100.2929,171.3
100.30361,0.0
100.31432,171.08
100.32504,0.0
100.33575,171.06
100.34647,0.0
100.35718,170.96
100.3679,0.0
100.37861,171.04
100.38932,0.0
100.40004,171.18
100.41075,0.0
100.42147,170.94
100.43218,0.0
100.4429,170.72
100.45361,0.0
100.46432,170.44
100.47504,0.0
100.48575,170.86
100.49647,0.0
100.50718,170.9
100.5179,0.0
100.52861,170.64
100.53932,0.0
100.55004,171.0
100.56075,0.0
100.57147,170.78
100.58218,0.0
100.5929,170.78
100.60361,0.0
100.61432,170.48
100.62504,0.0
100.63575,170.46
100.64647,0.0
100.65718,170.44
100.6679,0.0
100.67861,170.36
100.68932,0.0
100.70004,170.74
100.71075,0.0
100.72147,171.1
100.73218,0.0
100.7429,170.96
100.75361,0.0
100.76432,170.78
100.77504,0.0
100.78575,170.52
100.79647,0.0
100.80718,170.52
100.8179,0.0
100.82861,170.6
100.83932,0.0
100.85004,170.88
100.86075,0.0
100.87147,170.6
100.88218,0.0
100.8929,170.56
100.90361,0.0
100.91432,170.66
100.92504,0.0
100.93575,170.56
100.94647,0.0
100.95718,170.7
100.9679,0.0
100.97861,170.62
100.98932,0.0
101.00004,170.64
101.01075,0.0
101.02147,170.68
101.03218,0.0
101.0429,170.84
101.05361,0.0
101.06432,170.94
101.07504,0.0
101.08575,171.22
101.09647,0.0
101.10718,170.84
101.1179,0.0
101.12861,170.72
101.13932,0.0
101.15004,170.98
101.16075,0.0
101.17147,171.2
101.18218,0.0
101.1929,170.94
101.20361,0.0
101.21432,171.06
101.22504,0.0
101.23575,171.06
101.24647,0.0
101.25718,170.88
101.2679,0.0
101.27861,170.82
101.28932,0.0
101.30004,170.62
101.31075,0.0
101.32147,170.7
101.33218,0.0
101.3429,170.68
101.35361,0.0
101.36432,170.64
101.37504,0.0
101.38575,170.62
101.39647,0.0
101.40718,170.56
101.4179,0.0
101.42861,170.72
101.43932,0.0
101.45004,170.58
101.46075,0.0
101.47147,170.48
101.48218,0.0
101.4929,170.6
101.50361,0.0
101.51432,170.64
101.52504,0.0
101.53575,170.76
101.54647,0.0
101.55718,170.92
101.5679,0.0
101.57861,170.8
101.58932,0.0
101.60004,170.56
101.61075,0.0
101.62147,170.5
101.63218,0.0
101.6429,170.58
101.65361,0.0
101.66432,170.72
101.67504,0.0
101.68575,170.66
101.69647,0.0
101.70718,170.46
101.7179,0.0
101.72861,170.56
101.73932,0.0
101.75004,170.44
101.76075,0.0
101.77147,170.68
101.78218,0.0
101.7929,170.58
101.80361,0.0
101.81432,170.4
101.82504,0.0
101.83575,170.46
101.84647,0.0
101.85718,170.64
101.8679,0.0
101.87861,170.56
101.88932,0.0
101.90004,170.3
101.91075,0.0
101.92147,169.88
101.93218,0.0
101.9429,170.5
101.95361,0.0
101.96432,170.6
101.97504,0.0
101.98575,170.3
101.99647,0.0
102.00718,170.56
102.0179,0.0
102.02861,170.6
102.03932,0.0
102.05004,170.82
102.06075,0.0
102.07147,170.66
102.08218,0.0
102.0929,170.7
102.10361,0.0
102.11432,170.66
102.12504,0.0
102.13575,170.72
102.14647,0.0
102.15718,170.72
102.1679,0.0
102.17861,170.54
102.18932,0.0
102.20004,170.5
102.21075,0.0
102.22147,170.46
102.23218,0.0
102.2429,170.6
102.25361,0.0
102.26432,170.7
102.27504,0.0
102.28575,170.8
102.29647,0.0
102.30718,170.58
102.3179,0.0
102.32861,170.52
102.33932,0.0
102.35004,170.56
102.36075,0.0
102.37147,170.94
102.38218,0.0
102.3929,170.84
102.40361,0.0
102.41432,170.68
102.42504,0.0
102.43575,170.34
102.44647,0.0
102.45718,170.66
102.4679,0.0
102.47861,170.44
102.48932,0.0
102.50004,170.34
102.51075,0.0
102.52147,170.44
102.53218,0.0
102.5429,170.72
102.55361,0.0
102.56432,170.72
102.57504,0.0
102.58575,170.62
102.59647,0.0
102.60718,170.52
102.6179,0.0
102.62861,170.42
102.63932,0.0
102.65004,170.48
102.66075,0.0
102.67147,170.68
102.68218,0.0
102.6929,170.62
102.70361,0.0
102.71432,170.68
102.72504,0.0
102.73575,170.88
102.74647,0.0
102.75718,170.76
102.7679,0.0
102.77861,170.96
102.78932,0.0
102.80004,171.18
102.81075,0.0
102.82147,171.04
102.83218,0.0
102.8429,171.24
102.85361,0.0
102.86432,171.58
102.87504,0.0
102.88575,171.57
102.89647,0.0
102.90718,171.7
102.9179,0.0
102.92861,172.1
102.93932,0.0
102.95004,172.48
102.96075,0.0
102.97147,172.85
102.98218,327.68
102.9929,173.02
103.00361,327.68
103.01432,173.09
103.02504,0.0
103.03575,173.11
103.04647,327.68
103.05718,173.11
103.0679,327.68
103.07861,173.07
103.08932,0.0
103.10004,172.9
103.11075,0.0
103.12147,172.55
103.13218,0.0
103.1429,172.34
103.15361,0.0
103.16432,172.05
103.17504,0.0
103.18575,172.01
103.19647,0.0
103.20718,171.88
103.2179,0.0
103.22861,171.91
103.23933,0.0
103.25004,171.83
103.26075,0.0
103.27147,171.91
103.28218,0.0
103.2929,172.11
103.30361,0.0
103.31433,172.19
103.32504,0.0
103.33575,172.14
103.34647,0.0
103.35718,172.47
103.3679,0.0
103.37861,172.31
103.38933,0.0
103.40004,172.35
103.41075,0.0
103.42147,171.96
103.43218,0.0
103.4429,171.97
103.45361,0.0
103.46433,171.77
103.47504,0.0
103.48575,171.44
103.49647,0.0
103.50718,171.26
103.5179,0.0
103.52861,171.16
103.53933,0.0
103.55004,171.16
103.56075,0.0
103.57147,171.0
103.58218,0.0
103.5929,170.74
103.60361,0.0
103.61433,170.76
103.62504,0.0
103.63575,170.6
103.64647,0.0
103.65718,170.58
103.6679,0.0
103.67861,170.9
103.68933,0.0
103.70004,170.76
103.71075,0.0
103.72147,170.72
103.73218,0.0
103.7429,170.8
103.75361,0.0
103.76433,170.46
103.77504,0.0
103.78575,170.6
103.79647,0.0
103.80718,170.66
103.8179,0.0
103.82861,170.9
103.83933,0.0
103.85004,170.78
103.86075,0.0
103.87147,170.68
103.88218,0.0
103.8929,170.52
103.90361,0.0
103.91433,170.58
103.92504,0.0
103.93575,170.72
103.94647,0.0
103.95718,170.66
103.9679,0.0
103.97861,170.58
103.98933,0.0
104.00004,170.42
104.01075,0.0
104.02147,170.66
104.03218,0.0
104.0429,170.64
104.05361,0.0
104.06433,170.62
104.07504,0.0
104.08575,170.7
104.09647,0.0
104.10718,170.48
104.1179,0.0
104.12861,170.2
104.13933,0.0
104.15004,170.32
104.16075,0.0
104.17147,170.6
104.18218,0.0
104.1929,170.58
104.20361,0.0
104.21433,170.56
104.22504,0.0
104.23575,170.42
104.24647,0.0
104.25718,170.4
104.2679,0.0
104.27861,170.2
104.28933,0.0
104.30004,170.32
104.31075,0.0
104.32147,170.48
104.33218,0.0
104.3429,170.5
104.35361,0.0
104.36433,170.4
104.37504,0.0
104.38575,170.5
104.39647,0.0
104.40718,170.62
104.4179,0.0
104.42861,170.46
104.43933,0.0
104.45004,170.5
104.46075,0.0
104.47147,170.46
104.48218,0.0
104.4929,170.44
104.50361,0.0
104.51433,170.12
104.52504,0.0
104.53575,170.52
104.54647,0.0
104.55718,170.48
104.5679,0.0
104.57861,170.36
104.58933,0.0
104.60004,170.4
104.61075,0.0
104.62147,170.32
104.63218,0.0
104.6429,170.46
104.65361,0.0
104.66433,170.56
104.67504,0.0
104.68575,170.68
104.69647,0.0
104.70718,170.36
104.7179,0.0
104.72861,170.16
104.73933,0.0
104.75004,170.32
104.76075,0.0
104.77147,170.44
104.78218,0.0
104.7929,170.62
104.80361,0.0
104.81433,170.54
104.82504,0.0
104.83575,170.32
104.84647,0.0
104.85718,170.16
104.8679,0.0
104.87861,170.12
104.88933,0.0
104.90004,170.44
104.91075,0.0
104.92147,170.6
104.93218,0.0
104.9429,170.52
104.95361,0.0
104.96433,170.5
104.97504,0.0
104.98575,170.52
104.99647,0.0
105.00718,170.62
105.0179,0.0
105.02861,170.7
105.03933,0.0
105.05004,170.54
105.06075,0.0
105.07147,170.4
105.08218,0.0
105.0929,170.32
105.10361,0.0
105.11433,170.52
105.12504,0.0
105.13575,170.5
105.14647,0.0
105.15718,170.44
105.1679,0.0
105.17861,170.16
105.18933,0.0
105.20004,170.28
105.21075,0.0
105.22147,170.32
105.23218,0.0
105.2429,170.72
105.25361,0.0
105.26433,170.6
105.27504,0.0
105.28575,170.44
105.29647,0.0
105.30718,170.4
105.3179,0.0
105.32861,170.46
105.33933,0.0
105.35004,170.42
105.36075,0.0
105.37147,170.48
105.38218,0.0
105.3929,170.5
105.40361,0.0
105.41433,170.24
105.42504,0.0
105.43575,170.3
105.44647,0.0
105.45718,170.44
105.4679,0.0
105.47861,170.44
105.48933,0.0
105.50004,170.34
105.51075,0.0
105.52147,170.6
105.53218,0.0
105.5429,170.56
105.55361,0.0
105.56433,170.2
105.57504,0.0
105.58575,170.38
105.59647,0.0
105.60718,170.38
105.6179,0.0
105.62861,170.42
105.63933,0.0
105.65004,170.24
105.66075,0.0
105.67147,170.52
105.68218,0.0
105.6929,170.54
105.70361,0.0
105.71433,170.58
105.72504,0.0
105.73575,170.48
105.74647,0.0
105.75718,170.48
105.7679,0.0
105.77861,170.34
105.78933,0.0
105.80004,170.34
105.81075,0.0
105.82147,170.36
105.83218,0.0
105.8429,170.44
105.85361,0.0
105.86433,170.54
105.87504,0.0
105.88575,170.52
105.89647,0.0
105.90718,170.46
105.9179,0.0
105.92861,170.4
105.93933,0.0
105.95004,170.42
105.96075,0.0
105.97147,170.66
105.98218,0.0
105.9929,170.68
106.00361,0.0
106.01433,170.58
106.02504,0.0
106.03575,170.42
106.04647,0.0
106.05718,170.44
106.0679,0.0
106.07861,170.3
106.08933,0.0
106.10004,170.38
106.11075,0.0
106.12147,170.32
106.13218,0.0
106.1429,170.46
106.15361,0.0
106.16433,170.4
106.17504,0.0
106.18575,170.68
106.19647,0.0
106.20718,170.74
106.2179,0.0
106.22861,170.5
106.23933,0.0
106.25004,170.5
106.26075,0.0
106.27147,170.74
106.28218,0.0
106.2929,170.74
106.30361,0.0
106.31433,170.56
106.32504,0.0
106.33575,170.4
106.34647,0.0
106.35718,170.44
106.3679,0.0
106.37861,170.56
106.38933,0.0
106.40004,170.56
106.41075,0.0
106.42147,170.56
106.43218,0.0
106.4429,170.74
106.45361,0.0
106.46433,170.5
106.47504,0.0
106.48575,170.46
106.49647,0.0
106.50718,170.6
106.5179,0.0
106.52861,170.52
106.53933,0.0
106.55004,170.64
106.56075,0.0
106.57147,170.9
106.58218,0.0
106.5929,170.96
106.60361,0.0
106.61433,171.0
106.62504,0.0
106.63575,171.16
106.64647,0.0
106.65718,171.06
106.6679,0.0
106.67861,170.84
106.68933,0.0
106.70004,170.9
106.71075,0.0
106.72147,170.88
106.73218,0.0
106.7429,171.0
106.75361,0.0
106.76433,171.4
106.77504,0.0
106.78575,171.28
106.79647,0.0
106.80718,171.52
106.8179,0.0
106.82861,171.58
106.83933,0.0
106.85004,171.4
106.86076,0.0
106.87147,171.42
106.88218,0.0
106.8929,171.61
106.90361,0.0
106.91433,171.6
106.92504,0.0
106.93576,171.59
106.94647,0.0
106.95718,171.68
106.9679,0.0
106.97861,171.69
106.98933,0.0
107.00004,171.66
107.01076,0.0
107.02147,171.8
107.03218,0.0
107.0429,171.84
107.05361,0.0
107.06433,171.99
107.07504,0.0
107.08576,171.92
107.09647,0.0
107.10718,171.97
107.1179,0.0
107.12861,171.84
107.13933,0.0
107.15004,171.89
107.16076,0.0
107.17147,171.99
107.18218,0.0
107.1929,171.87
107.20361,0.0
107.21433,171.76
107.22504,0.0
107.23576,171.71
107.24647,0.0
107.25718,171.65
107.2679,0.0
107.27861,171.63
107.28933,0.0
107.30004,171.64
107.31076,0.0
107.32147,171.73
107.33218,0.0
107.3429,171.92
107.35361,0.0
107.36433,172.06
107.37504,0.0
107.38576,171.84
107.39647,0.0
107.40718,171.84
107.4179,0.0
107.42861,171.91
107.43933,0.0
107.45004,171.92
107.46076,0.0
107.47147,171.75
107.48218,0.0
107.4929,171.58
107.50361,0.0
107.51433,171.53
107.52504,0.0
107.53576,171.54
107.54647,0.0
107.55718,171.42
107.5679,0.0
107.57861,171.46
107.58933,0.0
107.60004,171.18
107.61076,0.0
107.62147,170.88
107.63218,0.0
107.6429,170.82
107.65361,0.0
107.66433,170.92
107.67504,0.0
107.68576,170.98
107.69647,0.0
107.70718,171.14
107.7179,0.0
107.72861,171.18
107.73933,0.0
107.75004,171.2
107.76076,0.0
107.77147,171.1
107.78218,0.0
107.7929,170.9
107.80361,0.0
107.81433,170.96
107.82504,0.0
107.83576,171.06
107.84647,0.0
107.85718,170.98
107.8679,0.0
107.87861,170.88
107.88933,0.0
107.90004,170.96
107.91076,0.0
107.92147,170.88
107.93218,0.0
107.9429,170.62
107.95361,0.0
107.96433,170.62
107.97504,0.0
107.98576,170.62
107.99647,0.0
108.00718,170.52
108.0179,0.0
108.02861,170.5
108.03933,0.0
108.05004,170.5
108.06076,0.0
108.07147,170.46
108.08218,0.0
108.0929,170.48
108.10361,0.0
108.11433,170.3
108.12504,0.0
108.13576,170.36
108.14647,0.0
108.15718,170.48
108.1679,0.0
108.17861,170.38
108.18933,0.0
108.20004,170.34
108.21076,0.0
108.22147,170.54
108.23218,0.0
108.2429,170.52
108.25361,0.0
108.26433,170.38
108.27504,0.0
108.28576,170.38
108.29647,0.0
108.30718,170.4
108.3179,0.0
108.32861,170.5
108.33933,0.0
108.35004,170.46
108.36076,0.0
108.37147,170.32
108.38218,0.0
108.3929,170.5
108.40361,0.0
108.41433,170.44
108.42504,0.0
108.43576,170.24
108.44647,0.0
108.45718,170.0
108.4679,0.0
108.47861,170.46
108.48933,0.0
108.50004,170.32
108.51076,0.0
108.52147,170.4
108.53218,0.0
108.5429,170.54
108.55361,0.0
108.56433,170.36
108.57504,0.0
108.58576,170.16
108.59647,0.0
108.60718,170.26
108.6179,0.0
108.62861,170.2
108.63933,0.0
108.65004,170.38
108.66076,0.0
108.67147,170.26
108.68218,0.0
108.6929,170.38
108.70361,0.0
108.71433,170.34
108.72504,0.0
108.73576,170.32
108.74647,0.0
108.75718,170.16
108.7679,0.0
108.77861,170.42
108.78933,0.0
108.80004,170.44
108.81076,0.0
108.82147,170.42
108.83218,0.0
108.8429,170.54
108.85361,0.0
108.86433,170.28
108.87504,0.0
108.88576,170.28
108.89647,0.0
108.90718,170.32
108.9179,0.0
108.92861,170.28
108.93933,0.0
108.95004,170.12
108.96076,0.0
108.97147,170.2
108.98218,0.0
108.9929,170.52
109.00361,0.0
109.01433,170.6
109.02504,0.0
109.03576,170.3
109.04647,0.0
109.05718,170.4
109.0679,0.0
109.07861,170.4
109.08933,0.0
109.10004,170.08
109.11076,0.0
109.12147,170.26
109.13218,0.0
109.1429,170.42
109.15361,0.0
109.16433,170.54
109.17504,0.0
109.18576,170.46
109.19647,0.0
109.20718,170.32
109.2179,0.0
109.22861,170.56
109.23933,0.0
109.25004,170.52
109.26076,0.0
109.27147,170.58
109.28218,0.0
109.2929,170.44
109.30361,0.0
109.31433,170.12
109.32504,0.0
109.33576,170.34
109.34647,0.0
109.35718,170.6
109.3679,0.0
109.37861,170.72
109.38933,0.0
109.40004,170.62
109.41076,0.0
109.42147,170.38
109.43218,0.0
109.4429,170.36
109.45361,0.0
109.46433,170.52
109.47504,0.0
109.48576,170.46
109.49647,0.0
109.50718,170.5
109.5179,0.0
109.52861,170.38
109.53933,0.0
109.55004,170.38
109.56076,0.0
109.57147,170.34
109.58218,0.0
109.5929,170.4
109.60361,0.0
109.61433,170.58
109.62504,0.0
109.63576,170.54
109.64647,0.0
109.65718,170.46
109.6679,0.0
109.67861,170.62
109.68933,0.0
109.70004,170.46
109.71076,0.0
109.72147,170.36
109.73218,0.0
109.7429,170.6
109.75361,0.0
109.76433,170.62
109.77504,0.0
109.78576,170.54
109.79647,0.0
109.80718,170.62
109.8179,0.0
109.82861,170.82
109.83933,0.0
109.85004,170.72
109.86076,0.0
109.87147,170.84
109.88218,0.0
109.8929,171.0
109.90361,0.0
109.91433,171.32
109.92504,0.0
109.93576,171.34
109.94647,0.0
109.95718,171.32
109.9679,0.0
109.97861,171.12
109.98933,0.0
110.00004,171.53
110.01076,0.0
110.02147,171.61
110.03218,0.0
110.0429,171.59
110.05361,0.0
110.06433,171.4
110.07504,0.0
110.08576,171.59
110.09647,0.0
110.10718,171.56
110.1179,0.0
110.12861,171.44
110.13933,0.0
110.15004,171.2
110.16076,0.0
110.17147,170.84
110.18218,0.0
110.1929,170.9
110.20361,0.0
110.21433,170.78
110.22504,0.0
110.23576,170.74
110.24647,0.0
110.25718,170.88
110.2679,0.0
110.27861,170.98
110.28933,0.0
110.30004,171.02
110.31076,0.0
110.32147,170.92
110.33218,0.0
110.3429,171.02
110.35361,0.0
110.36433,171.16
110.37504,0.0
110.38576,171.2
110.39647,0.0
110.40719,171.16
110.4179,0.0
110.42861,170.8
110.43933,0.0
110.45004,170.9
110.46076,0.0
110.47147,171.16
110.48219,0.0
110.4929,171.22
110.50361,0.0
110.51433,170.96
110.52504,0.0
110.53576,170.78
110.54647,0.0
110.55719,170.64
110.5679,0.0
110.57861,170.4
110.58933,0.0
110.60004,170.72
110.61076,0.0
110.62147,170.46
110.63219,0.0
110.6429,170.32
110.65361,0.0
110.66433,170.5
110.67504,0.0
110.68576,170.36
110.69647,0.0
110.70719,170.36
110.7179,0.0
110.72861,170.34
110.73933,0.0
110.75004,170.2
110.76076,0.0
110.77147,170.4
110.78219,0.0
110.7929,170.6
110.80361,0.0
110.81433,170.38
110.82504,0.0
110.83576,170.3
110.84647,0.0
110.85719,170.58
110.8679,0.0
110.87861,170.48
110.88933,0.0
110.90004,170.54
110.91076,0.0
110.92147,170.46
110.93219,0.0
110.9429,170.38
110.95361,0.0
110.96433,170.24
110.97504,0.0
110.98576,170.16
110.99647,0.0
111.00719,170.42
111.0179,0.0
111.02861,170.24
111.03933,0.0
111.05004,170.26
111.06076,0.0
111.07147,170.24
111.08219,0.0
111.0929,170.28
111.10361,0.0
111.11433,170.26
111.12504,0.0
111.13576,169.92
111.14647,0.0
111.15719,169.8
111.1679,0.0
111.17861,170.32
111.18933,0.0
111.20004,170.44
111.21076,0.0
111.22147,170.32
111.23219,0.0
111.2429,170.16
111.25361,0.0
111.26433,170.34
111.27504,0.0
111.28576,170.4
111.29647,0.0
111.30719,170.46
111.3179,0.0
111.32861,170.34
111.33933,0.0
111.35004,170.52
111.36076,0.0
111.37147,170.42
111.38219,0.0
111.3929,170.46
111.40361,0.0
111.41433,170.52
111.42504,0.0
111.43576,170.48
111.44647,0.0
111.45719,170.5
111.4679,0.0
111.47861,170.46
111.48933,0.0
111.50004,170.4
111.51076,0.0
111.52147,170.5
111.53219,0.0
111.5429,170.4
111.55361,0.0
111.56433,170.38
111.57504,0.0
111.58576,170.5
111.59647,0.0
111.60719,170.46
111.6179,0.0
111.62861,170.42
111.63933,0.0
111.65004,170.58
111.66076,0.0
111.67147,170.56
111.68219,0.0
111.6929,170.3
111.70361,0.0
111.71433,170.34
111.72504,0.0
111.73576,170.3
111.74647,0.0
111.75719,170.28
111.7679,0.0
111.77861,170.62
111.78933,0.0
111.80004,170.44
111.81076,0.0
111.82147,170.26
111.83219,0.0
111.8429,170.44
111.85361,0.0
111.86433,170.76
111.87504,0.0
111.88576,170.74
111.89647,0.0
111.90719,170.84
111.9179,0.0
111.92861,170.86
111.93933,0.0
111.95004,170.9
111.96076,0.0
111.97147,170.78
111.98219,0.0
111.9929,170.78
112.00361,0.0
112.01433,171.14
112.02504,0.0
112.03576,171.18
112.04647,0.0
112.05719,171.48
112.0679,0.0
112.07861,171.46
112.08933,0.0
112.10004,171.4
112.11076,0.0
112.12147,171.2
112.13219,0.0
112.1429,171.16
112.15361,0.0
112.16433,171.04
112.17504,0.0
112.18576,170.82
112.19647,0.0
112.20719,170.8
112.2179,0.0
112.22861,170.9
112.23933,0.0
112.25004,170.88
112.26076,0.0
112.27147,170.8
112.28219,0.0
112.2929,170.56
112.30361,0.0
112.31433,170.66
112.32504,0.0
112.33576,170.78
112.34647,0.0
112.35719,170.9
112.3679,0.0
112.37861,170.88
112.38933,0.0
112.40004,170.78
112.41076,0.0
112.42147,170.9
112.43219,0.0
112.4429,170.82
112.45361,0.0
112.46433,170.68
112.47504,0.0
112.48576,170.68
112.49647,0.0
112.50719,170.62
112.5179,0.0
112.52861,170.62
112.53933,0.0
112.55004,170.66
112.56076,0.0
112.57147,170.72
112.58219,0.0
112.5929,170.74
112.60361,0.0
112.61433,170.6
112.62504,0.0
112.63576,170.42
112.64647,0.0
112.65719,170.3
112.6679,0.0
112.67861,170.24
112.68933,0.0
112.70004,170.6
112.71076,0.0
112.72147,170.54
112.73219,0.0
112.7429,170.58
112.75361,0.0
112.76433,170.3
112.77504,0.0
112.78576,170.36
112.79647,0.0
112.80719,170.64
112.8179,0.0
112.82861,170.56
112.83933,0.0
112.85004,170.46
112.86076,0.0
112.87147,170.46
112.88219,0.0
112.8929,170.46
112.90361,0.0
112.91433,170.46
112.92504,0.0
112.93576,170.34
112.94647,0.0
112.95719,170.42
112.9679,0.0
112.97861,170.5
112.98933,0.0
113.00004,170.54
113.01076,0.0
113.02147,170.38
113.03219,0.0
113.0429,170.58
113.05361,0.0
113.06433,170.66
113.07504,0.0
113.08576,170.64
113.09647,0.0
113.10719,170.56
113.1179,0.0
113.12861,170.44
113.13933,0.0
113.15004,170.64
113.16076,0.0
113.17147,170.64
113.18219,0.0
113.1929,170.36
113.20361,0.0
113.21433,170.38
113.22504,0.0
113.23576,170.4
113.24647,0.0
113.25719,170.42
113.2679,0.0
113.27861,170.52
113.28933,0.0
113.30004,170.62
113.31076,0.0
113.32147,170.62
113.33219,0.0
113.3429,170.42
113.35361,0.0
113.36433,170.68
113.37504,0.0
113.38576,170.42
113.39647,0.0
113.40719,170.38
113.4179,0.0
113.42861,170.42
113.43933,0.0
113.45004,170.64
113.46076,0.0
113.47147,170.66
113.48219,0.0
113.4929,170.66
113.50361,0.0
113.51433,170.72
113.52504,0.0
113.53576,170.82
113.54647,0.0
113.55719,170.98
113.5679,0.0
113.57861,171.2
113.58933,0.0
113.60004,171.46
113.61076,0.0
113.62147,171.52
113.63219,0.0
113.6429,171.61
113.65361,0.0
113.66433,171.55
113.67504,0.0
113.68576,171.46
113.69647,0.0
113.70719,171.22
113.7179,0.0
113.72861,171.36
113.73933,0.0
113.75004,171.16
113.76076,0.0
113.77147,170.9
113.78219,0.0
113.7929,170.94
113.80361,0.0
113.81433,170.86
113.82504,0.0
113.83576,170.9
113.84647,0.0
113.85719,170.84
113.8679,0.0
113.87861,170.78
113.88933,0.0
113.90004,170.98
113.91076,0.0
113.92147,170.66
113.93219,0.0
113.9429,170.64
113.95362,0.0
113.96433,170.86
113.97504,0.0
113.98576,170.98
113.99647,0.0
114.00719,170.9
114.0179,0.0
114.02862,170.9
114.03933,0.0
114.05004,170.8
114.06076,0.0
114.07147,170.78
114.08219,0.0
114.0929,170.88
114.10362,0.0
114.11433,170.72
114.12504,0.0
114.13576,170.62
114.14647,0.0
114.15719,170.72
114.1679,0.0
114.17862,170.44
114.18933,0.0
114.20004,170.46
114.21076,0.0
114.22147,170.52
114.23219,0.0
114.2429,170.68
114.25362,0.0
114.26433,170.58
114.27504,0.0
114.28576,170.38
114.29647,0.0
114.30719,170.48
114.3179,0.0
114.32862,170.16
114.33933,0.0
114.35004,170.56
114.36076,0.0
114.37147,170.6
114.38219,0.0
114.3929,170.46
114.40362,0.0
114.41433,170.58
114.42504,0.0
114.43576,170.54
114.44647,0.0
114.45719,170.42
114.4679,0.0
114.47862,170.6
114.48933,0.0
114.50004,170.74
114.51076,0.0
114.52147,170.92
114.53219,0.0
114.5429,171.02
114.55362,0.0
114.56433,170.68
114.57504,0.0
114.58576,170.84
114.59647,0.0
114.60719,170.84
114.6179,0.0
114.62862,170.68
114.63933,0.0
114.65004,170.72
114.66076,0.0
114.67147,170.58
114.68219,0.0
114.6929,170.48
114.70362,0.0
114.71433,170.6
114.72504,0.0
114.73576,170.56
114.74647,0.0
114.75719,170.66
114.7679,0.0
114.77862,170.46
114.78933,0.0
114.80004,170.52
114.81076,0.0
114.82147,170.84
114.83219,0.0
114.8429,170.78
114.85362,0.0
114.86433,170.66
114.87504,0.0
114.88576,170.6
114.89647,0.0
114.90719,170.76
114.9179,0.0
114.92862,170.7
114.93933,0.0
114.95004,170.68
114.96076,0.0
114.97147,170.48
114.98219,0.0
114.9929,170.42
115.00362,0.0
115.01433,170.36
115.02504,0.0
115.03576,170.44
115.04647,0.0
115.05719,170.32
115.0679,0.0
115.07862,170.32
115.08933,0.0
115.10004,170.16
115.11076,0.0
115.12147,170.44
115.13219,0.0
115.1429,170.66
115.15362,0.0
115.16433,170.46
115.17504,0.0
115.18576,170.4
115.19647,0.0
115.20719,170.42
115.2179,0.0
115.22862,170.6
115.23933,0.0
115.25004,170.44
115.26076,0.0
115.27147,170.42
115.28219,0.0
115.2929,170.56
115.30362,0.0
115.31433,170.3
115.32504,0.0
115.33576,170.08
115.34647,0.0
115.35719,170.2
115.3679,0.0
115.37862,170.2
115.38933,0.0
115.40004,170.4
115.41076,0.0
115.42147,170.56
115.43219,0.0
115.4429,170.48
115.45362,0.0
115.46433,170.44
115.47504,0.0
115.48576,170.26
115.49647,0.0
115.50719,170.26
115.5179,0.0
115.52862,170.24
115.53933,0.0
115.55004,170.5
115.56076,0.0
115.57147,170.12
115.58219,0.0
115.5929,170.54
115.60362,0.0
115.61433,170.52
115.62504,0.0
115.63576,170.48
115.64647,0.0
115.65719,170.28
115.6679,0.0
115.67862,170.32
115.68933,0.0
115.70004,170.44
115.71076,0.0
115.72147,170.42
115.73219,0.0
115.7429,170.54
115.75362,0.0
115.76433,170.46
115.77504,0.0
115.78576,170.42
115.79647,0.0
115.80719,170.36
115.8179,0.0
115.82862,170.16
115.83933,0.0
115.85004,170.28
115.86076,0.0
115.87147,170.58
115.88219,0.0
115.8929,170.48
115.90362,0.0
115.91433,170.28
115.92504,0.0
115.93576,170.32
115.94647,0.0
115.95719,170.24
115.9679,0.0
115.97862,170.3
115.98933,0.0
116.00004,170.3
116.01076,0.0
116.02147,170.44
116.03219,0.0
116.0429,170.56
116.05362,0.0
116.06433,170.38
116.07504,0.0
116.08576,170.64
116.09647,0.0
116.10719,170.68
116.1179,0.0
116.12862,170.52
116.13933,0.0
116.15004,170.54
116.16076,0.0
116.17147,170.6
116.18219,0.0
116.1929,170.4
116.20362,0.0
116.21433,170.36
116.22504,0.0
116.23576,170.54
116.24647,0.0
116.25719,170.46
116.2679,0.0
116.27862,170.66
116.28933,0.0
116.30004,170.74
116.31076,0.0
116.32147,170.6
116.33219,0.0
116.3429,170.52
116.35362,0.0
116.36433,170.72
116.37504,0.0
116.38576,170.66
116.39647,0.0
116.40719,170.6
116.4179,0.0
116.42862,170.6
116.43933,0.0
116.45004,170.5
116.46076,0.0
116.47147,170.32
116.48219,0.0
116.4929,170.36
116.50362,0.0
116.51433,170.64
116.52504,0.0
116.53576,170.72
116.54647,0.0
116.55719,170.7
116.5679,0.0
116.57862,170.56
116.58933,0.0
116.60004,170.44
116.61076,0.0
116.62147,170.54
116.63219,0.0
116.6429,170.86
116.65362,0.0
116.66433,170.92
116.67504,0.0
116.68576,170.76
116.69647,0.0
116.70719,170.68
116.7179,0.0
116.72862,170.88
116.73933,0.0
116.75004,170.78
116.76076,0.0
116.77147,170.76
116.78219,0.0
116.7929,171.04
116.80362,0.0
116.81433,171.14
116.82504,0.0
116.83576,171.16
116.84647,0.0
116.85719,171.22
116.8679,0.0
116.87862,171.46
116.88933,0.0
116.90004,171.44
116.91076,0.0
116.92147,171.62
116.93219,0.0
116.9429,171.78
116.95362,0.0
116.96433,172.05
116.97504,0.0
116.98576,171.97
116.99647,0.0
117.00719,172.05
117.0179,0.0
117.02862,172.12
117.03933,0.0
117.05004,172.17
117.06076,0.0
117.07147,172.13
117.08219,0.0
117.0929,172.13
117.10362,0.0
117.11433,172.23
117.12504,0.0
117.13576,172.2
117.14647,0.0
117.15719,172.12
117.1679,0.0
117.17862,172.24
117.18933,0.0
117.20004,172.15
117.21076,0.0
117.22147,172.34
117.23219,0.0
117.2429,172.53
117.25362,0.0
117.26433,172.62
117.27504,0.0
117.28576,172.64
117.29647,327.68
117.30719,172.81
117.3179,327.68
117.32862,172.96
117.33933,0.0
117.35004,173.21
117.36076,0.0
117.37147,173.37
117.38219,327.68
117.3929,173.25
117.40362,0.0
117.41433,173.44
117.42504,327.68
117.43576,173.53
117.44647,327.68
117.45719,173.52
117.4679,327.68
117.47862,173.39
117.48933,0.0
117.50005,173.42
117.51076,0.0
117.52147,173.21
117.53219,327.68
117.5429,173.09
117.55362,327.68
117.56433,173.02
117.57505,327.68
117.58576,172.93
117.59647,0.0
117.60719,172.83
117.6179,0.0
117.62862,172.85
117.63933,0.0
117.65005,172.74
117.66076,0.0
117.67147,172.63
117.68219,0.0
117.6929,172.8
117.70362,0.0
117.71433,172.58
117.72505,0.0
117.73576,172.54
117.74647,0.0
117.75719,172.42
117.7679,0.0
117.77862,172.41
117.78933,0.0
117.80005,172.62
117.81076,0.0
117.82147,172.45
117.83219,0.0
117.8429,172.52
117.85362,0.0
117.86433,172.44
117.87505,0.0
117.88576,172.38
117.89647,0.0
117.90719,172.29
117.9179,0.0
117.92862,172.07
117.93933,0.0
117.95005,171.73
117.96076,0.0
117.97147,171.78
117.98219,0.0
117.9929,171.93
118.00362,0.0
118.01433,171.71
118.02505,0.0
118.03576,171.55
118.04647,0.0
118.05719,171.66
118.0679,0.0
118.07862,171.53
118.08933,0.0
118.10005,171.02
118.11076,0.0
118.12147,170.98
118.13219,0.0
118.1429,170.82
118.15362,0.0
118.16433,170.96
118.17505,0.0
118.18576,171.02
118.19647,0.0
118.20719,171.12
118.2179,0.0
118.22862,170.94
118.23933,0.0
118.25005,170.78
118.26076,0.0
118.27147,170.38
118.28219,0.0
118.2929,170.62
118.30362,0.0
118.31433,170.48
118.32505,0.0
118.33576,170.86
118.34647,0.0
118.35719,170.68
118.3679,0.0
118.37862,170.78
118.38933,0.0
118.40005,170.98
118.41076,0.0
118.42147,170.74
118.43219,0.0
118.4429,170.78
118.45362,0.0
118.46433,170.72
118.47505,0.0
118.48576,170.72
118.49647,0.0
118.50719,170.68
118.5179,0.0
118.52862,170.7
118.53933,0.0
118.55005,170.76
118.56076,0.0
118.57147,170.62
118.58219,0.0
118.5929,170.52
118.60362,0.0
118.61433,170.64
118.62505,0.0
118.63576,170.46
118.64647,0.0
118.65719,170.74
118.6679,0.0
118.67862,170.4
118.68933,0.0
118.70005,170.74
118.71076,0.0
118.72147,170.82
118.73219,0.0
118.7429,170.72
118.75362,0.0
118.76433,170.7
118.77505,0.0
118.78576,170.46
118.79647,0.0
118.80719,170.58
118.8179,0.0
118.82862,170.42
118.83933,0.0
118.85005,170.54
118.86076,0.0
118.87147,170.56
118.88219,0.0
118.8929,170.54
118.90362,0.0
118.91433,170.46
118.92505,0.0
118.93576,170.58
118.94647,0.0
118.95719,170.72
118.9679,0.0
118.97862,170.6
118.98933,0.0
119.00005,170.54
119.01076,0.0
119.02147,170.48
119.03219,0.0
119.0429,170.56
119.05362,0.0
119.06433,170.96
119.07505,0.0
119.08576,170.56
119.09647,0.0
119.10719,170.5
119.1179,0.0
119.12862,170.5
119.13933,0.0
119.15005,170.68
119.16076,0.0
119.17147,170.54
119.18219,0.0
119.1929,170.5
119.20362,0.0
119.21433,170.52
119.22505,0.0
119.23576,170.6
119.24647,0.0
119.25719,170.5
119.2679,0.0
119.27862,170.56
119.28933,0.0
119.30005,170.7
119.31076,0.0
119.32147,170.68
119.33219,0.0
119.3429,170.6
119.35362,0.0
119.36433,170.52
119.37505,0.0
119.38576,170.5
119.39647,0.0
119.40719,170.64
119.4179,0.0
119.42862,170.7
119.43933,0.0
119.45005,170.38
119.46076,0.0
119.47147,170.48
119.48219,0.0
119.4929,170.54
119.50362,0.0
119.51433,170.44
119.52505,0.0
119.53576,170.64
119.54647,0.0
119.55719,170.46
119.5679,0.0
119.57862,170.4
119.58933,0.0
119.60005,170.52
119.61076,0.0
119.62147,170.62
119.63219,0.0
119.6429,170.84
119.65362,0.0
119.66433,170.6
119.67505,0.0
119.68576,170.42
119.69647,0.0
119.70719,170.64
119.7179,0.0
119.72862,170.52
119.73933,0.0
119.75005,170.66
119.76076,0.0
119.77147,170.48
119.78219,0.0
119.7929,170.36
119.80362,0.0
119.81433,170.28
119.82505,0.0
119.83576,170.48
119.84647,0.0
119.85719,170.74
119.8679,0.0
119.87862,170.78
119.88933,0.0
119.90005,170.88
119.91076,0.0
119.92147,170.98
119.93219,0.0
119.9429,170.84
119.95362,0.0
119.96433,170.66
119.97505,0.0
119.98576,170.7
119.99647,0.0
120.00719,170.48
120.0179,0.0
120.02862,170.7
120.03933,0.0
120.05005,170.66
120.06076,0.0
120.07147,170.54
120.08219,0.0
120.0929,170.56
120.10362,0.0
120.11433,170.66
120.12505,0.0
120.13576,170.8
120.14647,0.0
120.15719,170.62
120.1679,0.0
120.17862,170.54
120.18933,0.0
120.20005,170.86
120.21076,0.0
120.22147,170.84
120.23219,0.0
120.2429,170.78
120.25362,0.0
120.26433,170.94
120.27505,0.0
120.28576,170.9
120.29647,0.0
120.30719,170.7
120.3179,0.0
120.32862,170.88
120.33933,0.0
120.35005,171.12
120.36076,0.0
120.37147,171.28
120.38219,0.0
120.3929,171.36
120.40362,0.0
120.41433,171.34
120.42505,0.0
120.43576,171.53
120.44647,0.0
120.45719,171.2
120.4679,0.0
120.47862,171.42
120.48933,0.0
120.50005,171.53
120.51076,0.0
120.52147,171.55
120.53219,0.0
120.5429,171.9
120.55362,0.0
120.56433,172.02
120.57505,0.0
120.58576,172.01
120.59647,0.0
120.60719,172.2
120.6179,0.0
120.62862,172.37
120.63933,0.0
120.65005,172.55
120.66076,327.68
120.67147,172.88
120.68219,327.68
120.6929,172.97
120.70362,327.68
120.71433,173.1
120.72505,327.68
120.73576,173.2
120.74647,0.0
120.75719,173.23
120.7679,327.68
120.77862,173.33
120.78933,0.0
120.80005,173.32
120.81076,0.0
120.82147,173.24
120.83219,327.68
120.8429,173.18
120.85362,0.0
120.86433,173.16
120.87505,0.0
120.88576,173.01
120.89647,327.68
120.90719,173.04
120.9179,327.68
120.92862,173.01
120.93933,327.68
120.95005,173.0
120.96076,327.68
120.97147,172.9
120.98219,327.68
120.9929,172.88
121.00362,327.68
121.01433,172.92
121.02505,0.0
121.03576,172.75
121.04647,0.0
121.05719,172.65
121.0679,0.0
121.07862,172.6
121.08933,0.0
121.10005,172.56
121.11076,0.0
121.12148,172.5
121.13219,0.0
121.1429,172.57
121.15362,0.0
121.16433,172.71
121.17505,0.0
121.18576,172.58
121.19648,0.0
121.20719,172.56
121.2179,0.0
121.22862,172.33
121.23933,0.0
121.25005,172.28
121.26076,0.0
121.27148,172.11
121.28219,0.0
121.2929,172.05
121.30362,0.0
121.31433,172.01
121.32505,0.0
121.33576,171.88
121.34648,0.0
121.35719,171.82
121.3679,0.0
121.37862,171.76
121.38933,0.0
121.40005,171.69
121.41076,0.0
121.42148,171.55
121.43219,0.0
121.4429,171.54
121.45362,0.0
121.46433,171.56
121.47505,0.0
121.48576,171.3
121.49648,0.0
121.50719,171.12
121.5179,0.0
121.52862,171.08
121.53933,0.0
121.55005,170.84
121.56076,0.0
121.57148,171.02
121.58219,0.0
121.5929,170.78
121.60362,0.0
121.61433,170.96
121.62505,0.0
121.63576,170.82
121.64648,0.0
121.65719,170.72
121.6679,0.0
121.67862,170.78
121.68933,0.0
121.70005,170.6
121.71076,0.0
121.72148,170.62
121.73219,0.0
121.7429,170.64
121.75362,0.0
121.76433,170.58
121.77505,0.0
121.78576,170.76
121.79648,0.0
121.80719,170.98
121.8179,0.0
121.82862,170.72
121.83933,0.0
121.85005,170.7
121.86076,0.0
121.87148,170.6
121.88219,0.0
121.8929,170.74
121.90362,0.0
121.91433,170.7
121.92505,0.0
121.93576,170.76
121.94648,0.0
121.95719,170.78
121.9679,0.0
121.97862,170.66
121.98933,0.0
122.00005,170.52
122.01076,0.0
122.02148,170.58
122.03219,0.0
122.0429,170.5
122.05362,0.0
122.06433,170.28
122.07505,0.0
122.08576,170.26
122.09648,0.0
122.10719,170.44
122.1179,0.0
122.12862,170.64
122.13933,0.0
122.15005,170.56
122.16076,0.0
122.17148,170.5
122.18219,0.0
122.1929,170.38
122.20362,0.0
122.21433,170.16
122.22505,0.0
122.23576,170.26
122.24648,0.0
122.25719,170.58
122.2679,0.0
122.27862,170.58
122.28933,0.0
122.30005,170.4
122.31076,0.0
122.32148,170.46
122.33219,0.0
122.3429,170.58
122.35362,0.0
122.36433,170.32
122.37505,0.0
122.38576,170.36
122.39648,0.0
122.40719,170.52
122.4179,0.0
122.42862,170.48
122.43933,0.0
122.45005,170.48
122.46076,0.0
122.47148,170.38
122.48219,0.0
122.4929,170.36
122.50362,0.0
122.51433,170.44
122.52505,0.0
122.53576,170.58
122.54648,0.0
122.55719,170.6
122.5679,0.0
122.57862,170.38
122.58933,0.0
122.60005,170.36
122.61076,0.0
122.62148,170.46
122.63219,0.0
122.6429,170.38
122.65362,0.0
122.66433,170.58
122.67505,0.0
122.68576,170.48
122.69648,0.0
122.70719,170.4
122.7179,0.0
122.72862,170.36
122.73933,0.0
122.75005,169.96
122.76076,0.0
122.77148,170.08
122.78219,0.0
122.7929,170.42
122.80362,0.0
122.81433,170.5
122.82505,0.0
122.83576,170.24
122.84648,0.0
122.85719,170.04
122.8679,0.0
122.87862,170.04
122.88933,0.0
122.90005,170.4
122.91076,0.0
122.92148,170.5
122.93219,0.0
122.9429,170.5
122.95362,0.0
122.96433,170.0
122.97505,0.0
122.98576,170.28
122.99648,0.0
123.00719,170.42
123.0179,0.0
123.02862,169.96
123.03933,0.0
123.05005,170.08
123.06076,0.0
123.07148,170.48
123.08219,0.0
123.0929,170.4
123.10362,0.0
123.11433,170.3
123.12505,0.0
123.13576,170.32
123.14648,0.0
123.15719,170.34
123.1679,0.0
123.17862,170.34
123.18933,0.0
123.20005,170.3
123.21076,0.0
123.22148,170.08
123.23219,0.0
123.2429,170.52
123.25362,0.0
123.26433,170.2
123.27505,0.0
123.28576,170.12
123.29648,0.0
123.30719,170.3
123.3179,0.0
123.32862,170.0
123.33933,0.0
123.35005,170.32
123.36076,0.0
123.37148,170.36
123.38219,0.0
123.3929,170.48
123.40362,0.0
123.41433,170.56
123.42505,0.0
123.43576,170.56
123.44648,0.0
123.45719,170.4
123.4679,0.0
123.47862,170.36
123.48933,0.0
123.50005,170.4
123.51076,0.0
123.52148,170.38
123.53219,0.0
123.5429,170.42
123.55362,0.0
123.56433,170.5
123.57505,0.0
123.58576,170.4
123.59648,0.0
123.60719,170.2
123.6179,0.0
123.62862,170.36
123.63933,0.0
123.65005,170.52
123.66076,0.0
123.67148,170.7
123.68219,0.0
123.6929,170.9
123.70362,0.0
123.71433,170.82
123.72505,0.0
123.73576,170.64
123.74648,0.0
123.75719,170.88
123.7679,0.0
123.77862,170.8
123.78933,0.0
123.80005,171.22
123.81076,0.0
123.82148,171.28
123.83219,0.0
123.8429,171.22
123.85362,0.0
123.86433,171.36
123.87505,0.0
123.88576,171.46
123.89648,0.0
123.90719,171.02
123.9179,0.0
123.92862,171.16
123.93933,0.0
123.95005,170.96
123.96076,0.0
123.97148,170.82
123.98219,0.0
123.9929,170.76
124.00362,0.0
124.01433,170.68
124.02505,0.0
124.03576,170.74
124.04648,0.0
124.05719,170.78
124.0679,0.0
124.07862,170.54
124.08933,0.0
124.10005,170.48
124.11076,0.0
124.12148,170.46
124.13219,0.0
124.1429,170.64
124.15362,0.0
124.16433,170.88
124.17505,0.0
124.18576,170.76
124.19648,0.0
124.20719,170.7
124.2179,0.0
124.22862,170.72
124.23933,0.0
124.25005,170.86
124.26076,0.0
124.27148,170.72
124.28219,0.0
124.2929,170.56
124.30362,0.0
124.31433,170.68
124.32505,0.0
124.33576,170.74
124.34648,0.0
124.35719,170.74
124.3679,0.0
124.37862,170.7
124.38933,0.0
124.40005,170.48
124.41076,0.0
124.42148,170.34
124.43219,0.0
124.4429,170.24
124.45362,0.0
124.46433,170.5
124.47505,0.0
124.48576,170.72
124.49648,0.0
124.50719,170.76
124.5179,0.0
124.52862,170.82
124.53933,0.0
124.55005,170.9
124.56076,0.0
124.57148,170.68
124.58219,0.0
124.5929,170.74
124.60362,0.0
124.61433,170.82
124.62505,0.0
124.63576,170.78
124.64648,0.0
124.65719,170.58
124.66791,0.0
124.67862,170.42
124.68933,0.0
124.70005,170.48
124.71076,0.0
124.72148,170.46
124.73219,0.0
124.74291,170.42
124.75362,0.0
124.76433,170.56
124.77505,0.0
124.78576,170.44
124.79648,0.0
124.80719,170.3
124.81791,0.0
124.82862,170.46
124.83933,0.0
124.85005,170.42
124.86076,0.0
124.87148,170.66
124.88219,0.0
124.89291,170.66
124.90362,0.0
124.91433,170.56
124.92505,0.0
124.93576,170.58
124.94648,0.0
124.95719,170.68
124.96791,0.0
124.97862,170.5
124.98933,0.0
125.00005,170.54
125.01076,0.0
125.02148,170.3
125.03219,0.0
125.04291,170.38
125.05362,0.0
125.06433,170.5
125.07505,0.0
125.08576,170.4
125.09648,0.0
125.10719,170.52
125.11791,0.0
125.12862,170.52
125.13933,0.0
125.15005,170.4
125.16076,0.0
125.17148,170.2
125.18219,0.0
125.19291,170.54
125.20362,0.0
125.21433,170.34
125.22505,0.0
125.23576,170.34
125.24648,0.0
125.25719,170.42
125.26791,0.0
125.27862,170.44
125.28933,0.0
125.30005,170.36
125.31076,0.0
125.32148,170.34
125.33219,0.0
125.34291,170.4
125.35362,0.0
125.36433,170.5
125.37505,0.0
125.38576,170.44
125.39648,0.0
125.40719,170.2
125.41791,0.0
125.42862,170.4
125.43933,0.0
125.45005,170.36
125.46076,0.0
125.47148,170.46
125.48219,0.0
125.49291,170.32
125.50362,0.0
125.51433,170.36
125.52505,0.0
125.53576,170.16
125.54648,0.0
125.55719,170.16
125.56791,0.0
125.57862,170.2
125.58933,0.0
125.60005,170.16
125.61076,0.0
125.62148,170.46
125.63219,0.0
125.64291,170.38
125.65362,0.0
125.66433,170.32
125.67505,0.0
125.68576,170.38
125.69648,0.0
125.70719,170.34
125.71791,0.0
125.72862,170.16
125.73933,0.0
125.75005,170.38
125.76076,0.0
125.77148,170.64
125.78219,0.0
125.79291,170.42
125.80362,0.0
125.81433,170.42
125.82505,0.0
125.83576,170.26
125.84648,0.0
125.85719,170.38
125.86791,0.0
125.87862,170.46
125.88933,0.0
125.90005,170.3
125.91076,0.0
125.92148,170.08
125.93219,0.0
125.94291,170.38
125.95362,0.0
125.96433,170.2
125.97505,0.0
125.98576,170.4
125.99648,0.0
126.00719,170.48
126.01791,0.0
126.02862,170.38
126.03933,0.0
126.05005,170.38
126.06076,0.0
126.07148,170.2
126.08219,0.0
126.09291,170.36
126.10362,0.0
126.11433,170.42
126.12505,0.0
126.13576,170.42
126.14648,0.0
126.15719,170.2
126.16791,0.0
126.17862,170.2
126.18933,0.0
126.20005,170.5
126.21076,0.0
126.22148,170.38
126.23219,0.0
126.24291,170.26
126.25362,0.0
126.26433,170.34
126.27505,0.0
126.28576,170.26
126.29648,0.0
126.30719,170.32
126.31791,0.0
126.32862,170.6
126.33933,0.0
126.35005,170.5
126.36076,0.0
126.37148,170.6
126.38219,0.0
126.39291,170.44
126.40362,0.0
126.41433,170.08
126.42505,0.0
126.43576,170.6
126.44648,0.0
126.45719,170.52
126.46791,0.0
126.47862,170.58
126.48933,0.0
126.50005,170.4
126.51076,0.0
126.52148,170.56
126.53219,0.0
126.54291,170.54
126.55362,0.0
126.56433,170.36
126.57505,0.0
126.58576,170.24
126.59648,0.0
126.60719,170.52
126.61791,0.0
126.62862,170.4
126.63933,0.0
126.65005,170.34
126.66076,0.0
126.67148,170.48
126.68219,0.0
126.69291,170.54
126.70362,0.0
126.71433,170.68
126.72505,0.0
126.73576,170.62
126.74648,0.0
126.75719,170.7
126.76791,0.0
126.77862,170.8
126.78933,0.0
126.80005,170.84
126.81076,0.0
126.82148,170.94
126.83219,0.0
126.84291,170.82
126.85362,0.0
126.86433,171.0
126.87505,0.0
126.88576,170.78
126.89648,0.0
126.90719,170.84
126.91791,0.0
126.92862,170.78
126.93933,0.0
126.95005,170.94
126.96076,0.0
126.97148,170.82
126.98219,0.0
126.99291,170.76
127.00362,0.0
127.01433,170.76
127.02505,0.0
127.03576,170.86
127.04648,0.0
127.05719,171.06
127.06791,0.0
127.07862,171.18
127.08933,0.0
127.10005,171.02
127.11076,0.0
127.12148,171.38
127.13219,0.0
127.14291,171.48
127.15362,0.0
127.16433,170.98
127.17505,0.0
127.18576,170.82
127.19648,0.0
127.20719,170.86
127.21791,0.0
127.22862,170.68
127.23933,0.0
127.25005,171.08
127.26076,0.0
127.27148,170.7
127.28219,0.0
127.29291,170.52
127.30362,0.0
127.31433,170.48
127.32505,0.0
127.33576,170.6
127.34648,0.0
127.35719,170.6
127.36791,0.0
127.37862,170.64
127.38933,0.0
127.40005,170.62
127.41076,0.0
127.42148,170.68
127.43219,0.0
127.44291,170.6
127.45362,0.0
127.46433,170.44
127.47505,0.0
127.48576,170.5
127.49648,0.0
127.50719,170.7
127.51791,0.0
127.52862,170.72
127.53933,0.0
127.55005,170.9
127.56076,0.0
127.57148,170.86
127.58219,0.0
127.59291,170.7
127.60362,0.0
127.61433,170.64
127.62505,0.0
127.63576,170.38
127.64648,0.0
127.65719,170.28
127.66791,0.0
127.67862,170.5
127.68933,0.0
127.70005,170.62
127.71076,0.0
127.72148,170.44
127.73219,0.0
127.74291,170.48
127.75362,0.0
127.76433,170.38
127.77505,0.0
127.78576,170.48
127.79648,0.0
127.80719,170.36
127.81791,0.0
127.82862,170.46
127.83933,0.0
127.85005,170.28
127.86076,0.0
127.87148,170.2
127.88219,0.0
127.89291,170.48
127.90362,0.0
127.91433,170.42
127.92505,0.0
127.93576,170.38
127.94648,0.0
127.95719,170.48
127.96791,0.0
127.97862,170.2
127.98933,0.0
128.00005,170.42
128.01076,0.0
128.02148,170.5
128.03219,0.0
128.04291,170.4
128.05362,0.0
128.06433,170.44
128.07505,0.0
128.08576,170.58
128.09648,0.0
128.10719,170.42
128.11791,0.0
128.12862,170.44
128.13933,0.0
128.15005,170.3
128.16076,0.0
128.17148,170.36
128.18219,0.0
128.19291,170.32
128.20362,0.0
128.21434,170.24
128.22505,0.0
128.23576,170.38
128.24648,0.0
128.25719,170.26
128.26791,0.0
128.27862,170.48
128.28934,0.0
128.30005,170.46
128.31076,0.0
128.32148,170.42
128.33219,0.0
128.34291,170.48
128.35362,0.0
128.36434,170.38
128.37505,0.0
128.38576,170.26
128.39648,0.0
128.40719,170.28
128.41791,0.0
128.42862,170.4
128.43934,0.0
128.45005,170.42
128.46076,0.0
128.47148,170.38
128.48219,0.0
128.49291,170.26
128.50362,0.0
128.51434,170.42
128.52505,0.0
128.53576,170.66
128.54648,0.0
128.55719,170.56
128.56791,0.0
128.57862,170.34
128.58934,0.0
128.60005,170.32
128.61076,0.0
128.62148,170.58
128.63219,0.0
128.64291,170.56
128.65362,0.0
128.66434,170.52
128.67505,0.0
128.68576,170.72
128.69648,0.0
128.70719,170.84
128.71791,0.0
128.72862,170.9
128.73934,0.0
128.75005,170.58
128.76076,0.0
128.77148,170.94
128.78219,0.0
128.79291,170.82
128.80362,0.0
128.81434,170.56
128.82505,0.0
128.83576,170.88
128.84648,0.0
128.85719,170.8
128.86791,0.0
128.87862,170.48
128.88934,0.0
128.90005,170.48
128.91076,0.0
128.92148,170.32
128.93219,0.0
128.94291,170.26
128.95362,0.0
128.96434,170.32
128.97505,0.0
128.98576,170.4
128.99648,0.0
129.00719,170.26
129.01791,0.0
129.02862,170.42
129.03934,0.0
129.05005,170.66
129.06076,0.0
129.07148,170.64
129.08219,0.0
129.09291,170.6
129.10362,0.0
129.11434,170.58
129.12505,0.0
129.13576,170.56
129.14648,0.0
129.15719,170.78
129.16791,0.0
129.17862,170.52
129.18934,0.0
129.20005,170.84
129.21076,0.0
129.22148,170.8
129.23219,0.0
129.24291,170.56
129.25362,0.0
129.26434,170.36
129.27505,0.0
129.28576,170.54
129.29648,0.0
129.30719,170.76
129.31791,0.0
129.32862,170.7
129.33934,0.0
129.35005,170.56
129.36076,0.0
129.37148,170.7
129.38219,0.0
129.39291,170.62
129.40362,0.0
129.41434,170.62
129.42505,0.0
129.43576,170.66
129.44648,0.0
129.45719,170.56
129.46791,0.0
129.47862,170.68
129.48934,0.0
129.50005,170.82
129.51076,0.0
129.52148,170.68
129.53219,0.0
129.54291,170.94
129.55362,0.0
129.56434,171.14
129.57505,0.0
129.58576,170.94
129.59648,0.0
129.60719,171.36
129.61791,0.0
129.62862,171.18
129.63934,0.0
129.65005,171.3
129.66076,0.0
129.67148,170.86
129.68219,0.0
129.69291,170.66
129.70362,0.0
129.71434,170.8
129.72505,0.0
129.73576,170.92
129.74648,0.0
129.75719,170.62
129.76791,0.0
129.77862,170.4
129.78934,0.0
129.80005,170.58
129.81076,0.0
129.82148,170.84
129.83219,0.0
129.84291,170.76
129.85362,0.0
129.86434,170.74
129.87505,0.0
129.88576,170.84
129.89648,0.0
129.90719,171.0
129.91791,0.0
129.92862,171.28
129.93934,0.0
129.95005,171.34
129.96076,0.0
129.97148,171.46
129.98219,0.0
129.99291,171.64
130.00362,0.0
130.01434,171.26
130.02505,0.0
130.03576,170.96
130.04648,0.0
130.05719,170.64
130.06791,0.0
130.07862,170.64
130.08934,0.0
130.10005,170.62
130.11076,0.0
130.12148,170.78
130.13219,0.0
130.14291,170.56
130.15362,0.0
130.16434,170.66
130.17505,0.0
130.18576,170.48
130.19648,0.0
130.20719,170.32
130.21791,0.0
130.22862,170.64
130.23934,0.0
130.25005,170.64
130.26076,0.0
130.27148,170.6
130.28219,0.0
130.29291,170.44
130.30362,0.0
130.31434,170.34
130.32505,0.0
130.33576,170.34
130.34648,0.0
130.35719,170.6
130.36791,0.0
130.37862,170.74
130.38934,0.0
130.40005,170.66
130.41076,0.0
130.42148,170.7
130.43219,0.0
130.44291,170.48
130.45362,0.0
130.46434,170.5
130.47505,0.0
130.48576,170.68
130.49648,0.0
130.50719,170.58
130.51791,0.0
130.52862,170.42
130.53934,0.0
130.55005,170.54
130.56076,0.0
130.57148,170.68
130.58219,0.0
130.59291,170.54
130.60362,0.0
130.61434,170.48
130.62505,0.0
130.63576,170.28
130.64648,0.0
130.65719,170.48
130.66791,0.0
130.67862,170.32
130.68934,0.0
130.70005,170.32
130.71076,0.0
130.72148,170.32
130.73219,0.0
130.74291,170.34
130.75362,0.0
130.76434,170.62
130.77505,0.0
130.78576,170.56
130.79648,0.0
130.80719,170.54
130.81791,0.0
130.82862,170.46
130.83934,0.0
130.85005,170.58
130.86076,0.0
130.87148,170.48
130.88219,0.0
130.89291,170.62
130.90362,0.0
130.91434,170.42
130.92505,0.0
130.93576,170.54
130.94648,0.0
130.95719,170.3
130.96791,0.0
130.97862,170.32
130.98934,0.0
131.00005,170.36
131.01076,0.0
131.02148,170.38
131.03219,0.0
131.04291,170.36
131.05362,0.0
131.06434,170.38
131.07505,0.0
131.08576,170.48
131.09648,0.0
131.10719,170.72
131.11791,0.0
131.12862,170.36
131.13934,0.0
131.15005,170.08
131.16076,0.0
131.17148,170.38
131.18219,0.0
131.19291,170.56
131.20362,0.0
131.21434,170.6
131.22505,0.0
131.23576,170.46
131.24648,0.0
131.25719,170.12
131.26791,0.0
131.27862,170.34
131.28934,0.0
131.30005,170.5
131.31076,0.0
131.32148,170.36
131.33219,0.0
131.34291,169.92
131.35362,0.0
131.36434,170.42
131.37505,0.0
131.38576,170.66
131.39648,0.0
131.40719,170.44
131.41791,0.0
131.42862,170.08
131.43934,0.0
131.45005,170.32
131.46076,0.0
131.47148,170.2
131.48219,0.0
131.49291,170.16
131.50362,0.0
131.51434,170.26
131.52505,0.0
131.53576,170.16
131.54648,0.0
131.55719,170.58
131.56791,0.0
131.57862,170.16
131.58934,0.0
131.60005,170.42
131.61076,0.0
131.62148,170.38
131.63219,0.0
131.64291,170.34
131.65362,0.0
131.66434,170.42
131.67505,0.0
131.68576,170.5
131.69648,0.0
131.70719,170.4
131.71791,0.0
131.72862,170.32
131.73934,0.0
131.75005,170.16
131.76076,0.0
131.77148,170.0
131.78219,0.0
131.79291,170.24
131.80362,0.0
131.81434,170.32
131.82505,0.0
131.83577,170.26
131.84648,0.0
131.85719,170.32
131.86791,0.0
131.87862,170.44
131.88934,0.0
131.90005,170.5
131.91077,0.0
131.92148,170.5
131.93219,0.0
131.94291,170.48
131.95362,0.0
131.96434,170.5
131.97505,0.0
131.98577,170.7
131.99648,0.0
132.00719,170.5
132.01791,0.0
132.02862,170.2
132.03934,0.0
132.05005,170.36
132.06077,0.0
132.07148,170.16
132.08219,0.0
132.09291,170.3
132.10362,0.0
132.11434,170.38
132.12505,0.0
132.13577,170.12
132.14648,0.0
132.15719,170.12
132.16791,0.0
132.17862,170.2
132.18934,0.0
132.20005,170.3
132.21077,0.0
132.22148,170.54
132.23219,0.0
132.24291,170.4
132.25362,0.0
132.26434,170.34
132.27505,0.0
132.28577,170.26
132.29648,0.0
132.30719,170.32
132.31791,0.0
132.32862,170.28
132.33934,0.0
132.35005,170.08
132.36077,0.0
132.37148,170.36
132.38219,0.0
132.39291,170.64
132.40362,0.0
132.41434,170.52
132.42505,0.0
132.43577,170.28
132.44648,0.0
132.45719,170.56
132.46791,0.0
132.47862,170.46
132.48934,0.0
132.50005,170.46
132.51077,0.0
132.52148,170.48
132.53219,0.0
132.54291,170.24
132.55362,0.0
132.56434,170.42
132.57505,0.0
132.58577,170.68
132.59648,0.0
132.60719,170.54
132.61791,0.0
132.62862,170.5
132.63934,0.0
132.65005,170.56
132.66077,0.0
132.67148,170.7
132.68219,0.0
132.69291,170.72
132.70362,0.0
132.71434,170.9
132.72505,0.0
132.73577,170.78
132.74648,0.0
132.75719,170.9
132.76791,0.0
132.77862,170.76
132.78934,0.0
132.80005,170.84
132.81077,0.0
132.82148,171.06
132.83219,0.0
132.84291,170.84
132.85362,0.0
132.86434,170.68
132.87505,0.0
132.88577,170.78
132.89648,0.0
132.90719,170.52
132.91791,0.0
132.92862,170.44
132.93934,0.0
132.95005,170.56
132.96077,0.0
132.97148,170.5
132.98219,0.0
132.99291,170.52
133.00362,0.0
133.01434,170.78
133.02505,0.0
133.03577,170.58
133.04648,0.0
133.05719,170.4
133.06791,0.0
133.07862,170.54
133.08934,0.0
133.10005,170.8
133.11077,0.0
133.12148,170.82
133.13219,0.0
133.14291,170.82
133.15362,0.0
133.16434,170.7
133.17505,0.0
133.18577,170.7
133.19648,0.0
133.20719,170.78
133.21791,0.0
133.22862,170.74
133.23934,0.0
133.25005,170.8
133.26077,0.0
133.27148,170.84
133.28219,0.0
133.29291,170.48
133.30362,0.0
133.31434,170.48
133.32505,0.0
133.33577,170.36
133.34648,0.0
133.35719,170.34
133.36791,0.0
133.37862,170.4
133.38934,0.0
133.40005,170.42
133.41077,0.0
133.42148,170.36
133.43219,0.0
133.44291,170.5
133.45362,0.0
133.46434,170.48
133.47505,0.0
133.48577,170.48
133.49648,0.0
133.50719,170.4
133.51791,0.0
133.52862,170.28
133.53934,0.0
133.55005,170.48
133.56077,0.0
133.57148,170.44
133.58219,0.0
133.59291,170.24
133.60362,0.0
133.61434,170.46
133.62505,0.0
133.63577,170.46
133.64648,0.0
133.65719,170.42
133.66791,0.0
133.67862,170.32
133.68934,0.0
133.70005,170.26
133.71077,0.0
133.72148,170.32
133.73219,0.0
133.74291,170.44
133.75362,0.0
133.76434,170.24
133.77505,0.0
133.78577,170.3
133.79648,0.0
133.80719,170.38
133.81791,0.0
133.82862,170.08
133.83934,0.0
133.85005,170.38
133.86077,0.0
133.87148,170.32
133.88219,0.0
133.89291,170.26
133.90362,0.0
133.91434,170.38
133.92505,0.0
133.93577,170.4
133.94648,0.0
133.95719,170.3
133.96791,0.0
133.97862,170.38
133.98934,0.0
134.00005,170.5
134.01077,0.0
134.02148,170.16
134.03219,0.0
134.04291,170.12
134.05362,0.0
134.06434,170.32
134.07505,0.0
134.08577,170.2
134.09648,0.0
134.10719,170.28
134.11791,0.0
134.12862,170.24
134.13934,0.0
134.15005,170.2
134.16077,0.0
134.17148,169.96
134.18219,0.0
134.19291,170.32
134.20362,0.0
134.21434,170.4
134.22505,0.0
134.23577,170.36
134.24648,0.0
134.25719,170.24
134.26791,0.0
134.27862,170.4
134.28934,0.0
134.30005,170.44
134.31077,0.0
134.32148,170.3
134.33219,0.0
134.34291,170.28
134.35362,0.0
134.36434,170.38
134.37505,0.0
134.38577,169.96
134.39648,0.0
134.40719,169.88
134.41791,0.0
134.42862,170.4
134.43934,0.0
134.45005,170.56
134.46077,0.0
134.47148,170.4
134.48219,0.0
134.49291,169.88
134.50362,0.0
134.51434,170.36
134.52505,0.0
134.53577,170.38
134.54648,0.0
134.55719,170.42
134.56791,0.0
134.57862,170.28
134.58934,0.0
134.60005,170.32
134.61077,0.0
134.62148,170.36
134.63219,0.0
134.64291,170.28
134.65362,0.0
134.66434,170.04
134.67505,0.0
134.68577,170.2
134.69648,0.0
134.70719,170.24
134.71791,0.0
134.72862,170.28
134.73934,0.0
134.75005,170.4
134.76077,0.0
134.77148,170.32
134.78219,0.0
134.79291,170.24
134.80362,0.0
134.81434,170.28
134.82505,0.0
134.83577,170.08
134.84648,0.0
134.85719,170.2
134.86791,0.0
134.87862,170.36
134.88934,0.0
134.90005,170.32
134.91077,0.0
134.92148,170.28
134.93219,0.0
134.94291,170.24
134.95362,0.0
134.96434,170.4
134.97505,0.0
134.98577,169.92
134.99648,0.0
135.00719,170.3
135.01791,0.0
135.02862,170.28
135.03934,0.0
135.05005,170.38
135.06077,0.0
135.07148,170.28
135.08219,0.0
135.09291,170.16
135.10362,0.0
135.11434,170.42
135.12505,0.0
135.13577,170.24
135.14648,0.0
135.15719,170.2
135.16791,0.0
135.17862,170.26
135.18934,0.0
135.20005,170.4
135.21077,0.0
135.22148,170.16
135.23219,0.0
135.24291,170.12
135.25362,0.0
135.26434,170.36
135.27505,0.0
135.28577,170.32
135.29648,0.0
135.30719,170.12
135.31791,0.0
135.32862,170.44
135.33934,0.0
135.35005,170.46
135.36077,0.0
135.37148,170.2
135.3822,0.0
135.39291,170.16
135.40362,0.0
135.41434,170.44
135.42505,0.0
135.43577,170.28
135.44648,0.0
135.4572,170.0
135.46791,0.0
135.47862,170.12
135.48934,0.0
135.50005,170.24
135.51077,0.0
135.52148,170.3
135.5322,0.0
135.54291,170.12
135.55362,0.0
135.56434,170.32
135.57505,0.0
135.58577,170.24
135.59648,0.0
135.6072,170.16
135.61791,0.0
135.62862,170.0
135.63934,0.0
135.65005,170.56
135.66077,0.0
135.67148,170.3
135.6822,0.0
135.69291,170.46
135.70362,0.0
135.71434,170.26
135.72505,0.0
135.73577,170.44
135.74648,0.0
135.7572,170.58
135.76791,0.0
135.77862,170.5
135.78934,0.0
135.80005,170.38
135.81077,0.0
135.82148,170.2
135.8322,0.0
135.84291,170.12
135.85362,0.0
135.86434,170.28
135.87505,0.0
135.88577,170.4
135.89648,0.0
135.9072,170.36
135.91791,0.0
135.92862,170.46
135.93934,0.0
135.95005,170.2
135.96077,0.0
135.97148,170.32
135.9822,0.0
135.99291,170.5
136.00362,0.0
136.01434,170.28
136.02505,0.0
136.03577,170.24
136.04648,0.0
136.0572,170.38
136.06791,0.0
136.07862,170.48
136.08934,0.0
136.10005,170.28
136.11077,0.0
136.12148,170.26
136.1322,0.0
136.14291,170.54
136.15362,0.0
136.16434,170.46
136.17505,0.0
136.18577,170.32
136.19648,0.0
136.2072,170.28
136.21791,0.0
136.22862,170.28
136.23934,0.0
136.25005,170.34
136.26077,0.0
136.27148,170.16
136.2822,0.0
136.29291,170.16
136.30362,0.0
136.31434,170.4
136.32505,0.0
136.33577,170.28
136.34648,0.0
136.3572,170.34
136.36791,0.0
136.37862,170.12
136.38934,0.0
136.40005,170.38
136.41077,0.0
136.42148,170.5
136.4322,0.0
136.44291,170.38
136.45362,0.0
136.46434,170.64
136.47505,0.0
136.48577,170.72
136.49648,0.0
136.5072,170.78
136.51791,0.0
136.52862,170.7
136.53934,0.0
136.55005,170.78
136.56077,0.0
136.57148,171.42
136.5822,0.0
136.59291,171.42
136.60362,0.0
136.61434,171.62
136.62505,0.0
136.63577,171.69
136.64648,0.0
136.6572,171.69
136.66791,0.0
136.67862,171.7
136.68934,0.0
136.70005,171.52
136.71077,0.0
136.72148,171.5
136.7322,0.0
136.74291,171.4
136.75362,0.0
136.76434,171.14
136.77505,0.0
136.78577,170.94
136.79648,0.0
136.8072,170.96
136.81791,0.0
136.82862,170.98
136.83934,0.0
136.85005,170.88
136.86077,0.0
136.87148,170.78
136.8822,0.0
136.89291,170.54
136.90362,0.0
136.91434,170.84
136.92505,0.0
136.93577,170.68
136.94648,0.0
136.9572,170.9
136.96791,0.0
136.97862,171.1
136.98934,0.0
137.00005,171.04
137.01077,0.0
137.02148,171.04
137.0322,0.0
137.04291,170.98
137.05362,0.0
137.06434,171.28
137.07505,0.0
137.08577,171.24
137.09648,0.0
137.1072,171.24
137.11791,0.0
137.12862,171.22
137.13934,0.0
137.15005,171.24
137.16077,0.0
137.17148,171.18
137.1822,0.0
137.19291,171.04
137.20362,0.0
137.21434,171.2
137.22505,0.0
137.23577,171.0
137.24648,0.0
137.2572,170.66
137.26791,0.0
137.27862,170.68
137.28934,0.0
137.30005,170.78
137.31077,0.0
137.32148,170.7
137.3322,0.0
137.34291,170.78
137.35362,0.0
137.36434,170.72
137.37505,0.0
137.38577,170.84
137.39648,0.0
137.4072,171.12
137.41791,0.0
137.42862,170.86
137.43934,0.0
137.45005,170.98
137.46077,0.0
137.47148,171.1
137.4822,0.0
137.49291,170.88
137.50362,0.0
137.51434,171.0
137.52505,0.0
137.53577,171.1
137.54648,0.0
137.5572,170.92
137.56791,0.0
137.57862,170.88
137.58934,0.0
137.60005,171.02
137.61077,0.0
137.62148,171.53
137.6322,0.0
137.64291,171.54
137.65362,0.0
137.66434,171.54
137.67505,0.0
137.68577,171.66
137.69648,0.0
137.7072,171.58
137.71791,0.0
137.72862,171.57
137.73934,0.0
137.75005,171.72
137.76077,0.0
137.77148,171.73
137.7822,0.0
137.79291,171.7
137.80362,0.0
137.81434,171.69
137.82505,0.0
137.83577,171.77
137.84648,0.0
137.8572,171.74
137.86791,0.0
137.87862,171.67
137.88934,0.0
137.90005,171.84
137.91077,0.0
137.92148,171.58
137.9322,0.0
137.94291,171.57
137.95362,0.0
137.96434,171.59
137.97505,0.0
137.98577,171.77
137.99648,0.0
138.0072,171.66
138.01791,0.0
138.02862,171.59
138.03934,0.0
138.05005,171.58
138.06077,0.0
138.07148,171.5
138.0822,0.0
138.09291,171.64
138.10362,0.0
138.11434,171.61
138.12505,0.0
138.13577,171.68
138.14648,0.0
138.1572,171.53
138.16791,0.0
138.17862,171.55
138.18934,0.0
138.20005,171.65
138.21077,0.0
138.22148,171.66
138.2322,0.0
138.24291,171.54
138.25362,0.0
138.26434,171.44
138.27505,0.0
138.28577,171.3
138.29648,0.0
138.3072,171.2
138.31791,0.0
138.32862,171.08
138.33934,0.0
138.35005,171.44
138.36077,0.0
138.37148,171.62
138.3822,0.0
138.39291,171.34
138.40362,0.0
138.41434,171.44
138.42505,0.0
138.43577,171.48
138.44648,0.0
138.4572,171.4
138.46791,0.0
138.47862,171.32
138.48934,0.0
138.50005,171.32
138.51077,0.0
138.52148,171.22
138.5322,0.0
138.54291,171.2
138.55362,0.0
138.56434,171.16
138.57505,0.0
138.58577,171.02
138.59648,0.0
138.6072,170.86
138.61791,0.0
138.62862,170.74
138.63934,0.0
138.65005,170.66
138.66077,0.0
138.67148,170.76
138.6822,0.0
138.69291,170.76
138.70362,0.0
138.71434,170.88
138.72505,0.0
138.73577,170.5
138.74648,0.0
138.7572,170.58
138.76791,0.0
138.77862,170.82
138.78934,0.0
138.80005,170.78
138.81077,0.0
138.82148,170.78
138.8322,0.0
138.84291,170.6
138.85362,0.0
138.86434,170.64
138.87505,0.0
138.88577,170.64
138.89648,0.0
138.9072,170.54
138.91791,0.0
138.92862,170.56
138.93934,0.0
138.95005,170.6
138.96077,0.0
138.97148,170.44
138.9822,0.0
138.99291,170.84
139.00363,0.0
139.01434,170.94
139.02505,0.0
139.03577,170.82
139.04648,0.0
139.0572,170.46
139.06791,0.0
139.07863,170.32
139.08934,0.0
139.10005,170.44
139.11077,0.0
139.12148,170.48
139.1322,0.0
139.14291,170.58
139.15363,0.0
139.16434,170.66
139.17505,0.0
139.18577,170.64
139.19648,0.0
139.2072,170.7
139.21791,0.0
139.22863,170.66
139.23934,0.0
139.25005,170.36
139.26077,0.0
139.27148,170.66
139.2822,0.0
139.29291,170.5
139.30363,0.0
139.31434,170.7
139.32505,0.0
139.33577,170.58
139.34648,0.0
139.3572,170.54
139.36791,0.0
139.37863,170.6
139.38934,0.0
139.40005,170.6
139.41077,0.0
139.42148,170.56
139.4322,0.0
139.44291,170.44
139.45363,0.0
139.46434,170.3
139.47505,0.0
139.48577,170.54
139.49648,0.0
139.5072,170.66
139.51791,0.0
139.52863,170.42
139.53934,0.0
139.55005,170.26
139.56077,0.0
139.57148,170.32
139.5822,0.0
139.59291,170.48
139.60363,0.0
139.61434,170.66
139.62505,0.0
139.63577,170.54
139.64648,0.0
139.6572,170.62
139.66791,0.0
139.67863,170.62
139.68934,0.0
139.70005,170.72
139.71077,0.0
139.72148,170.74
139.7322,0.0
139.74291,170.64
139.75363,0.0
139.76434,170.76
139.77505,0.0
139.78577,170.7
139.79648,0.0
139.8072,170.74
139.81791,0.0
139.82863,170.78
139.83934,0.0
139.85005,170.82
139.86077,0.0
139.87148,170.74
139.8822,0.0
139.89291,170.5
139.90363,0.0
139.91434,170.38
139.92505,0.0
139.93577,170.4
139.94648,0.0
139.9572,170.4
139.96791,0.0
139.97863,170.52
139.98934,0.0
140.00005,170.38
140.01077,0.0
140.02148,170.12
140.0322,0.0
140.04291,170.46
140.05363,0.0
140.06434,170.42
140.07505,0.0
140.08577,170.48
140.09648,0.0
140.1072,170.5
140.11791,0.0
140.12863,170.56
140.13934,0.0
140.15005,170.78
140.16077,0.0
140.17148,170.78
140.1822,0.0
140.19291,170.48
140.20363,0.0
140.21434,170.62
140.22505,0.0
140.23577,170.52
140.24648,0.0
140.2572,170.62
140.26791,0.0
140.27863,170.28
140.28934,0.0
140.30005,170.36
140.31077,0.0
140.32148,170.34
140.3322,0.0
140.34291,170.34
140.35363,0.0
140.36434,170.48
140.37505,0.0
140.38577,170.42
140.39648,0.0
140.4072,170.2
140.41791,0.0
140.42863,170.26
140.43934,0.0
140.45005,170.26
140.46077,0.0
140.47148,170.44
140.4822,0.0
140.49291,170.16
140.50363,0.0
140.51434,170.04
140.52505,0.0
140.53577,169.96
140.54648,0.0
140.5572,170.34
140.56791,0.0
140.57863,170.04
140.58934,0.0
140.60005,170.26
140.61077,0.0
140.62148,170.16
140.6322,0.0
140.64291,170.28
140.65363,0.0
140.66434,169.96
140.67505,0.0
140.68577,170.3
140.69648,0.0
140.7072,170.34
140.71791,0.0
140.72863,170.26
140.73934,0.0
140.75005,170.42
140.76077,0.0
140.77148,170.5
140.7822,0.0
140.79291,170.38
140.80363,0.0
140.81434,170.4
140.82505,0.0
140.83577,170.42
140.84648,0.0
140.8572,170.56
140.86791,0.0
140.87863,170.32
140.88934,0.0
140.90005,170.38
140.91077,0.0
140.92148,170.34
140.9322,0.0
140.94291,170.2
140.95363,0.0
140.96434,170.46
140.97505,0.0
140.98577,170.42
140.99648,0.0
141.0072,170.38
141.01791,0.0
141.02863,170.32
141.03934,0.0
141.05005,170.36
141.06077,0.0
141.07148,170.28
141.0822,0.0
141.09291,170.26
141.10363,0.0
141.11434,170.38
141.12505,0.0
141.13577,170.46
141.14648,0.0
141.1572,170.62
141.16791,0.0
141.17863,170.54
141.18934,0.0
141.20005,170.42
141.21077,0.0
141.22148,170.3
141.2322,0.0
141.24291,170.28
141.25363,0.0
141.26434,170.24
141.27505,0.0
141.28577,170.36
141.29648,0.0
141.3072,170.24
141.31791,0.0
141.32863,170.3
141.33934,0.0
141.35005,170.34
141.36077,0.0
141.37148,170.44
141.3822,0.0
141.39291,170.38
141.40363,0.0
141.41434,170.5
141.42505,0.0
141.43577,170.52
141.44648,0.0
141.4572,170.58
141.46791,0.0
141.47863,170.62
141.48934,0.0
141.50005,170.34
141.51077,0.0
141.52148,170.72
141.5322,0.0
141.54291,170.5
141.55363,0.0
141.56434,170.26
141.57505,0.0
141.58577,170.12
141.59648,0.0
141.6072,170.32
141.61791,0.0
141.62863,170.66
141.63934,0.0
141.65005,170.54
141.66077,0.0
141.67148,170.24
141.6822,0.0
141.69291,170.38
141.70363,0.0
141.71434,170.52
141.72505,0.0
141.73577,170.46
141.74648,0.0
141.7572,170.4
141.76791,0.0
141.77863,170.12
141.78934,0.0
141.80005,170.08
141.81077,0.0
141.82148,170.48
141.8322,0.0
141.84291,170.36
141.85363,0.0
141.86434,170.5
141.87505,0.0
141.88577,170.44
141.89648,0.0
141.9072,170.04
141.91791,0.0
141.92863,170.44
141.93934,0.0
141.95005,170.46
141.96077,0.0
141.97148,170.56
141.9822,0.0
141.99291,170.58
142.00363,0.0
142.01434,170.26
142.02505,0.0
142.03577,170.26
142.04648,0.0
142.0572,170.34
142.06791,0.0
142.07863,170.46
142.08934,0.0
142.10005,170.2
142.11077,0.0
142.12148,170.24
142.1322,0.0
142.14291,170.24
142.15363,0.0
142.16434,170.2
142.17505,0.0
142.18577,170.08
142.19648,0.0
142.2072,170.36
142.21791,0.0
142.22863,170.5
142.23934,0.0
142.25005,170.46
142.26077,0.0
142.27148,170.34
142.2822,0.0
142.29291,170.34
142.30363,0.0
142.31434,170.54
142.32505,0.0
142.33577,170.48
142.34648,0.0
142.3572,170.36
142.36791,0.0
142.37863,170.68
142.38934,0.0
142.40005,170.76
142.41077,0.0
142.42148,170.54
142.4322,0.0
142.44291,170.72
142.45363,0.0
142.46434,170.92
142.47505,0.0
142.48577,171.16
142.49648,0.0
142.5072,171.4
142.51791,0.0
142.52863,171.53
142.53934,0.0
142.55006,171.67
142.56077,0.0
142.57148,171.72
142.5822,0.0
142.59291,171.81
142.60363,0.0
142.61434,171.91
142.62506,0.0
142.63577,171.87
142.64648,0.0
142.6572,171.83
142.66791,0.0
142.67863,171.69
142.68934,0.0
142.70006,171.61
142.71077,0.0
142.72148,171.68
142.7322,0.0
142.74291,171.5
142.75363,0.0
142.76434,171.38
142.77506,0.0
142.78577,171.44
142.79648,0.0
142.8072,171.38
142.81791,0.0
142.82863,171.22
142.83934,0.0
142.85006,171.22
142.86077,0.0
142.87148,170.96
142.8822,0.0
142.89291,170.86
142.90363,0.0
142.91434,170.96
142.92506,0.0
142.93577,170.98
142.94648,0.0
142.9572,170.9
142.96791,0.0
142.97863,170.98
142.98934,0.0
143.00006,170.9
143.01077,0.0
143.02148,171.12
143.0322,0.0
143.04291,171.2
143.05363,0.0
143.06434,171.0
143.07506,0.0
143.08577,171.12
143.09648,0.0
143.1072,171.16
143.11791,0.0
143.12863,171.0
143.13934,0.0
143.15006,171.08
143.16077,0.0
143.17148,171.3
143.1822,0.0
143.19291,171.18
143.20363,0.0
143.21434,170.72
143.22506,0.0
143.23577,171.0
143.24648,0.0
143.2572,170.8
143.26791,0.0
143.27863,170.56
143.28934,0.0
143.30006,170.68
143.31077,0.0
143.32148,170.92
143.3322,0.0
143.34291,170.84
143.35363,0.0
143.36434,170.38
143.37506,0.0
143.38577,170.26
143.39648,0.0
143.4072,170.68
143.41791,0.0
143.42863,170.78
143.43934,0.0
143.45006,170.76
143.46077,0.0
143.47148,170.8
143.4822,0.0
143.49291,170.66
143.50363,0.0
143.51434,170.56
143.52506,0.0
143.53577,170.68
143.54648,0.0
143.5572,170.52
143.56791,0.0
143.57863,170.32
143.58934,0.0
143.60006,170.36
143.61077,0.0
143.62148,170.28
143.6322,0.0
143.64291,170.04
143.65363,0.0
143.66434,170.24
143.67506,0.0
143.68577,170.16
143.69648,0.0
143.7072,170.04
143.71791,0.0
143.72863,170.26
143.73934,0.0
143.75006,170.4
143.76077,0.0
143.77148,170.34
143.7822,0.0
143.79291,170.26
143.80363,0.0
143.81434,170.36
143.82506,0.0
143.83577,170.12
143.84648,0.0
143.8572,170.38
143.86791,0.0
143.87863,170.46
143.88934,0.0
143.90006,170.32
143.91077,0.0
143.92148,170.34
143.9322,0.0
143.94291,170.3
143.95363,0.0
143.96434,170.5
143.97506,0.0
143.98577,170.54
143.99648,0.0
144.0072,170.42
144.01791,0.0
144.02863,170.26
144.03934,0.0
144.05006,170.16
144.06077,0.0
144.07148,170.34
144.0822,0.0
144.09291,170.4
144.10363,0.0
144.11434,170.2
144.12506,0.0
144.13577,170.32
144.14648,0.0
144.1572,170.24
144.16791,0.0
144.17863,170.26
144.18934,0.0
144.20006,170.26
144.21077,0.0
144.22148,170.2
144.2322,0.0
144.24291,170.52
144.25363,0.0
144.26434,170.52
144.27506,0.0
144.28577,170.5
144.29648,0.0
144.3072,170.2
144.31791,0.0
144.32863,170.44
144.33934,0.0
144.35006,170.62
144.36077,0.0
144.37148,170.64
144.3822,0.0
144.39291,170.34
144.40363,0.0
144.41434,170.2
144.42506,0.0
144.43577,170.26
144.44648,0.0
144.4572,170.44
144.46791,0.0
144.47863,170.4
144.48934,0.0
144.50006,170.3
144.51077,0.0
144.52148,170.32
144.5322,0.0
144.54291,170.4
144.55363,0.0
144.56434,170.44
144.57506,0.0
144.58577,170.62
144.59648,0.0
144.6072,170.36
144.61791,0.0
144.62863,170.28
144.63934,0.0
144.65006,170.4
144.66077,0.0
144.67148,170.38
144.6822,0.0
144.69291,170.36
144.70363,0.0
144.71434,170.24
144.72506,0.0
144.73577,170.38
144.74648,0.0
144.7572,170.38
144.76791,0.0
144.77863,170.36
144.78934,0.0
144.80006,170.36
144.81077,0.0
144.82148,170.36
144.8322,0.0
144.84291,170.48
144.85363,0.0
144.86434,170.38
144.87506,0.0
144.88577,170.44
144.89648,0.0
144.9072,170.42
144.91791,0.0
144.92863,170.36
144.93934,0.0
144.95006,170.3
144.96077,0.0
144.97148,170.38
144.9822,0.0
144.99291,170.52
145.00363,0.0
145.01434,170.52
145.02506,0.0
145.03577,170.68
145.04648,0.0
145.0572,170.52
145.06791,0.0
145.07863,170.54
145.08934,0.0
145.10006,170.68
145.11077,0.0
145.12148,171.16
145.1322,0.0
145.14291,171.06
145.15363,0.0
145.16434,171.36
145.17506,0.0
145.18577,170.88
145.19648,0.0
145.2072,170.92
145.21791,0.0
145.22863,171.26
145.23934,0.0
145.25006,171.4
145.26077,0.0
145.27148,171.36
145.2822,0.0
145.29291,171.34
145.30363,0.0
145.31434,171.44
145.32506,0.0
145.33577,171.36
145.34648,0.0
145.3572,171.3
145.36791,0.0
145.37863,171.52
145.38934,0.0
145.40006,171.26
145.41077,0.0
145.42148,171.38
145.4322,0.0
145.44291,171.14
145.45363,0.0
145.46434,171.22
145.47506,0.0
145.48577,171.3
145.49648,0.0
145.5072,171.18
145.51791,0.0
145.52863,171.32
145.53934,0.0
145.55006,171.22
145.56077,0.0
145.57148,171.18
145.5822,0.0
145.59291,171.22
145.60363,0.0
145.61434,171.22
145.62506,0.0
145.63577,171.28
145.64648,0.0
145.6572,171.1
145.66791,0.0
145.67863,171.0
145.68934,0.0
145.70006,171.22
145.71077,0.0
145.72148,171.38
145.7322,0.0
145.74291,171.38
145.75363,0.0
145.76434,170.98
145.77506,0.0
145.78577,171.22
145.79648,0.0
145.8072,171.12
145.81791,0.0
145.82863,171.0
145.83934,0.0
145.85006,171.28
145.86077,0.0
145.87148,170.94
145.8822,0.0
145.89291,170.74
145.90363,0.0
145.91434,170.54
145.92506,0.0
145.93577,170.64
145.94648,0.0
145.9572,170.6
145.96791,0.0
145.97863,170.46
145.98934,0.0
146.00006,170.88
146.01077,0.0
146.02148,170.86
146.0322,0.0
146.04291,170.62
146.05363,0.0
146.06434,170.72
146.07506,0.0
146.08577,170.68
146.09649,0.0
146.1072,170.82
146.11791,0.0
146.12863,170.72
146.13934,0.0
146.15006,170.66
146.16077,0.0
146.17149,170.64
146.1822,0.0
146.19291,170.72
146.20363,0.0
146.21434,170.84
146.22506,0.0
146.23577,170.7
146.24649,0.0
146.2572,170.52
146.26791,0.0
146.27863,170.48
146.28934,0.0
146.30006,170.3
146.31077,0.0
146.32149,170.3
146.3322,0.0
146.34291,170.28
146.35363,0.0
146.36434,170.6
146.37506,0.0
146.38577,170.42
146.39649,0.0
146.4072,170.58
146.41791,0.0
146.42863,170.52
146.43934,0.0
146.45006,170.5
146.46077,0.0
146.47149,170.54
146.4822,0.0
146.49291,170.5
146.50363,0.0
146.51434,170.4
146.52506,0.0
146.53577,170.34
146.54649,0.0
146.5572,170.4
146.56791,0.0
146.57863,170.42
146.58934,0.0
146.60006,170.34
146.61077,0.0
146.62149,170.42
146.6322,0.0
146.64291,170.28
146.65363,0.0
146.66434,170.16
146.67506,0.0
146.68577,169.92
146.69649,0.0
146.7072,170.26
146.71791,0.0
146.72863,170.38
146.73934,0.0
146.75006,170.34
146.76077,0.0
146.77149,170.26
146.7822,0.0
146.79291,170.28
146.80363,0.0
146.81434,169.96
146.82506,0.0
146.83577,170.12
146.84649,0.0
146.8572,170.3
146.86791,0.0
146.87863,170.2
146.88934,0.0
146.90006,170.2
146.91077,0.0
146.92149,169.96
146.9322,0.0
146.94291,170.16
146.95363,0.0
146.96434,170.2
146.97506,0.0
146.98577,170.3
146.99649,0.0
147.0072,170.2
147.01791,0.0
147.02863,170.4
147.03934,0.0
147.05006,170.46
147.06077,0.0
147.07149,170.4
147.0822,0.0
147.09291,169.92
147.10363,0.0
147.11434,170.16
147.12506,0.0
147.13577,170.28
147.14649,0.0
147.1572,169.84
147.16791,0.0
147.17863,170.26
147.18934,0.0
147.20006,170.38
147.21077,0.0
147.22149,170.16
147.2322,0.0
147.24291,170.32
147.25363,0.0
147.26434,170.26
147.27506,0.0
147.28577,170.12
147.29649,0.0
147.3072,170.42
147.31791,0.0
147.32863,170.34
147.33934,0.0
147.35006,170.42
147.36077,0.0
147.37149,170.2
147.3822,0.0
147.39291,170.2
147.40363,0.0
147.41434,170.24
147.42506,0.0
147.43577,170.32
147.44649,0.0
147.4572,170.34
147.46791,0.0
147.47863,170.36
147.48934,0.0
147.50006,170.44
147.51077,0.0
147.52149,170.28
147.5322,0.0
147.54291,170.16
147.55363,0.0
147.56434,170.2
147.57506,0.0
147.58577,170.32
147.59649,0.0
147.6072,170.38
147.61791,0.0
147.62863,170.3
147.63934,0.0
147.65006,170.24
147.66077,0.0
147.67149,170.24
147.6822,0.0
147.69291,170.24
147.70363,0.0
147.71434,170.38
147.72506,0.0
147.73577,170.28
147.74649,0.0
147.7572,170.24
147.76791,0.0
147.77863,170.26
147.78934,0.0
147.80006,170.46
147.81077,0.0
147.82149,170.08
147.8322,0.0
147.84291,170.32
147.85363,0.0
147.86434,170.0
147.87506,0.0
147.88577,169.84
147.89649,0.0
147.9072,170.32
147.91791,0.0
147.92863,170.32
147.93934,0.0
147.95006,170.4
147.96077,0.0
147.97149,170.36
147.9822,0.0
147.99291,170.34
148.00363,0.0
148.01434,170.3
148.02506,0.0
148.03577,170.08
148.04649,0.0
148.0572,170.2
148.06791,0.0
148.07863,170.48
148.08934,0.0
148.10006,170.36
148.11077,0.0
148.12149,170.36
148.1322,0.0
148.14291,170.28
148.15363,0.0
148.16434,170.42
148.17506,0.0
148.18577,170.46
148.19649,0.0
148.2072,170.2
148.21791,0.0
148.22863,170.12
148.23934,0.0
148.25006,170.58
148.26077,0.0
148.27149,170.48
148.2822,0.0
148.29291,170.36
148.30363,0.0
148.31434,170.4
148.32506,0.0
148.33577,170.16
148.34649,0.0
148.3572,170.36
148.36791,0.0
148.37863,170.08
148.38934,0.0
148.40006,170.32
148.41077,0.0
148.42149,170.44
148.4322,0.0
148.44291,170.54
148.45363,0.0
148.46434,170.38
148.47506,0.0
148.48577,170.24
148.49649,0.0
148.5072,170.12
148.51791,0.0
148.52863,170.38
148.53934,0.0
148.55006,170.64
148.56077,0.0
148.57149,170.62
148.5822,0.0
148.59291,170.48
148.60363,0.0
148.61434,170.62
148.62506,0.0
148.63577,170.34
148.64649,0.0
148.6572,170.5
148.66791,0.0
148.67863,170.66
148.68934,0.0
148.70006,170.54
148.71077,0.0
148.72149,170.6
148.7322,0.0
148.74291,170.86
148.75363,0.0
148.76434,170.64
148.77506,0.0
148.78577,170.42
148.79649,0.0
148.8072,170.16
148.81791,0.0
148.82863,170.38
148.83934,0.0
148.85006,170.52
148.86077,0.0
148.87149,170.36
148.8822,0.0
148.89291,170.48
148.90363,0.0
148.91434,170.44
148.92506,0.0
148.93577,170.12
148.94649,0.0
148.9572,170.24
148.96791,0.0
148.97863,170.28
148.98934,0.0
149.00006,170.3
149.01077,0.0
149.02149,170.48
149.0322,0.0
149.04291,170.32
149.05363,0.0
149.06434,170.38
149.07506,0.0
149.08577,170.68
149.09649,0.0
149.1072,170.26
149.11791,0.0
149.12863,170.24
149.13934,0.0
149.15006,170.42
149.16077,0.0
149.17149,170.38
149.1822,0.0
149.19291,170.48
149.20363,0.0
149.21434,170.46
149.22506,0.0
149.23577,170.5
149.24649,0.0
149.2572,170.3
149.26791,0.0
149.27863,169.96
149.28934,0.0
149.30006,170.34
149.31077,0.0
149.32149,170.28
149.3322,0.0
149.34291,170.34
149.35363,0.0
149.36434,170.24
149.37506,0.0
149.38577,170.2
149.39649,0.0
149.4072,170.36
149.41791,0.0
149.42863,170.4
149.43934,0.0
149.45006,170.28
149.46077,0.0
149.47149,170.46
149.4822,0.0
149.49291,170.46
149.50363,0.0
149.51434,170.48
149.52506,0.0
149.53577,170.46
149.54649,0.0
149.5572,170.42
149.56791,0.0
149.57863,170.52
149.58934,0.0
149.60006,170.54
149.61077,0.0
149.62149,170.34
149.6322,0.0
149.64291,170.24
149.65363,0.0
149.66434,170.46
149.67506,0.0
149.68577,170.42
149.69649,0.0
149.7072,170.36
149.71792,0.0
149.72863,170.08
149.73934,0.0
149.75006,169.84
149.76077,0.0
149.77149,170.24
149.7822,0.0
149.79292,170.26
149.80363,0.0
149.81434,170.28
149.82506,0.0
149.83577,170.44
149.84649,0.0
149.8572,170.64
149.86792,0.0
149.87863,170.62
149.88934,0.0
149.90006,170.32
149.91077,0.0
149.92149,170.34
149.9322,0.0
149.94292,170.52
149.95363,0.0
149.96434,170.48
149.97506,0.0
149.98577,170.64
149.99649,0.0
150.0072,170.64
150.01792,0.0
150.02863,170.68
150.03934,0.0
150.05006,170.46
150.06077,0.0
150.07149,170.5
150.0822,0.0
150.09292,170.62
150.10363,0.0
150.11434,170.64
150.12506,0.0
150.13577,170.7
150.14649,0.0
150.1572,170.58
150.16792,0.0
150.17863,170.88
150.18934,0.0
150.20006,170.64
150.21077,0.0
150.22149,170.88
150.2322,0.0
150.24292,170.86
150.25363,0.0
150.26434,170.66
150.27506,0.0
150.28577,170.72
150.29649,0.0
150.3072,170.64
150.31792,0.0
150.32863,170.64
150.33934,0.0
150.35006,170.54
150.36077,0.0
150.37149,170.68
150.3822,0.0
150.39292,170.56
150.40363,0.0
150.41434,170.42
150.42506,0.0
150.43577,170.86
150.44649,0.0
150.4572,170.78
150.46792,0.0
150.47863,170.68
150.48934,0.0
150.50006,170.52
150.51077,0.0
150.52149,170.52
150.5322,0.0
150.54292,170.48
150.55363,0.0
150.56434,170.48
150.57506,0.0
150.58577,170.72
150.59649,0.0
150.6072,170.5
150.61792,0.0
150.62863,170.32
150.63934,0.0
150.65006,170.44
150.66077,0.0
150.67149,170.66
150.6822,0.0
150.69292,170.48
150.70363,0.0
150.71434,170.36
150.72506,0.0
150.73577,170.36
150.74649,0.0
150.7572,170.38
150.76792,0.0
150.77863,170.26
150.78934,0.0
150.80006,170.26
150.81077,0.0
150.82149,170.38
150.8322,0.0
150.84292,170.38
150.85363,0.0
150.86434,170.46
150.87506,0.0
150.88577,170.52
150.89649,0.0
150.9072,170.46
150.91792,0.0
150.92863,170.28
150.93934,0.0
150.95006,170.34
150.96077,0.0
150.97149,170.36
150.9822,0.0
150.99292,170.44
151.00363,0.0
151.01434,170.52
151.02506,0.0
151.03577,170.44
151.04649,0.0
151.0572,170.16
151.06792,0.0
151.07863,170.24
151.08934,0.0
151.10006,170.3
151.11077,0.0
151.12149,170.34
151.1322,0.0
151.14292,170.4
151.15363,0.0
151.16434,170.36
151.17506,0.0
151.18577,170.4
151.19649,0.0
151.2072,170.34
151.21792,0.0
151.22863,170.26
151.23934,0.0
151.25006,170.3
151.26077,0.0
151.27149,169.96
151.2822,0.0
151.29292,170.34
151.30363,0.0
151.31434,170.4
151.32506,0.0
151.33577,170.16
151.34649,0.0
151.3572,170.28
151.36792,0.0
151.37863,170.12
151.38934,0.0
151.40006,170.28
151.41077,0.0
151.42149,170.26
151.4322,0.0
151.44292,170.36
151.45363,0.0
151.46434,170.58
151.47506,0.0
151.48577,170.48
151.49649,0.0
151.5072,170.28
151.51792,0.0
151.52863,170.08
151.53934,0.0
151.55006,170.26
151.56077,0.0
151.57149,170.16
151.5822,0.0
151.59292,170.36
151.60363,0.0
151.61434,170.54
151.62506,0.0
151.63577,170.36
151.64649,0.0
151.6572,170.38
151.66792,0.0
151.67863,170.38
151.68934,0.0
151.70006,170.32
151.71077,0.0
151.72149,170.28
151.7322,0.0
151.74292,170.4
151.75363,0.0
151.76434,170.5
151.77506,0.0
151.78577,170.4
151.79649,0.0
151.8072,170.28
151.81792,0.0
151.82863,170.38
151.83934,0.0
151.85006,170.54
151.86077,0.0
151.87149,170.42
151.8822,0.0
151.89292,170.68
151.90363,0.0
151.91434,170.68
151.92506,0.0
151.93577,170.94
151.94649,0.0
151.9572,170.76
151.96792,0.0
151.97863,170.98
151.98934,0.0
152.00006,171.14
152.01077,0.0
152.02149,171.06
152.0322,0.0
152.04292,171.08
152.05363,0.0
152.06434,171.14
152.07506,0.0
152.08577,170.98
152.09649,0.0
152.1072,171.16
152.11792,0.0
152.12863,171.16
152.13934,0.0
152.15006,171.2
152.16077,0.0
152.17149,171.12
152.1822,0.0
152.19292,170.82
152.20363,0.0
152.21434,170.8
152.22506,0.0
152.23577,170.68
152.24649,0.0
152.2572,170.82
152.26792,0.0
152.27863,170.34
152.28934,0.0
152.30006,170.38
152.31077,0.0
152.32149,170.84
152.3322,0.0
152.34292,170.32
152.35363,0.0
152.36434,170.36
152.37506,0.0
152.38577,170.58
152.39649,0.0
152.4072,170.58
152.41792,0.0
152.42863,170.72
152.43934,0.0
152.45006,170.88
152.46077,0.0
152.47149,170.72
152.4822,0.0
152.49292,170.68
152.50363,0.0
152.51434,170.78
152.52506,0.0
152.53577,170.86
152.54649,0.0
152.5572,171.0
152.56792,0.0
152.57863,171.14
152.58934,0.0
152.60006,170.94
152.61077,0.0
152.62149,170.78
152.6322,0.0
152.64292,170.58
152.65363,0.0
152.66434,170.38
152.67506,0.0
152.68577,170.46
152.69649,0.0
152.7072,170.52
152.71792,0.0
152.72863,170.44
152.73934,0.0
152.75006,170.52
152.76077,0.0
152.77149,170.64
152.7822,0.0
152.79292,170.62
152.80363,0.0
152.81434,170.62
152.82506,0.0
152.83577,170.64
152.84649,0.0
152.8572,170.46
152.86792,0.0
152.87863,170.26
152.88934,0.0
152.90006,170.26
152.91077,0.0
152.92149,170.3
152.9322,0.0
152.94292,170.36
152.95363,0.0
152.96434,170.4
152.97506,0.0
152.98577,170.42
152.99649,0.0
153.0072,170.4
153.01792,0.0
153.02863,170.44
153.03934,0.0
153.05006,170.48
153.06077,0.0
153.07149,170.42
153.0822,0.0
153.09292,170.32
153.10363,0.0
153.11434,170.26
153.12506,0.0
153.13577,170.48
153.14649,0.0
153.1572,170.3
153.16792,0.0
153.17863,170.0
153.18934,0.0
153.20006,170.4
153.21077,0.0
153.22149,170.12
153.2322,0.0
153.24292,170.34
153.25363,0.0
153.26435,170.36
153.27506,0.0
153.28577,170.44
153.29649,0.0
153.3072,170.26
153.31792,0.0
153.32863,170.28
153.33935,0.0
153.35006,170.2
153.36077,0.0
153.37149,170.36
153.3822,0.0
153.39292,170.5
153.40363,0.0
153.41435,170.32
153.42506,0.0
153.43577,170.26
153.44649,0.0
153.4572,170.08
153.46792,0.0
153.47863,170.28
153.48935,0.0
153.50006,170.04
153.51077,0.0
153.52149,170.16
153.5322,0.0
153.54292,170.2
153.55363,0.0
153.56435,170.24
153.57506,0.0
153.58577,170.34
153.59649,0.0
153.6072,170.28
153.61792,0.0
153.62863,170.16
153.63935,0.0
153.65006,170.26
153.66077,0.0
153.67149,170.16
153.6822,0.0
153.69292,169.96
153.70363,0.0
153.71435,170.08
153.72506,0.0
153.73577,170.44
153.74649,0.0
153.7572,170.5
153.76792,0.0
153.77863,170.54
153.78935,0.0
153.80006,170.56
153.81077,0.0
153.82149,170.58
153.8322,0.0
153.84292,170.36
153.85363,0.0
153.86435,170.24
153.87506,0.0
153.88577,170.32
153.89649,0.0
153.9072,170.34
153.91792,0.0
153.92863,170.34
153.93935,0.0
153.95006,170.36
153.96077,0.0
153.97149,170.2
153.9822,0.0
153.99292,170.28
154.00363,0.0
154.01435,170.34
154.02506,0.0
154.03577,170.12
154.04649,0.0
154.0572,169.84
154.06792,0.0
154.07863,170.08
154.08935,0.0
154.10006,170.26
154.11077,0.0
154.12149,170.26
154.1322,0.0
154.14292,170.24
154.15363,0.0
154.16435,170.28
154.17506,0.0
154.18577,170.32
154.19649,0.0
154.2072,170.2
154.21792,0.0
154.22863,169.92
154.23935,0.0
154.25006,170.3
154.26077,0.0
154.27149,170.26
154.2822,0.0
154.29292,170.08
154.30363,0.0
154.31435,170.32
154.32506,0.0
154.33577,170.38
154.34649,0.0
154.3572,170.26
154.36792,0.0
154.37863,170.5
154.38935,0.0
154.40006,170.42
154.41077,0.0
154.42149,170.16
154.4322,0.0
154.44292,170.2
154.45363,0.0
154.46435,170.32
154.47506,0.0
154.48577,170.44
154.49649,0.0
154.5072,170.58
154.51792,0.0
154.52863,170.34
154.53935,0.0
154.55006,170.28
154.56077,0.0
154.57149,170.34
154.5822,0.0
154.59292,170.54
154.60363,0.0
154.61435,170.54
154.62506,0.0
154.63577,170.42
154.64649,0.0
154.6572,170.6
154.66792,0.0
154.67863,170.62
154.68935,0.0
154.70006,170.86
154.71077,0.0
154.72149,170.98
154.7322,0.0
154.74292,171.3
154.75363,0.0
154.76435,171.44
154.77506,0.0
154.78577,171.34
154.79649,0.0
154.8072,171.14
154.81792,0.0
154.82863,171.04
154.83935,0.0
154.85006,170.94
154.86077,0.0
154.87149,170.88
154.8822,0.0
154.89292,170.72
154.90363,0.0
154.91435,170.66
154.92506,0.0
154.93577,170.4
154.94649,0.0
154.9572,170.52
154.96792,0.0
154.97863,170.58
154.98935,0.0
155.00006,170.58
