2Theta_deg,Intensity_cps
5.0,171.06
5.01072,171.32
5.02143,171.65
5.03215,171.55
5.04286,171.46
5.05358,171.52
5.06429,171.55
5.07501,171.46
5.08573,171.42
5.09644,171.34
5.10716,171.34
5.11787,171.16
5.12859,171.14
5.13931,171.53
5.15002,171.61
5.16074,171.57
5.17145,171.44
5.18217,171.14
5.19288,171.5
5.2036,171.55
5.21432,171.6
5.22503,171.52
5.23575,171.44
5.24646,171.38
5.25718,171.53
5.2679,171.64
5.27861,171.59
5.28933,171.46
5.30004,171.53
5.31076,171.52
5.32147,171.36
5.33219,171.36
5.34291,171.36
5.35362,171.32
5.36434,171.18
5.37505,171.36
5.38577,171.38
5.39649,171.63
5.4072,171.5
5.41792,171.34
5.42863,171.28
5.43935,171.16
5.45006,171.3
5.46078,171.38
5.4715,171.24
5.48221,171.38
5.49293,171.38
5.50364,171.64
5.51436,171.6
5.52508,171.57
5.53579,171.59
5.54651,171.54
5.55722,171.57
5.56794,171.53
5.57865,171.22
5.58937,171.42
5.60009,171.3
5.6108,171.53
5.62152,171.46
5.63223,171.53
5.64295,171.68
5.65366,171.69
5.66438,171.53
5.6751,171.5
5.68581,171.55
5.69653,171.6
5.70724,171.48
5.71796,171.6
5.72868,171.74
5.73939,171.63
5.75011,171.67
5.76082,171.6
5.77154,171.16
5.78225,171.58
5.79297,171.54
5.80369,171.14
5.8144,171.34
5.82512,171.48
5.83583,171.36
5.84655,171.61
5.85727,171.69
5.86798,171.36
5.8787,171.24
5.88941,171.59
5.90013,171.6
5.91084,171.55
5.92156,171.2
5.93228,171.44
5.94299,171.59
5.95371,171.5
5.96442,171.53
5.97514,171.46
5.98586,171.52
5.99657,171.44
6.00729,171.32
6.018,171.62
6.02872,171.56
6.03943,171.6
6.05015,171.54
6.06087,171.52
6.07158,171.57
6.0823,171.46
6.09301,171.34
6.10373,171.48
6.11444,171.38
6.12516,171.44
6.13588,171.57
6.14659,171.54
6.15731,171.52
6.16802,171.61
6.17874,171.52
6.18946,171.36
6.20017,171.36
6.21089,171.56
6.2216,171.36
6.23232,171.48
6.24303,171.62
6.25375,171.59
6.26447,171.57
6.27518,171.36
6.2859,171.18
6.29661,171.26
6.30733,171.68
6.31805,171.61
6.32876,171.67
6.33948,171.52
6.35019,171.5
6.36091,171.6
6.37162,171.57
6.38234,171.52
6.39306,171.54
6.40377,171.36
6.41449,171.56
6.4252,171.64
6.43592,171.61
6.44664,171.46
6.45735,171.48
6.46807,171.54
6.47878,171.42
6.4895,171.62
6.50021,171.55
6.51093,171.62
6.52165,171.52
6.53236,171.48
6.54308,171.0
6.55379,171.24
6.56451,171.28
6.57523,171.56
6.58594,171.4
6.59666,171.36
6.60737,171.44
6.61809,171.4
6.6288,171.4
6.63952,171.62
6.65024,171.66
6.66095,171.7
6.67167,171.66
6.68238,171.54
6.6931,171.3
6.70381,171.28
6.71453,171.5
6.72525,171.36
6.73596,171.59
6.74668,171.28
6.75739,171.14
6.76811,171.5
6.77883,171.3
6.78954,171.5
6.80026,171.59
6.81097,171.62
6.82169,171.64
6.8324,171.5
6.84312,171.32
6.85384,171.44
6.86455,171.5
6.87527,171.36
6.88598,171.57
6.8967,171.57
6.90742,171.56
6.91813,171.44
6.92885,171.38
6.93956,171.42
6.95028,171.53
6.96099,171.58
6.97171,171.44
6.98243,171.22
6.99314,171.32
7.00386,171.46
7.01457,171.54
7.02529,171.62
7.03601,171.59
7.04672,171.44
7.05744,171.52
7.06815,171.57
7.07887,171.34
7.08958,171.42
7.1003,171.4
7.11102,171.16
7.12173,171.32
7.13245,171.42
7.14316,171.26
7.15388,171.0
7.16459,171.32
7.17531,171.67
7.18603,171.61
7.19674,171.56
7.20746,171.46
7.21817,171.6
7.22889,171.65
7.23961,171.55
7.25032,171.36
7.26104,171.54
7.27175,171.6
7.28247,171.59
7.29318,171.52
7.3039,171.28
7.31462,171.16
7.32533,171.44
7.33605,171.42
7.34676,171.5
7.35748,171.36
7.3682,171.02
7.37891,171.14
7.38963,171.53
7.40034,171.6
7.41106,171.22
7.42177,171.02
7.43249,171.16
7.44321,171.48
7.45392,171.56
7.46464,171.5
7.47535,171.42
7.48607,171.52
7.49679,171.5
7.5075,171.42
7.51822,171.24
7.52893,171.36
7.53965,171.44
7.55036,171.56
7.56108,171.34
7.5718,171.28
7.58251,171.56
7.59323,171.54
7.60394,171.63
7.61466,171.55
7.62538,171.53
7.63609,171.36
7.64681,171.28
7.65752,171.4
7.66824,171.48
7.67895,171.53
7.68967,171.63
7.70039,171.5
7.7111,171.55
7.72182,171.56
7.73253,171.42
7.74325,171.56
7.75396,171.42
7.76468,171.54
7.7754,171.58
7.78611,170.98
7.79683,171.24
7.80754,171.4
7.81826,171.32
7.82898,171.55
7.83969,171.42
7.85041,171.38
7.86112,171.18
7.87184,171.46
7.88255,171.48
7.89327,171.52
7.90399,171.54
7.9147,171.52
7.92542,171.38
7.93613,171.56
7.94685,171.57
7.95757,171.32
7.96828,171.38
7.979,171.28
7.98971,171.4
8.00043,171.64
8.01114,171.46
8.02186,171.48
8.03258,171.38
8.04329,171.62
8.05401,171.74
8.06472,171.57
8.07544,171.55
8.08616,171.55
8.09687,171.42
8.10759,171.46
8.1183,171.46
8.12902,171.28
8.13973,171.38
8.15045,171.5
8.16117,171.32
8.17188,171.2
8.1826,171.53
8.19331,171.46
8.20403,171.54
8.21474,171.53
8.22546,171.46
8.23618,171.55
8.24689,171.46
8.25761,171.34
8.26832,171.55
8.27904,171.55
8.28976,171.2
8.30047,171.53
8.31119,171.46
8.3219,171.4
8.33262,171.12
8.34333,171.28
8.35405,171.42
8.36477,171.26
8.37548,171.3
8.3862,171.28
8.39691,171.44
8.40763,171.48
8.41835,171.22
8.42906,171.52
8.43978,171.69
8.45049,171.56
8.46121,171.5
8.47192,171.46
8.48264,171.52
8.49336,171.46
8.50407,171.32
8.51479,171.56
8.5255,171.22
8.53622,171.16
8.54694,171.36
8.55765,171.48
8.56837,171.52
8.57908,171.54
8.5898,171.28
8.60051,171.44
8.61123,171.26
8.62195,171.12
8.63266,171.28
8.64338,171.18
8.65409,171.2
8.66481,171.32
8.67553,171.44
8.68624,171.46
8.69696,171.42
8.70767,171.26
8.71839,171.4
8.7291,171.3
8.73982,171.32
8.75054,171.44
8.76125,171.04
8.77197,171.38
8.78268,171.42
8.7934,171.52
8.80411,171.46
8.81483,171.34
8.82555,171.4
8.83626,171.44
8.84698,171.44
8.85769,171.48
8.86841,171.54
8.87913,171.58
8.88984,171.53
8.90056,171.28
8.91127,171.02
8.92199,171.26
8.9327,171.58
8.94342,171.58
8.95414,171.5
8.96485,171.16
8.97557,171.1
8.98628,171.12
8.997,171.04
9.00772,171.26
9.01843,171.36
9.02915,171.57
9.03986,171.5
9.05058,171.5
9.06129,171.48
9.07201,171.54
9.08273,171.57
9.09344,171.38
9.10416,171.3
9.11487,171.53
9.12559,171.57
9.13631,171.52
9.14702,171.32
9.15774,171.4
9.16845,171.44
9.17917,171.4
9.18988,171.42
9.2006,171.32
9.21132,170.98
9.22203,171.53
9.23275,171.3
9.24346,171.24
9.25418,171.28
9.26489,171.28
9.27561,171.34
9.28633,171.34
9.29704,171.24
9.30776,171.38
9.31847,171.48
9.32919,171.59
9.33991,171.6
9.35062,171.55
9.36134,171.46
9.37205,171.16
9.38277,170.88
9.39348,171.18
9.4042,171.22
9.41492,171.2
9.42563,171.38
9.43635,171.4
9.44706,171.48
9.45778,171.26
9.4685,171.4
9.47921,171.48
9.48993,171.46
9.50064,171.5
9.51136,171.28
9.52207,171.38
9.53279,171.28
9.54351,171.36
9.55422,171.52
9.56494,171.38
9.57565,171.1
9.58637,171.24
9.59709,171.2
9.6078,171.3
9.61852,171.28
9.62923,171.32
9.63995,171.24
9.65066,171.22
9.66138,171.54
9.6721,171.52
9.68281,171.36
9.69353,171.28
9.70424,171.38
9.71496,171.16
9.72568,171.42
9.73639,171.58
9.74711,171.52
9.75782,171.42
9.76854,171.3
9.77925,171.36
9.78997,171.38
9.80069,171.4
9.8114,171.48
9.82212,171.38
9.83283,171.12
9.84355,171.53
9.85426,171.34
9.86498,171.46
9.8757,171.73
9.88641,171.57
9.89713,171.56
9.90784,171.56
9.91856,171.7
9.92928,171.69
9.93999,171.8
9.95071,171.62
9.96142,171.76
9.97214,171.7
9.98285,171.68
9.99357,171.71
10.00429,171.83
10.015,172.06
10.02572,171.94
10.03643,171.83
10.04715,171.96
10.05787,171.86
10.06858,171.92
10.0793,172.1
10.09001,171.99
10.10073,172.1
10.11144,171.92
10.12216,171.89
10.13288,171.95
10.14359,172.06
10.15431,172.0
10.16502,171.9
10.17574,171.79
10.18646,171.66
10.19717,171.64
10.20789,171.78
10.2186,171.74
10.22932,171.64
10.24003,171.52
10.25075,171.53
10.26147,171.54
10.27218,171.48
10.2829,171.36
10.29361,171.55
10.30433,171.53
10.31505,171.32
10.32576,171.56
10.33648,171.32
10.34719,171.06
10.35791,171.44
10.36862,171.28
10.37934,171.28
10.39006,171.48
10.40077,171.4
10.41149,171.16
10.4222,171.16
10.43292,171.4
10.44363,171.52
10.45435,171.53
10.46507,171.5
10.47578,171.5
10.4865,171.3
10.49721,171.38
10.50793,171.22
10.51865,171.2
10.52936,171.48
10.54008,171.2
10.55079,170.96
10.56151,171.08
10.57222,171.12
10.58294,171.14
10.59366,171.42
10.60437,171.4
10.61509,171.14
10.6258,171.2
10.63652,171.4
10.64724,171.53
10.65795,171.24
10.66867,171.28
10.67938,171.2
10.6901,171.26
10.70081,171.22
10.71153,171.14
10.72225,171.06
10.73296,171.18
10.74368,171.2
10.75439,171.08
10.76511,171.26
10.77583,171.54
10.78654,171.16
10.79726,170.98
10.80797,171.14
10.81869,171.56
10.8294,171.36
10.84012,171.38
10.85084,171.54
10.86155,171.4
10.87227,171.16
10.88298,171.36
10.8937,171.02
10.90441,171.24
10.91513,171.54
10.92585,171.32
10.93656,171.14
10.94728,171.38
10.95799,171.54
10.96871,171.3
10.97943,171.5
10.99014,170.96
11.00086,171.0
11.01157,171.12
11.02229,171.22
11.033,171.34
11.04372,171.22
11.05444,170.94
11.06515,171.14
11.07587,171.48
11.08658,171.38
11.0973,171.44
11.10802,171.16
11.11873,171.42
11.12945,171.14
11.14016,171.24
11.15088,171.42
11.16159,171.3
11.17231,171.18
11.18303,171.22
11.19374,171.24
11.20446,171.08
11.21517,171.28
11.22589,170.9
11.23661,170.98
11.24732,171.26
11.25804,171.3
11.26875,171.08
11.27947,171.38
11.29018,171.38
11.3009,171.32
11.31162,171.1
11.32233,171.12
11.33305,170.94
11.34376,171.18
11.35448,171.24
11.3652,171.08
11.37591,170.98
11.38663,171.08
11.39734,171.28
11.40806,171.1
11.41877,171.08
11.42949,171.06
11.44021,170.92
11.45092,171.44
11.46164,171.28
11.47235,171.44
11.48307,171.18
11.49378,171.46
11.5045,171.48
11.51522,171.34
11.52593,171.22
11.53665,171.36
11.54736,171.1
11.55808,170.98
11.5688,171.22
11.57951,171.36
11.59023,171.22
11.60094,171.32
11.61166,171.28
11.62237,171.32
11.63309,171.52
11.64381,171.48
11.65452,171.36
11.66524,171.2
11.67595,171.24
11.68667,171.14
11.69739,171.14
11.7081,171.42
11.71882,171.55
11.72953,171.5
11.74025,171.46
11.75096,171.16
11.76168,171.44
11.7724,171.42
11.78311,171.32
11.79383,171.32
11.80454,171.32
11.81526,171.26
11.82598,171.48
11.83669,171.53
11.84741,171.38
11.85812,171.46
11.86884,171.53
11.87955,171.02
11.89027,171.14
11.90099,171.06
11.9117,171.22
11.92242,171.14
11.93313,171.3
11.94385,171.34
11.95456,170.88
11.96528,171.3
11.976,171.1
11.98671,171.4
11.99743,171.4
12.00814,171.18
12.01886,171.0
12.02958,171.04
12.04029,171.18
12.05101,171.24
12.06172,171.02
12.07244,171.14
12.08315,171.16
12.09387,170.9
12.10459,171.18
12.1153,171.38
12.12602,171.24
12.13673,171.46
12.14745,171.56
12.15817,171.48
12.16888,171.32
12.1796,171.18
12.19031,171.26
12.20103,171.26
12.21174,171.24
12.22246,171.52
12.23318,171.4
12.24389,171.2
12.25461,171.32
12.26532,171.3
12.27604,171.08
12.28676,170.96
12.29747,171.0
12.30819,171.12
12.3189,171.0
12.32962,171.2
12.34033,171.52
12.35105,171.14
12.36177,170.94
12.37248,171.4
12.3832,171.3
12.39391,171.18
12.40463,171.26
12.41535,171.2
12.42606,171.24
12.43678,171.28
12.44749,171.08
12.45821,171.34
12.46892,171.34
12.47964,171.46
12.49036,171.08
12.50107,171.12
12.51179,171.44
12.5225,171.26
12.53322,171.0
12.54393,171.02
12.55465,171.3
12.56537,171.06
12.57608,171.2
12.5868,171.22
12.59751,171.16
12.60823,171.18
12.61895,171.24
12.62966,171.02
12.64038,171.14
12.65109,171.26
12.66181,171.0
12.67252,171.18
12.68324,171.22
12.69396,171.24
12.70467,171.1
12.71539,170.82
12.7261,170.9
12.73682,171.14
12.74754,171.02
12.75825,170.86
12.76897,171.06
12.77968,171.24
12.7904,171.3
12.80111,171.1
12.81183,171.16
12.82255,171.12
12.83326,171.16
12.84398,171.24
12.85469,171.18
12.86541,171.1
12.87613,171.28
12.88684,171.12
12.89756,170.96
12.90827,171.08
12.91899,171.28
12.9297,171.4
12.94042,171.48
12.95114,171.18
12.96185,171.24
12.97257,171.46
12.98328,171.38
12.994,171.36
13.00471,170.98
13.01543,170.94
13.02615,170.92
13.03686,171.08
13.04758,171.06
13.05829,171.24
13.06901,171.24
13.07973,171.18
13.09044,171.3
13.10116,171.42
13.11187,171.16
13.12259,171.3
13.1333,171.14
13.14402,171.08
13.15474,171.26
13.16545,171.12
13.17617,171.28
13.18688,171.55
13.1976,171.4
13.20832,171.5
13.21903,171.4
13.22975,171.44
13.24046,171.34
13.25118,171.46
13.26189,171.58
13.27261,171.4
13.28333,171.16
13.29404,171.26
13.30476,171.44
13.31547,171.48
13.32619,171.28
13.33691,171.46
13.34762,171.26
13.35834,171.53
13.36905,171.69
13.37977,171.6
13.39048,171.46
13.4012,171.55
13.41192,171.38
13.42263,171.12
13.43335,171.1
13.44406,171.24
13.45478,171.24
13.4655,170.96
13.47621,171.1
13.48693,171.1
13.49764,171.32
13.50836,171.38
13.51907,171.14
13.52979,171.18
13.54051,171.02
13.55122,170.92
13.56194,171.04
13.57265,171.2
13.58337,171.08
13.59408,171.14
13.6048,171.2
13.61552,171.1
13.62623,171.32
13.63695,171.38
13.64766,171.14
13.65838,170.9
13.6691,171.18
13.67981,171.14
13.69053,171.18
13.70124,171.12
13.71196,170.88
13.72267,171.18
13.73339,171.28
13.74411,171.5
13.75482,171.2
13.76554,170.9
13.77625,170.82
13.78697,171.28
13.79769,171.2
13.8084,171.12
13.81912,171.26
13.82983,171.26
13.84055,171.38
13.85126,171.4
13.86198,171.36
13.8727,171.12
13.88341,171.08
13.89413,171.18
13.90484,171.28
13.91556,171.08
13.92628,171.02
13.93699,171.2
13.94771,171.14
13.95842,171.38
13.96914,171.24
13.97985,171.18
13.99057,170.94
14.00129,171.18
14.012,170.88
14.02272,171.14
14.03343,171.28
14.04415,171.12
14.05486,171.16
14.06558,171.5
14.0763,171.53
14.08701,171.16
14.09773,171.28
14.10844,171.3
14.11916,171.16
14.12988,171.26
14.14059,171.1
14.15131,171.28
14.16202,171.16
14.17274,171.18
14.18345,171.04
14.19417,171.06
14.20489,171.32
14.2156,171.26
14.22632,171.44
14.23703,171.14
14.24775,171.1
14.25847,171.04
14.26918,170.96
14.2799,171.04
14.29061,171.2
14.30133,171.5
14.31204,171.52
14.32276,171.3
14.33348,171.32
14.34419,171.26
14.35491,171.2
14.36562,171.2
14.37634,171.58
14.38706,171.59
14.39777,171.32
14.40849,171.22
14.4192,171.22
14.42992,171.04
14.44063,171.06
14.45135,171.22
14.46207,171.04
14.47278,171.06
14.4835,171.08
14.49421,171.2
14.50493,171.1
14.51565,171.26
14.52636,171.06
14.53708,170.9
14.54779,171.0
14.55851,171.16
14.56922,171.2
14.57994,171.28
14.59066,171.4
14.60137,171.38
14.61209,171.5
14.6228,171.3
14.63352,171.34
14.64423,171.42
14.65495,171.32
14.66567,171.26
14.67638,171.1
14.6871,171.16
14.69781,171.04
14.70853,171.3
14.71925,171.32
14.72996,171.24
14.74068,171.38
14.75139,171.24
14.76211,171.08
14.77282,171.08
14.78354,171.28
14.79426,171.12
14.80497,171.2
14.81569,171.08
14.8264,170.9
14.83712,170.94
14.84784,171.18
14.85855,171.08
14.86927,171.2
14.87998,171.06
14.8907,171.08
14.90141,170.94
14.91213,170.94
14.92285,171.2
14.93356,171.28
14.94428,171.28
14.95499,171.38
14.96571,170.92
14.97643,170.96
14.98714,171.16
14.99786,171.24
15.00857,171.22
15.01929,171.24
15.03,171.53
15.04072,171.28
15.05144,170.98
15.06215,170.94
15.07287,170.66
15.08358,171.0
15.0943,171.24
15.10502,170.98
15.11573,171.06
15.12645,171.16
15.13716,171.14
15.14788,170.96
15.15859,171.02
15.16931,171.14
15.18003,171.16
15.19074,171.16
15.20146,171.16
15.21217,170.92
15.22289,171.0
15.2336,171.22
15.24432,171.1
15.25504,171.0
15.26575,170.98
15.27647,171.2
15.28718,170.96
15.2979,171.12
15.30862,171.1
15.31933,171.3
15.33005,171.42
15.34076,170.8
15.35148,171.04
15.36219,171.2
15.37291,171.0
15.38363,170.96
15.39434,171.14
15.40506,171.2
15.41577,171.32
15.42649,171.1
15.43721,171.2
15.44792,171.34
15.45864,171.18
15.46935,171.0
15.48007,171.16
15.49078,171.08
15.5015,171.08
15.51222,171.02
15.52293,171.12
15.53365,171.14
15.54436,171.14
15.55508,171.12
15.5658,171.34
15.57651,170.94
15.58723,171.4
15.59794,171.3
15.60866,171.12
15.61937,170.92
15.63009,170.98
15.64081,171.16
15.65152,171.04
15.66224,171.04
15.67295,171.0
15.68367,171.08
15.69438,171.24
15.7051,171.26
15.71582,171.02
15.72653,171.06
15.73725,171.26
15.74796,171.12
15.75868,171.06
15.7694,170.94
15.78011,171.02
15.79083,171.18
15.80154,171.18
15.81226,170.98
15.82297,171.18
15.83369,171.28
15.84441,171.26
15.85512,171.06
15.86584,171.16
15.87655,171.18
15.88727,171.0
15.89799,171.2
15.9087,171.18
15.91942,171.08
15.93013,171.26
15.94085,171.38
15.95156,171.08
15.96228,171.1
15.973,171.1
15.98371,171.26
15.99443,171.04
16.00514,171.2
16.01586,170.98
16.02658,171.12
16.03729,171.18
16.04801,171.02
16.05872,171.0
16.06944,171.26
16.08015,171.12
16.09087,171.06
16.10159,170.62
16.1123,170.92
16.12302,171.12
16.13373,171.08
16.14445,171.14
16.15517,171.14
16.16588,171.0
16.1766,171.18
16.18731,171.18
16.19803,171.12
16.20874,171.14
16.21946,170.88
16.23018,171.22
16.24089,170.66
16.25161,170.84
16.26232,171.08
16.27304,171.04
16.28375,171.12
16.29447,171.02
16.30519,170.96
16.3159,171.02
16.32662,171.14
16.33733,171.1
16.34805,171.02
16.35877,171.08
16.36948,171.18
16.3802,171.22
16.39091,170.96
16.40163,171.18
16.41234,171.14
16.42306,171.0
16.43378,170.88
16.44449,171.2
16.45521,171.3
16.46592,171.08
16.47664,171.14
16.48736,171.1
16.49807,171.26
16.50879,171.4
16.5195,171.32
16.53022,171.55
16.54093,171.65
16.55165,171.72
16.56237,171.71
16.57308,171.78
16.5838,172.01
16.59451,172.24
16.60523,172.53
16.61595,172.5
16.62666,172.84
16.63738,172.9
16.64809,172.76
16.65881,172.66
16.66952,172.69
16.68024,172.48
16.69096,172.57
16.70167,172.37
16.71239,172.26
16.7231,172.02
16.73382,171.9
16.74453,171.81
16.75525,171.57
16.76597,171.54
16.77668,171.55
16.7874,171.22
16.79811,170.9
16.80883,171.02
16.81955,171.04
16.83026,170.96
16.84098,170.94
16.85169,171.16
16.86241,170.74
16.87312,170.92
16.88384,171.18
16.89456,171.02
16.90527,171.14
16.91599,170.98
16.9267,171.36
16.93742,171.1
16.94814,170.96
16.95885,171.24
16.96957,171.02
16.98028,170.76
16.991,170.94
17.00171,170.98
17.01243,170.82
17.02315,171.08
17.03386,171.42
17.04458,171.3
17.05529,171.24
17.06601,170.98
17.07673,171.04
17.08744,170.98
17.09816,170.92
17.10887,171.36
17.11959,171.04
17.1303,170.86
17.14102,171.16
17.15174,171.06
17.16245,171.04
17.17317,171.08
17.18388,171.1
17.1946,171.04
17.20532,171.12
17.21603,171.08
17.22675,171.32
17.23746,171.38
17.24818,171.12
17.25889,171.14
17.26961,171.28
17.28033,170.96
17.29104,170.94
17.30176,170.98
17.31247,170.9
17.32319,171.16
17.3339,171.22
17.34462,171.1
17.35534,171.18
17.36605,171.2
17.37677,171.32
17.38748,171.14
17.3982,171.34
17.40892,171.16
17.41963,171.04
17.43035,171.06
17.44106,171.22
17.45178,171.18
17.46249,170.98
17.47321,171.08
17.48393,171.02
17.49464,170.82
17.50536,170.72
17.51607,171.0
17.52679,171.06
17.53751,170.9
17.54822,170.84
17.55894,171.0
17.56965,171.08
17.58037,170.88
17.59108,170.9
17.6018,171.18
17.61252,170.92
17.62323,170.88
17.63395,170.76
17.64466,170.96
17.65538,170.8
17.6661,171.14
17.67681,171.06
17.68753,171.18
17.69824,171.06
17.70896,171.1
17.71967,171.14
17.73039,170.96
17.74111,170.92
17.75182,170.92
17.76254,170.98
17.77325,171.14
17.78397,171.08
17.79468,171.12
17.8054,170.84
17.81612,170.7
17.82683,171.02
17.83755,170.78
17.84826,171.02
17.85898,170.92
17.8697,171.0
17.88041,171.2
17.89113,171.32
17.90184,171.24
17.91256,171.06
17.92327,171.26
17.93399,171.34
17.94471,171.1
17.95542,170.98
17.96614,170.9
17.97685,171.16
17.98757,171.26
17.99829,171.2
18.009,171.24
18.01972,171.16
18.03043,170.88
18.04115,170.8
18.05186,171.08
18.06258,171.1
18.0733,170.82
18.08401,170.88
18.09473,171.12
18.10544,171.12
18.11616,171.22
18.12688,171.16
18.13759,171.1
18.14831,171.14
18.15902,171.12
18.16974,171.24
18.18045,171.0
18.19117,171.28
18.20189,171.36
18.2126,171.2
18.22332,171.04
18.23403,171.02
18.24475,171.46
18.25547,171.24
18.26618,170.96
18.2769,171.38
18.28761,171.08
18.29833,171.36
18.30904,171.1
18.31976,170.94
18.33048,170.86
18.34119,170.94
18.35191,170.94
18.36262,170.78
18.37334,170.98
18.38405,171.08
18.39477,170.88
18.40549,170.94
18.4162,171.16
18.42692,170.98
18.43763,170.9
18.44835,170.86
18.45907,171.04
18.46978,170.84
18.4805,170.96
18.49121,170.8
18.50193,170.92
18.51264,170.78
18.52336,170.76
18.53408,171.08
18.54479,170.98
18.55551,170.82
18.56622,171.1
18.57694,171.2
18.58766,171.14
18.59837,170.9
18.60909,171.2
18.6198,171.28
18.63052,170.9
18.64123,171.04
18.65195,171.1
18.66267,170.96
18.67338,170.86
18.6841,170.92
18.69481,171.3
18.70553,171.48
18.71625,171.24
18.72696,171.24
18.73768,171.1
18.74839,171.16
18.75911,171.26
18.76982,171.26
18.78054,171.5
18.79126,171.44
18.80197,171.73
18.81269,171.82
18.8234,171.98
18.83412,172.0
18.84483,172.12
18.85555,172.3
18.86627,172.33
18.87698,172.11
18.8877,171.88
18.89841,171.82
18.90913,171.96
18.91985,171.93
18.93056,171.87
18.94128,171.66
18.95199,171.88
18.96271,171.71
18.97342,171.62
18.98414,171.38
18.99486,171.3
19.00557,171.14
19.01629,171.55
19.027,171.22
19.03772,170.92
19.04844,170.92
19.05915,171.06
19.06987,171.26
19.08058,171.02
19.0913,171.04
19.10201,171.24
19.11273,171.22
19.12345,171.16
19.13416,170.98
19.14488,171.22
19.15559,171.3
19.16631,170.96
19.17703,171.02
19.18774,171.2
19.19846,171.28
19.20917,170.88
19.21989,170.98
19.2306,171.12
19.24132,171.08
19.25204,171.14
19.26275,171.18
19.27347,171.1
19.28418,171.14
19.2949,171.06
19.30562,170.82
19.31633,170.74
19.32705,171.14
19.33776,171.14
19.34848,171.16
19.35919,171.06
19.36991,170.86
19.38063,171.34
19.39134,171.22
19.40206,170.9
19.41277,170.98
19.42349,170.74
19.4342,171.08
19.44492,171.28
19.45564,171.3
19.46635,171.34
19.47707,171.18
19.48778,170.92
19.4985,170.98
19.50922,170.8
19.51993,170.94
19.53065,171.16
19.54136,171.06
19.55208,171.04
19.56279,171.36
19.57351,171.06
19.58423,171.12
19.59494,171.26
19.60566,171.08
19.61637,171.02
19.62709,170.96
19.63781,171.18
19.64852,171.1
19.65924,170.9
19.66995,171.22
19.68067,171.14
19.69138,171.14
19.7021,171.42
19.71282,171.4
19.72353,170.9
19.73425,170.9
19.74496,171.06
19.75568,171.42
19.7664,171.28
19.77711,171.06
19.78783,171.08
19.79854,171.0
19.80926,171.16
19.81997,171.16
19.83069,171.18
19.84141,171.3
19.85212,171.06
19.86284,171.2
19.87355,170.88
19.88427,170.88
19.89498,171.1
19.9057,171.56
19.91642,171.26
19.92713,171.53
19.93785,171.55
19.94856,171.28
19.95928,171.18
19.97,171.62
19.98071,171.7
19.99143,171.56
20.00214,171.46
20.01286,171.65
20.02357,171.8
20.03429,171.89
20.04501,171.98
20.05572,171.79
20.06644,171.94
20.07715,172.29
20.08787,172.51
20.09859,172.68
20.1093,172.84
20.12002,173.14
20.13073,173.31
20.14145,173.5
20.15216,173.67
20.16288,174.01
20.1736,174.17
20.18431,174.15
20.19503,174.18
20.20574,174.17
20.21646,174.13
20.22718,174.06
20.23789,173.89
20.24861,173.78
20.25932,173.5
20.27004,173.44
20.28075,173.09
20.29147,172.99
20.30219,172.83
20.3129,172.44
20.32362,172.35
20.33433,172.2
20.34505,172.12
20.35577,172.07
20.36648,172.04
20.3772,171.87
20.38791,171.65
20.39863,171.76
20.40934,171.79
20.42006,171.61
20.43078,171.63
20.44149,171.56
20.45221,171.42
20.46292,171.32
20.47364,171.5
20.48435,171.53
20.49507,171.56
20.50579,171.26
20.5165,171.3
20.52722,171.16
20.53793,171.1
20.54865,171.44
20.55937,171.42
20.57008,171.38
20.5808,171.02
20.59151,171.16
20.60223,171.38
20.61294,171.36
20.62366,171.34
20.63438,171.16
20.64509,171.32
20.65581,171.3
20.66652,171.16
20.67724,171.4
20.68796,171.36
20.69867,171.38
20.70939,171.36
20.7201,171.48
20.73082,171.22
20.74153,171.28
20.75225,171.16
20.76297,171.38
20.77368,171.38
20.7844,171.54
20.79511,171.42
20.80583,171.52
20.81655,171.36
20.82726,171.55
20.83798,171.38
20.84869,171.28
20.85941,171.34
20.87012,171.28
20.88084,171.32
20.89156,171.34
20.90227,171.38
20.91299,171.26
20.9237,171.12
20.93442,171.4
20.94514,171.4
20.95585,171.28
20.96657,171.53
20.97728,171.69
20.988,171.3
20.99871,171.57
21.00943,171.5
21.02015,171.24
21.03086,171.55
21.04158,171.42
21.05229,171.53
21.06301,171.28
21.07372,171.46
21.08444,171.55
21.09516,171.53
21.10587,171.57
21.11659,171.7
21.1273,171.68
21.13802,171.52
21.14874,171.66
21.15945,171.67
21.17017,171.64
21.18088,171.7
21.1916,171.4
21.20231,171.57
21.21303,171.56
21.22375,171.61
21.23446,171.66
21.24518,171.58
21.25589,171.63
21.26661,171.61
21.27733,171.5
21.28804,171.6
21.29876,171.67
21.30947,171.57
21.32019,171.63
21.3309,171.83
21.34162,171.85
21.35234,171.84
21.36305,171.96
21.37377,171.97
21.38448,172.07
21.3952,172.19
21.40592,172.37
21.41663,172.65
21.42735,172.81
21.43806,173.05
21.44878,173.34
21.45949,173.69
21.47021,174.16
21.48093,174.47
21.49164,175.01
21.50236,175.53
21.51307,175.85
21.52379,176.29
21.5345,176.72
21.54522,176.9
21.55594,177.04
21.56665,177.06
21.57737,177.04
21.58808,176.97
21.5988,176.91
21.60952,176.77
21.62023,176.62
21.63095,176.34
21.64166,176.04
21.65238,175.76
21.66309,175.52
21.67381,175.13
21.68453,174.56
21.69524,174.2
21.70596,173.7
21.71667,173.35
21.72739,173.06
21.73811,172.86
21.74882,172.82
21.75954,172.63
21.77025,172.44
21.78097,172.3
21.79168,172.41
21.8024,172.3
21.81312,172.38
21.82383,172.36
21.83455,172.19
21.84526,172.23
21.85598,172.0
21.8667,172.0
21.87741,171.97
21.88813,171.98
21.89884,171.99
21.90956,171.91
21.92027,171.71
21.93099,171.83
21.94171,171.87
21.95242,171.68
21.96314,171.61
21.97385,171.58
21.98457,171.67
21.99529,171.81
22.006,171.77
22.01672,171.65
22.02743,171.53
22.03815,171.22
22.04886,171.3
22.05958,171.32
22.0703,171.26
22.08101,171.02
22.09173,171.12
22.10244,171.4
22.11316,171.24
22.12387,171.2
22.13459,171.4
22.14531,171.2
22.15602,171.46
22.16674,171.53
22.17745,171.36
22.18817,171.36
22.19889,171.36
22.2096,171.38
22.22032,171.18
22.23103,170.92
22.24175,170.92
22.25246,171.28
22.26318,171.34
22.2739,171.1
22.28461,171.18
22.29533,171.5
22.30604,171.18
22.31676,171.1
22.32748,171.1
22.33819,171.5
22.34891,171.54
22.35962,171.3
22.37034,170.96
22.38105,171.4
22.39177,171.57
22.40249,171.46
22.4132,171.48
22.42392,171.4
22.43463,171.38
22.44535,171.5
22.45607,171.42
22.46678,171.16
22.4775,171.14
22.48821,171.42
22.49893,171.26
22.50964,171.14
22.52036,171.24
22.53108,171.18
22.54179,171.38
22.55251,171.4
22.56322,171.24
22.57394,171.32
22.58465,171.48
22.59537,171.57
22.60609,171.44
22.6168,171.52
22.62752,171.44
22.63823,171.53
22.64895,171.65
22.65967,171.52
22.67038,171.57
22.6811,171.69
22.69181,171.64
22.70253,171.58
22.71324,171.59
22.72396,171.79
22.73468,171.96
22.74539,172.15
22.75611,172.39
22.76682,172.92
22.77754,173.21
22.78826,173.74
22.79897,174.19
22.80969,174.6
22.8204,174.96
22.83112,175.05
22.84183,175.02
22.85255,175.05
22.86327,174.93
22.87398,174.81
22.8847,174.73
22.89541,174.59
22.90613,174.47
22.91685,174.35
22.92756,174.19
22.93828,173.83
22.94899,173.41
22.95971,173.2
22.97042,172.97
22.98114,172.84
22.99186,172.72
23.00257,172.38
23.01329,172.14
23.024,172.02
23.03472,171.97
23.04544,172.0
23.05615,171.92
23.06687,171.88
23.07758,172.04
23.0883,171.94
23.09901,171.72
23.10973,171.69
23.12045,171.6
23.13116,171.64
23.14188,171.54
23.15259,171.44
23.16331,171.46
23.17402,171.36
23.18474,171.08
23.19546,171.24
23.20617,171.24
23.21689,171.22
23.2276,171.04
23.23832,171.14
23.24904,170.98
23.25975,170.9
23.27047,171.08
23.28118,171.18
23.2919,171.18
23.30261,171.3
23.31333,170.74
23.32405,170.94
23.33476,170.72
23.34548,170.82
23.35619,171.28
23.36691,170.98
23.37763,170.82
23.38834,171.02
23.39906,170.88
23.40977,170.8
23.42049,170.94
23.4312,171.06
23.44192,171.0
23.45264,170.8
23.46335,170.9
23.47407,171.02
23.48478,171.18
23.4955,171.04
23.50622,170.86
23.51693,171.16
23.52765,171.18
23.53836,170.5
23.54908,170.9
23.55979,171.08
23.57051,171.24
23.58123,171.34
23.59194,170.98
23.60266,170.98
23.61337,170.86
23.62409,170.86
23.6348,171.02
23.64552,170.94
23.65624,170.84
23.66695,171.04
23.67767,171.2
23.68838,171.36
23.6991,171.14
23.70982,170.96
23.72053,170.96
23.73125,170.74
23.74196,171.02
23.75268,170.8
23.76339,170.96
23.77411,170.98
23.78483,170.96
23.79554,171.14
23.80626,171.32
23.81697,171.38
23.82769,170.98
23.83841,170.72
23.84912,170.84
23.85984,170.8
23.87055,170.86
23.88127,170.88
23.89198,171.02
23.9027,170.94
23.91342,170.54
23.92413,170.82
23.93485,171.0
23.94556,171.0
23.95628,170.98
23.967,171.12
23.97771,171.14
23.98843,171.12
23.99914,171.28
24.00986,171.06
24.02057,170.82
24.03129,170.78
24.04201,170.86
24.05272,170.96
24.06344,171.0
24.07415,170.88
24.08487,170.9
24.09559,171.08
24.1063,171.1
24.11702,170.98
24.12773,170.84
24.13845,171.16
24.14916,170.9
24.15988,171.14
24.1706,170.96
24.18131,171.08
24.19203,171.24
24.20274,171.3
24.21346,171.1
24.22417,170.94
24.23489,171.16
24.24561,171.38
24.25632,171.3
24.26704,170.84
24.27775,171.06
24.28847,171.26
24.29919,171.16
24.3099,170.96
24.32062,170.96
24.33133,170.7
24.34205,170.94
24.35276,171.0
24.36348,170.78
24.3742,170.84
24.38491,170.96
24.39563,171.08
24.40634,170.88
24.41706,170.82
24.42778,171.16
24.43849,170.9
24.44921,171.08
24.45992,171.08
24.47064,171.0
24.48135,171.04
24.49207,170.9
24.50279,170.84
24.5135,170.78
24.52422,170.96
24.53493,170.78
24.54565,170.96
24.55637,171.02
24.56708,170.7
24.5778,170.68
24.58851,170.96
24.59923,170.7
24.60994,170.78
24.62066,170.86
24.63138,170.96
24.64209,171.2
24.65281,171.0
24.66352,170.66
24.67424,170.88
24.68495,171.0
24.69567,170.68
24.70639,170.62
24.7171,170.94
24.72782,170.88
24.73853,170.78
24.74925,170.92
24.75997,171.12
24.77068,170.94
24.7814,170.98
24.79211,171.12
24.80283,171.46
24.81354,171.24
24.82426,171.1
24.83498,170.88
24.84569,170.88
24.85641,171.08
24.86712,171.24
24.87784,171.44
24.88856,171.68
24.89927,171.68
24.90999,171.88
24.9207,171.91
24.93142,171.91
24.94213,171.97
24.95285,172.26
24.96357,172.29
24.97428,172.38
24.985,172.25
24.99571,171.97
25.00643,171.71
25.01715,171.63
25.02786,171.8
25.03858,171.84
25.04929,171.69
25.06001,171.44
25.07072,171.59
25.08144,171.34
25.09216,170.96
25.10287,171.4
25.11359,171.08
25.1243,170.96
25.13502,171.18
25.14574,171.26
25.15645,170.88
25.16717,170.82
25.17788,170.86
25.1886,170.94
25.19931,170.74
25.21003,170.76
25.22075,170.68
25.23146,170.92
25.24218,170.88
25.25289,170.78
25.26361,170.9
25.27432,170.94
25.28504,170.98
25.29576,170.82
25.30647,170.8
25.31719,171.1
25.3279,170.96
25.33862,170.96
25.34934,170.94
25.36005,171.12
25.37077,170.94
25.38148,170.86
25.3922,170.84
25.40291,170.9
25.41363,170.88
25.42435,170.7
25.43506,170.64
25.44578,170.74
25.45649,171.04
25.46721,170.84
25.47793,170.78
25.48864,170.74
25.49936,170.6
25.51007,170.9
25.52079,171.04
25.5315,170.78
25.54222,170.94
25.55294,170.96
25.56365,170.72
25.57437,170.64
25.58508,170.94
25.5958,171.18
25.60652,170.92
25.61723,170.88
25.62795,170.78
25.63866,170.76
25.64938,170.94
25.66009,170.82
25.67081,170.86
25.68153,170.82
25.69224,170.9
25.70296,170.9
25.71367,171.04
25.72439,171.26
25.73511,171.0
25.74582,171.04
25.75654,171.12
25.76725,170.82
25.77797,170.96
25.78868,171.02
25.7994,171.02
25.81012,170.82
25.82083,171.16
25.83155,171.0
25.84226,170.76
25.85298,170.64
25.86369,170.76
25.87441,171.0
25.88513,171.0
25.89584,170.98
25.90656,170.96
25.91727,170.96
25.92799,171.1
25.93871,171.0
25.94942,171.06
25.96014,170.66
25.97085,170.98
25.98157,170.98
25.99228,171.24
26.003,171.26
26.01372,171.28
26.02443,171.22
26.03515,171.55
26.04586,171.53
26.05658,171.61
26.0673,171.71
26.07801,171.84
26.08873,171.8
26.09944,171.7
26.11016,171.81
26.12087,171.73
26.13159,171.75
26.14231,171.84
26.15302,171.86
26.16374,171.84
26.17445,171.91
26.18517,171.79
26.19589,171.84
26.2066,171.77
26.21732,171.76
26.22803,171.55
26.23875,171.46
26.24946,171.38
26.26018,171.3
26.2709,170.94
26.28161,171.32
26.29233,171.26
26.30304,171.26
26.31376,171.18
26.32447,171.1
26.33519,171.22
26.34591,171.5
26.35662,171.24
26.36734,171.18
26.37805,170.9
26.38877,170.98
26.39949,170.9
26.4102,170.92
26.42092,170.78
26.43163,170.78
26.44235,170.74
26.45306,170.96
26.46378,170.84
26.4745,170.78
26.48521,170.86
26.49593,170.96
26.50664,170.82
26.51736,170.7
26.52808,170.7
26.53879,170.68
26.54951,170.9
26.56022,170.68
26.57094,170.68
26.58165,170.8
26.59237,170.64
26.60309,170.9
26.6138,170.9
26.62452,170.84
26.63523,170.8
26.64595,170.72
26.65667,171.04
26.66738,170.96
26.6781,171.1
26.68881,170.82
26.69953,170.84
26.71024,170.84
26.72096,170.72
26.73168,170.66
26.74239,170.94
26.75311,170.9
26.76382,171.1
26.77454,170.9
26.78526,170.88
26.79597,170.94
26.80669,171.0
26.8174,171.02
26.82812,170.82
26.83883,171.02
26.84955,170.9
26.86027,170.74
26.87098,170.76
26.8817,170.72
26.89241,171.06
26.90313,170.94
26.91384,170.68
26.92456,170.8
26.93528,170.7
26.94599,170.98
26.95671,170.88
26.96742,170.76
26.97814,170.7
26.98886,170.82
26.99957,170.72
27.01029,170.54
27.021,170.52
27.03172,170.54
27.04243,170.86
27.05315,170.66
27.06387,170.58
27.07458,170.58
27.0853,170.5
27.09601,170.94
27.10673,170.66
27.11745,170.48
27.12816,170.5
27.13888,170.7
27.14959,170.62
27.16031,171.08
27.17102,170.82
27.18174,170.7
27.19246,170.82
27.20317,170.66
27.21389,170.68
27.2246,170.8
27.23532,170.78
27.24604,170.84
27.25675,170.72
27.26747,170.74
27.27818,170.72
27.2889,170.82
27.29961,170.92
27.31033,170.88
27.32105,170.64
27.33176,170.88
27.34248,170.92
27.35319,170.98
27.36391,170.94
27.37462,170.92
27.38534,171.0
27.39606,171.1
27.40677,170.84
27.41749,170.82
27.4282,170.88
27.43892,170.88
27.44964,170.74
27.46035,170.94
27.47107,170.94
27.48178,170.92
27.4925,170.76
27.50321,170.84
27.51393,170.9
27.52465,170.86
27.53536,170.9
27.54608,171.02
27.55679,171.02
27.56751,171.12
27.57823,170.7
27.58894,170.74
27.59966,170.74
27.61037,170.8
27.62109,170.72
27.6318,170.7
27.64252,171.04
27.65324,171.08
27.66395,171.24
27.67467,171.06
27.68538,170.96
27.6961,171.0
27.70682,171.16
27.71753,171.22
27.72825,171.3
27.73896,171.34
27.74968,171.28
27.76039,171.42
27.77111,171.54
27.78183,171.24
27.79254,171.59
27.80326,171.64
27.81397,171.9
27.82469,172.38
27.83541,172.76
27.84612,172.96
27.85684,173.28
27.86755,173.76
27.87827,174.15
27.88898,174.44
27.8997,174.64
27.91042,174.61
27.92113,174.49
27.93185,174.39
27.94256,174.21
27.95328,174.08
27.96399,173.87
27.97471,173.82
27.98543,173.77
27.99614,173.58
28.00686,173.58
28.01757,173.38
28.02829,172.96
28.03901,172.67
28.04972,172.32
28.06044,171.96
28.07115,171.89
28.08187,171.68
28.09258,171.32
28.1033,171.1
28.11402,171.16
28.12473,171.26
28.13545,171.36
28.14616,171.3
28.15688,171.4
28.1676,171.12
28.17831,170.92
28.18903,171.18
28.19974,171.08
28.21046,171.16
28.22117,171.22
28.23189,171.02
28.24261,171.08
28.25332,171.12
28.26404,171.04
28.27475,171.22
28.28547,171.16
28.29619,170.94
28.3069,171.08
28.31762,170.88
28.32833,171.2
28.33905,171.4
28.34976,171.56
28.36048,171.36
28.3712,171.46
28.38191,171.66
28.39263,171.73
28.40334,171.74
28.41406,171.74
28.42477,171.66
28.43549,171.62
28.44621,171.86
28.45692,171.96
28.46764,172.08
28.47835,171.94
28.48907,172.22
28.49979,172.24
28.5105,172.23
28.52122,172.46
28.53193,172.68
28.54265,172.6
28.55336,172.5
28.56408,172.52
28.5748,172.27
28.58551,172.19
28.59623,172.12
28.60694,172.02
28.61766,171.95
28.62838,171.82
28.63909,171.77
28.64981,171.78
28.66052,171.69
28.67124,171.68
28.68195,171.61
28.69267,171.18
28.70339,171.14
28.7141,171.28
28.72482,171.12
28.73553,171.06
28.74625,171.0
28.75697,171.38
28.76768,170.94
28.7784,170.84
28.78911,171.1
28.79983,171.36
28.81054,170.96
28.82126,170.9
28.83198,170.92
28.84269,170.8
28.85341,170.78
28.86412,170.96
28.87484,170.88
28.88556,170.74
28.89627,170.9
28.90699,170.82
28.9177,170.9
28.92842,170.9
28.93913,170.84
28.94985,170.98
28.96057,170.74
28.97128,171.02
28.982,170.96
28.99271,171.12
29.00343,171.26
29.01414,171.28
29.02486,171.0
29.03558,170.8
29.04629,170.94
29.05701,170.82
29.06772,170.86
29.07844,170.96
29.08916,171.1
29.09987,171.12
29.11059,171.2
29.1213,171.22
29.13202,171.26
29.14273,171.08
29.15345,170.96
29.16417,171.16
29.17488,171.26
29.1856,171.36
29.19631,171.06
29.20703,171.06
29.21775,171.18
29.22846,171.04
29.23918,171.16
29.24989,171.0
29.26061,171.06
29.27132,171.16
29.28204,171.04
29.29276,171.0
29.30347,171.02
29.31419,171.28
29.3249,171.28
29.33562,171.08
29.34634,171.3
29.35705,171.28
29.36777,171.44
29.37848,171.4
29.3892,171.46
29.39991,171.26
29.41063,171.3
29.42135,171.32
29.43206,171.36
29.44278,171.56
29.45349,171.5
29.46421,171.52
29.47492,171.52
29.48564,171.46
29.49636,171.3
29.50707,171.48
29.51779,171.58
29.5285,171.68
29.53922,171.76
29.54994,171.82
29.56065,171.81
29.57137,171.77
29.58208,171.88
29.5928,171.86
29.60351,171.99
29.61423,172.13
29.62495,172.16
29.63566,172.22
29.64638,172.43
29.65709,172.51
29.66781,172.49
29.67853,172.77
29.68924,172.92
29.69996,173.03
29.71067,173.11
29.72139,173.24
29.7321,173.49
29.74282,173.85
29.75354,174.07
29.76425,174.31
29.77497,174.62
29.78568,174.9
29.7964,175.28
29.80712,175.48
29.81783,175.58
29.82855,175.85
29.83926,175.91
29.84998,175.95
29.86069,175.93
29.87141,175.78
29.88213,175.78
29.89284,175.73
29.90356,175.59
29.91427,175.55
29.92499,175.53
29.93571,175.38
29.94642,175.02
29.95714,174.93
29.96785,174.74
29.97857,174.48
29.98928,174.23
30.0,174.12
30.01072,173.71
30.02143,173.33
30.03215,173.14
30.04286,172.93
30.05358,172.68
30.06429,172.67
30.07501,172.55
30.08573,172.25
30.09644,172.2
30.10716,172.14
30.11787,171.95
30.12859,171.71
30.13931,171.71
30.15002,171.7
30.16074,171.54
30.17145,171.58
30.18217,171.58
30.19288,171.48
30.2036,171.4
30.21432,171.34
30.22503,171.59
30.23575,171.59
30.24646,171.4
30.25718,171.38
30.2679,171.48
30.27861,171.18
30.28933,171.26
30.30004,171.3
30.31076,171.14
30.32147,171.16
30.33219,171.1
30.34291,171.04
30.35362,170.94
30.36434,170.86
30.37505,171.1
30.38577,171.0
30.39649,171.06
30.4072,170.94
30.41792,171.04
30.42863,171.14
30.43935,171.04
30.45006,170.86
30.46078,170.92
30.4715,170.9
30.48221,170.72
30.49293,170.6
30.50364,170.72
30.51436,170.8
30.52508,170.96
30.53579,170.68
30.54651,170.76
30.55722,170.52
30.56794,170.7
30.57865,170.92
30.58937,170.68
30.60009,170.78
30.6108,171.04
30.62152,170.94
30.63223,170.92
30.64295,170.92
30.65366,170.78
30.66438,170.46
30.6751,170.52
30.68581,170.88
30.69653,170.94
30.70724,170.64
30.71796,170.82
30.72868,170.74
30.73939,170.86
30.75011,170.86
30.76082,170.6
30.77154,170.62
30.78225,170.54
30.79297,170.62
30.80369,170.76
30.8144,170.82
30.82512,170.7
30.83583,170.6
30.84655,170.54
30.85727,170.76
30.86798,170.68
30.8787,170.6
30.88941,170.82
30.90013,170.7
30.91084,170.68
30.92156,170.92
30.93228,170.86
30.94299,170.68
30.95371,170.72
30.96442,170.84
30.97514,170.7
30.98586,170.62
30.99657,170.82
31.00729,170.88
31.018,170.76
31.02872,170.78
31.03943,170.82
31.05015,170.58
31.06087,170.54
31.07158,170.72
31.0823,170.98
31.09301,171.02
31.10373,171.08
31.11444,170.96
31.12516,170.6
31.13588,170.46
31.14659,170.7
31.15731,171.0
31.16802,170.94
31.17874,170.78
31.18946,170.82
31.20017,170.72
31.21089,170.76
31.2216,170.76
31.23232,170.78
31.24303,170.66
31.25375,170.54
31.26447,170.82
31.27518,170.66
31.2859,170.8
31.29661,170.78
31.30733,171.02
31.31805,171.08
31.32876,170.88
31.33948,170.64
31.35019,170.86
31.36091,170.8
31.37162,170.9
31.38234,170.64
31.39306,170.66
31.40377,170.86
31.41449,170.68
31.4252,170.78
31.43592,170.82
31.44664,170.94
31.45735,170.9
31.46807,170.6
31.47878,171.0
31.4895,171.02
31.50021,170.88
31.51093,171.06
31.52165,170.92
31.53236,170.86
31.54308,170.8
31.55379,170.8
31.56451,171.1
31.57523,171.06
31.58594,170.82
31.59666,170.84
31.60737,170.8
31.61809,170.82
31.6288,170.9
31.63952,171.04
31.65024,170.9
31.66095,170.64
31.67167,170.6
31.68238,170.66
31.6931,170.82
31.70381,170.88
31.71453,171.08
31.72525,170.94
31.73596,170.72
31.74668,170.82
31.75739,170.74
31.76811,170.7
31.77883,170.62
31.78954,170.5
31.80026,170.76
31.81097,170.98
31.82169,170.7
31.8324,170.66
31.84312,170.98
31.85384,171.02
31.86455,170.92
31.87527,170.92
31.88598,171.2
31.8967,171.18
31.90742,171.04
31.91813,170.74
31.92885,171.1
31.93956,171.06
31.95028,171.24
31.96099,171.5
31.97171,171.32
31.98243,171.24
31.99314,171.38
32.00386,171.14
32.01457,171.0
32.02529,171.26
32.03601,171.08
32.04672,170.82
32.05744,170.82
32.06815,171.24
32.07887,171.08
32.08958,171.2
32.1003,171.38
32.11102,171.36
32.12173,171.36
32.13245,171.48
32.14316,171.52
32.15388,171.34
32.16459,171.06
32.17531,171.36
32.18603,171.55
32.19674,171.55
32.20746,171.6
32.21817,171.53
32.22889,171.66
32.23961,171.6
32.25032,171.55
32.26104,171.73
32.27175,171.87
32.28247,171.83
32.29318,171.79
32.3039,171.79
32.31462,171.98
32.32533,172.11
32.33605,172.08
32.34676,172.32
32.35748,172.38
32.3682,172.59
32.37891,172.88
32.38963,173.06
32.40034,173.21
32.41106,173.41
32.42177,173.79
32.43249,174.12
32.44321,174.34
32.45392,174.56
32.46464,174.85
32.47535,175.11
32.48607,175.36
32.49679,175.37
32.5075,175.25
32.51822,175.25
32.52893,175.11
32.53965,174.85
32.55036,174.87
32.56108,174.83
32.5718,174.81
32.58251,174.72
32.59323,174.51
32.60394,174.39
32.61466,174.29
32.62538,174.23
32.63609,174.08
32.64681,173.63
32.65752,173.3
32.66824,173.16
32.67895,172.95
32.68967,172.81
32.70039,172.78
32.7111,172.65
32.72182,172.34
32.73253,172.24
32.74325,172.05
32.75396,171.89
32.76468,171.94
32.7754,171.78
32.78611,171.87
32.79683,171.85
32.80754,171.69
32.81826,171.55
32.82898,171.73
32.83969,171.61
32.85041,171.52
32.86112,171.66
32.87184,171.66
32.88255,171.32
32.89327,171.44
32.90399,171.34
32.9147,171.44
32.92542,171.53
32.93613,171.22
32.94685,171.08
32.95757,171.46
32.96828,171.1
32.979,171.12
32.98971,171.08
33.00043,171.3
33.01114,171.22
33.02186,171.5
33.03258,171.18
33.04329,171.22
33.05401,171.16
33.06472,171.26
33.07544,171.38
33.08616,171.28
33.09687,171.28
33.10759,171.53
33.1183,171.71
33.12902,171.75
33.13973,171.75
33.15045,171.85
33.16117,172.31
33.17188,172.58
33.1826,172.66
33.19331,172.68
33.20403,172.71
33.21474,172.5
33.22546,172.46
33.23618,172.31
33.24689,172.08
33.25761,172.13
33.26832,171.93
33.27904,171.92
33.28976,172.21
33.30047,171.93
33.31119,171.84
33.3219,171.83
33.33262,171.69
33.34333,171.55
33.35405,171.42
33.36477,171.46
33.37548,171.3
33.3862,171.06
33.39691,171.24
33.40763,171.52
33.41835,171.44
33.42906,171.63
33.43978,171.76
33.45049,171.75
33.46121,171.63
33.47192,171.56
33.48264,171.3
33.49336,171.18
33.50407,171.1
33.51479,171.34
33.5255,171.3
33.53622,171.18
33.54694,171.4
33.55765,171.1
33.56837,171.28
33.57908,171.3
33.5898,170.9
33.60051,170.84
33.61123,171.1
33.62195,170.94
33.63266,170.86
33.64338,170.66
33.65409,170.74
33.66481,170.7
33.67553,170.68
33.68624,170.72
33.69696,170.64
33.70767,170.54
33.71839,170.8
33.7291,170.76
33.73982,170.64
33.75054,170.4
33.76125,170.7
33.77197,170.8
33.78268,170.76
33.7934,170.74
33.80411,170.76
33.81483,170.52
33.82555,170.56
33.83626,170.52
33.84698,170.74
33.85769,170.82
33.86841,170.74
33.87913,170.56
33.88984,170.5
33.90056,170.82
33.91127,170.66
33.92199,170.64
33.9327,170.64
33.94342,170.72
33.95414,170.68
33.96485,171.0
33.97557,170.52
33.98628,170.24
33.997,170.3
34.00772,170.62
34.01843,170.54
34.02915,170.82
34.03986,170.76
34.05058,170.72
34.06129,170.78
34.07201,170.88
34.08273,170.78
34.09344,170.54
34.10416,170.76
34.11487,170.64
34.12559,170.54
34.13631,170.5
34.14702,170.56
34.15774,170.5
34.16845,170.58
34.17917,170.78
34.18988,170.92
34.2006,170.92
34.21132,170.52
34.22203,170.7
34.23275,170.6
34.24346,170.68
34.25418,170.42
34.26489,170.56
34.27561,170.66
34.28633,170.52
34.29704,170.46
34.30776,170.68
34.31847,170.66
34.32919,170.78
34.33991,170.66
34.35062,170.5
34.36134,170.72
34.37205,170.88
34.38277,170.68
34.39348,170.74
34.4042,170.68
34.41492,170.64
34.42563,170.42
34.43635,170.38
34.44706,170.74
34.45778,170.74
34.4685,170.4
34.47921,170.68
34.48993,170.66
34.50064,170.8
34.51136,170.66
34.52207,170.64
34.53279,170.56
34.54351,170.34
34.55422,170.26
34.56494,170.48
34.57565,170.8
34.58637,170.96
34.59709,170.8
34.6078,170.46
34.61852,170.42
34.62923,170.74
34.63995,170.68
34.65066,170.56
34.66138,170.54
34.6721,170.58
34.68281,170.48
34.69353,170.56
34.70424,170.38
34.71496,170.6
34.72568,170.72
34.73639,170.7
34.74711,170.62
34.75782,170.72
34.76854,170.5
34.77925,170.52
34.78997,170.6
34.80069,170.48
34.8114,170.3
34.82212,170.4
34.83283,170.68
34.84355,170.44
34.85426,170.5
34.86498,170.7
34.8757,170.76
34.88641,170.76
34.89713,170.62
34.90784,170.4
34.91856,170.42
34.92928,170.6
34.93999,170.64
34.95071,170.58
34.96142,170.52
34.97214,170.7
34.98285,170.46
34.99357,170.46
35.00429,170.62
35.015,170.58
35.02572,170.64
35.03643,170.74
35.04715,170.5
35.05787,170.42
35.06858,170.4
35.0793,170.5
35.09001,170.5
35.10073,170.2
35.11144,170.32
35.12216,170.72
35.13288,170.82
35.14359,170.78
35.15431,170.52
35.16502,170.56
35.17574,170.48
35.18646,170.62
35.19717,170.56
35.20789,170.4
35.2186,170.58
35.22932,170.74
35.24003,170.62
35.25075,170.72
35.26147,170.72
35.27218,171.0
35.2829,170.68
35.29361,170.58
35.30433,170.96
35.31505,170.66
35.32576,170.68
35.33648,170.58
35.34719,170.62
35.35791,170.74
35.36862,170.6
35.37934,170.86
35.39006,170.94
35.40077,170.9
35.41149,170.72
35.4222,170.54
35.43292,170.6
35.44363,170.7
35.45435,170.78
35.46507,170.86
35.47578,170.82
35.4865,170.64
35.49721,170.68
35.50793,170.76
35.51865,170.9
35.52936,171.14
35.54008,171.08
35.55079,171.22
35.56151,171.08
35.57222,171.06
35.58294,170.86
35.59366,171.04
35.60437,171.56
35.61509,171.52
35.6258,171.68
35.63652,172.12
35.64724,172.46
35.65795,172.59
35.66867,173.0
35.67938,173.33
35.6901,173.66
35.70081,173.99
35.71153,174.07
35.72225,173.84
35.73296,173.56
35.74368,173.5
35.75439,173.08
35.76511,173.14
35.77583,173.0
35.78654,172.97
35.79726,173.1
35.80797,173.12
35.81869,173.19
35.8294,173.0
35.84012,172.84
35.85084,172.61
35.86155,172.16
35.87227,171.89
35.88298,171.59
35.8937,171.46
35.90441,171.22
35.91513,171.08
35.92585,170.76
35.93656,170.62
35.94728,170.74
35.95799,170.84
35.96871,170.86
35.97943,170.5
35.99014,170.7
36.00086,170.46
36.01157,170.8
36.02229,170.96
36.033,170.74
36.04372,170.72
36.05444,170.62
36.06515,170.78
36.07587,170.92
36.08658,170.82
36.0973,170.48
36.10802,170.6
36.11873,170.66
36.12945,170.58
36.14016,170.56
36.15088,170.52
36.16159,170.48
36.17231,170.6
36.18303,170.72
36.19374,170.62
36.20446,170.26
36.21517,170.66
36.22589,170.8
36.23661,170.62
36.24732,170.5
36.25804,170.52
36.26875,170.46
36.27947,170.76
36.29018,170.74
36.3009,170.5
36.31162,170.7
36.32233,170.76
36.33305,170.66
36.34376,170.84
36.35448,170.86
36.3652,170.82
36.37591,170.82
36.38663,170.9
36.39734,171.04
36.40806,170.76
36.41877,171.12
36.42949,171.24
36.44021,171.3
36.45092,171.24
36.46164,171.0
36.47235,171.1
36.48307,171.22
36.49378,171.22
36.5045,170.96
36.51522,171.28
36.52593,171.14
36.53665,171.04
36.54736,171.28
36.55808,171.34
36.5688,171.42
36.57951,171.36
36.59023,171.2
36.60094,171.2
36.61166,171.46
36.62237,171.44
36.63309,170.98
36.64381,170.9
36.65452,171.06
36.66524,170.82
36.67595,170.9
36.68667,170.84
36.69739,170.98
36.7081,170.98
36.71882,170.82
36.72953,170.6
36.74025,170.72
36.75096,170.54
36.76168,170.66
36.7724,170.58
36.78311,170.62
36.79383,170.66
36.80454,170.68
36.81526,170.7
36.82598,170.8
36.83669,170.58
36.84741,170.48
36.85812,170.34
36.86884,170.58
36.87955,170.62
36.89027,170.74
36.90099,170.66
36.9117,170.7
36.92242,170.44
36.93313,170.46
36.94385,170.4
36.95456,170.52
36.96528,170.8
36.976,170.5
36.98671,170.36
36.99743,170.36
37.00814,170.42
37.01886,170.58
37.02958,170.46
37.04029,170.38
37.05101,170.6
37.06172,170.7
37.07244,170.6
37.08315,170.44
37.09387,170.54
37.10459,170.68
37.1153,170.68
37.12602,170.66
37.13673,170.6
37.14745,170.78
37.15817,170.58
37.16888,170.6
37.1796,170.56
37.19031,170.46
37.20103,170.38
37.21174,170.44
37.22246,170.56
37.23318,170.6
37.24389,170.64
37.25461,170.68
37.26532,170.62
37.27604,170.46
37.28676,170.4
37.29747,170.62
37.30819,170.54
37.3189,170.5
37.32962,170.82
37.34033,170.78
37.35105,170.72
37.36177,170.68
37.37248,170.6
37.3832,170.8
37.39391,170.92
37.40463,170.64
37.41535,170.8
37.42606,170.7
37.43678,171.16
37.44749,171.06
37.45821,170.96
37.46892,170.88
37.47964,170.86
37.49036,171.14
37.50107,171.2
37.51179,171.04
37.5225,171.06
37.53322,170.96
37.54393,170.92
37.55465,170.94
37.56537,170.9
37.57608,170.98
37.5868,170.96
37.59751,170.82
37.60823,170.94
37.61895,171.08
37.62966,170.94
37.64038,170.84
37.65109,170.7
37.66181,170.54
37.67252,170.64
37.68324,170.82
37.69396,170.78
37.70467,170.72
37.71539,170.72
37.7261,170.84
37.73682,170.84
37.74754,170.78
37.75825,170.84
37.76897,170.96
37.77968,170.8
37.7904,170.72
37.80111,170.72
37.81183,170.84
37.82255,170.8
37.83326,171.16
37.84398,171.42
37.85469,171.42
37.86541,170.94
37.87613,171.24
37.88684,171.42
37.89756,171.48
37.90827,171.36
37.91899,171.67
37.9297,171.75
37.94042,171.8
37.95114,172.08
37.96185,172.37
37.97257,172.6
37.98328,172.79
37.994,173.17
38.00471,173.55
38.01543,173.96
38.02615,174.24
38.03686,174.34
38.04758,174.43
38.05829,174.43
38.06901,174.34
38.07973,174.28
38.09044,174.16
38.10116,174.14
38.11187,174.11
38.12259,174.12
38.1333,174.15
38.14402,174.16
38.15474,174.14
38.16545,174.12
38.17617,173.94
38.18688,173.65
38.1976,173.5
38.20832,173.33
38.21903,173.1
38.22975,173.02
38.24046,172.83
38.25118,172.68
38.26189,172.47
38.27261,172.36
38.28333,172.16
38.29404,172.02
38.30476,171.71
38.31547,171.68
38.32619,171.6
38.33691,171.55
38.34762,171.59
38.35834,171.59
38.36905,171.5
38.37977,171.16
38.39048,171.16
38.4012,171.14
38.41192,171.44
38.42263,171.52
38.43335,171.14
38.44406,170.94
38.45478,171.22
38.4655,171.24
38.47621,171.4
38.48693,170.88
38.49764,171.08
38.50836,171.5
38.51907,171.6
38.52979,171.87
38.54051,171.98
38.55122,172.14
38.56194,172.6
38.57265,172.62
38.58337,172.63
38.59408,172.36
38.6048,172.32
38.61552,172.21
38.62623,171.96
38.63695,171.69
38.64766,171.66
38.65838,171.56
38.6691,171.83
38.67981,171.93
38.69053,171.91
38.70124,171.65
38.71196,171.79
38.72267,171.58
38.73339,171.54
38.74411,171.1
38.75482,171.34
38.76554,170.96
38.77625,170.8
38.78697,170.66
38.79769,170.72
38.8084,170.88
38.81912,170.64
38.82983,170.74
38.84055,170.76
38.85126,170.58
38.86198,170.66
38.8727,170.68
38.88341,170.76
38.89413,170.92
38.90484,170.68
38.91556,170.8
38.92628,170.62
38.93699,170.68
38.94771,170.92
38.95842,170.76
38.96914,170.82
38.97985,170.7
38.99057,170.6
39.00129,170.5
39.012,170.46
39.02272,170.66
39.03343,170.58
39.04415,170.4
39.05486,170.36
39.06558,170.46
39.0763,170.7
39.08701,170.66
39.09773,170.6
39.10844,170.72
39.11916,170.78
39.12988,170.62
39.14059,170.3
39.15131,170.44
39.16202,170.6
39.17274,170.46
39.18345,170.38
39.19417,170.68
39.20489,170.76
39.2156,170.6
39.22632,170.54
39.23703,170.72
39.24775,170.52
39.25847,170.4
39.26918,170.48
39.2799,170.36
39.29061,170.16
39.30133,170.3
39.31204,170.52
39.32276,170.76
39.33348,170.82
39.34419,170.6
39.35491,170.56
39.36562,170.58
39.37634,170.44
39.38706,170.42
39.39777,170.6
39.40849,170.62
39.4192,170.66
39.42992,170.6
39.44063,170.56
39.45135,170.56
39.46207,170.54
39.47278,170.62
39.4835,170.54
39.49421,170.48
39.50493,170.62
39.51565,170.82
39.52636,170.78
39.53708,170.74
39.54779,170.9
39.55851,170.96
39.56922,171.02
39.57994,170.98
39.59066,170.7
39.60137,170.92
39.61209,170.8
39.6228,170.86
39.63352,171.18
39.64423,170.98
39.65495,170.74
39.66567,170.68
39.67638,170.96
39.6871,171.02
39.69781,170.78
39.70853,170.92
39.71925,171.02
39.72996,171.16
39.74068,171.32
39.75139,171.4
39.76211,171.59
39.77282,171.68
39.78354,171.48
39.79426,171.42
39.80497,171.46
39.81569,171.12
39.8264,171.24
39.83712,171.08
39.84784,170.94
39.85855,170.96
39.86927,171.26
39.87998,171.26
39.8907,171.28
39.90141,171.08
39.91213,170.86
39.92285,170.76
39.93356,170.72
39.94428,170.82
39.95499,170.58
39.96571,170.78
39.97643,170.66
39.98714,170.84
39.99786,170.76
40.00857,170.74
40.01929,170.6
40.03,170.62
40.04072,170.68
40.05144,170.74
40.06215,170.56
40.07287,170.48
40.08358,170.54
40.0943,170.46
40.10502,170.6
40.11573,170.52
40.12645,170.54
40.13716,170.9
40.14788,170.74
40.15859,170.54
40.16931,170.58
40.18003,170.66
40.19074,170.62
40.20146,170.72
40.21217,170.76
40.22289,170.84
40.2336,170.7
40.24432,170.42
40.25504,170.48
40.26575,170.54
40.27647,170.4
40.28718,170.54
40.2979,170.28
40.30862,170.3
40.31933,170.52
40.33005,170.56
40.34076,170.52
40.35148,170.48
40.36219,170.58
40.37291,170.46
40.38363,170.64
40.39434,170.5
40.40506,170.44
40.41577,170.58
40.42649,170.72
40.43721,170.74
40.44792,170.66
40.45864,170.72
40.46935,170.72
40.48007,170.54
40.49078,170.5
40.5015,170.66
40.51222,170.82
40.52293,170.58
40.53365,170.8
40.54436,170.54
40.55508,170.8
40.5658,170.84
40.57651,170.4
40.58723,170.66
40.59794,170.7
40.60866,170.72
40.61937,170.7
40.63009,170.88
40.64081,170.9
40.65152,170.88
40.66224,171.1
40.67295,171.4
40.68367,171.53
40.69438,171.74
40.7051,172.1
40.71582,172.18
40.72653,172.44
40.73725,172.61
40.74796,172.66
40.75868,172.7
40.7694,172.65
40.78011,171.94
40.79083,171.95
40.80154,171.86
40.81226,171.81
40.82297,171.73
40.83369,171.87
40.84441,171.95
40.85512,172.01
40.86584,171.86
40.87655,171.86
40.88727,171.77
40.89799,171.68
40.9087,171.65
40.91942,171.6
40.93013,171.54
40.94085,171.56
40.95156,171.14
40.96228,171.32
40.973,171.0
40.98371,171.06
40.99443,171.1
41.00514,171.12
41.01586,171.08
41.02658,171.14
41.03729,171.02
41.04801,170.74
41.05872,170.8
41.06944,170.76
41.08015,170.64
41.09087,170.48
41.10159,170.6
41.1123,170.62
41.12302,170.82
41.13373,170.72
41.14445,170.52
41.15517,170.76
41.16588,170.48
41.1766,170.28
41.18731,170.6
41.19803,170.84
41.20874,170.56
41.21946,170.54
41.23018,170.38
41.24089,169.92
41.25161,170.36
41.26232,170.58
41.27304,170.48
41.28375,170.32
41.29447,170.52
41.30519,170.38
41.3159,170.32
41.32662,170.54
41.33733,170.3
41.34805,170.2
41.35877,170.36
41.36948,170.34
41.3802,170.36
41.39091,170.34
41.40163,170.44
41.41234,170.26
41.42306,170.44
41.43378,170.5
41.44449,170.32
41.45521,170.36
41.46592,170.58
41.47664,170.38
41.48736,170.48
41.49807,170.6
41.50879,170.38
41.5195,170.04
41.53022,170.24
41.54093,170.36
41.55165,170.56
41.56237,170.56
41.57308,170.46
41.5838,170.56
41.59451,170.68
41.60523,170.66
41.61595,170.66
41.62666,170.58
41.63738,170.52
41.64809,170.42
41.65881,170.58
41.66952,170.5
41.68024,170.48
41.69096,170.5
41.70167,170.44
41.71239,170.42
41.7231,170.34
41.73382,170.38
41.74453,170.42
41.75525,170.56
41.76597,170.48
41.77668,170.5
41.7874,170.5
41.79811,170.5
41.80883,170.62
41.81955,170.54
41.83026,170.56
41.84098,170.56
41.85169,170.36
41.86241,170.5
41.87312,170.38
41.88384,170.64
41.89456,170.38
41.90527,170.24
41.91599,170.34
41.9267,170.26
41.93742,170.2
41.94814,170.5
41.95885,170.5
41.96957,170.6
41.98028,170.54
41.991,170.2
42.00171,170.3
42.01243,170.16
42.02315,170.28
42.03386,170.2
42.04458,170.44
42.05529,170.58
42.06601,170.56
42.07673,170.42
42.08744,170.48
42.09816,170.26
42.10887,170.38
42.11959,170.48
42.1303,170.34
42.14102,170.56
42.15174,170.56
42.16245,170.44
42.17317,170.5
42.18388,170.36
42.1946,170.36
42.20532,170.4
42.21603,170.34
42.22675,170.42
42.23746,170.46
42.24818,170.38
42.25889,170.46
42.26961,170.38
42.28033,170.0
42.29104,170.38
42.30176,170.4
42.31247,170.58
42.32319,170.54
42.3339,170.5
42.34462,170.4
42.35534,170.36
42.36605,170.6
42.37677,170.58
42.38748,170.42
42.3982,170.26
42.40892,170.26
42.41963,170.32
42.43035,170.52
42.44106,170.5
42.45178,170.56
42.46249,170.4
42.47321,170.38
42.48393,170.68
42.49464,170.68
42.50536,170.58
42.51607,170.42
42.52679,170.04
42.53751,170.32
42.54822,170.3
42.55894,170.4
42.56965,170.42
42.58037,170.24
42.59108,170.28
42.6018,170.7
42.61252,170.36
42.62323,170.46
42.63395,170.64
42.64466,170.54
42.65538,170.38
42.6661,170.48
42.67681,170.78
42.68753,170.5
42.69824,170.32
42.70896,170.32
42.71967,170.42
42.73039,170.48
42.74111,170.44
42.75182,170.4
42.76254,170.42
42.77325,170.32
42.78397,170.66
42.79468,170.56
42.8054,170.58
42.81612,170.4
42.82683,170.34
42.83755,170.44
42.84826,170.5
42.85898,170.28
42.8697,170.58
42.88041,170.56
42.89113,170.7
42.90184,170.68
42.91256,170.84
42.92327,170.96
42.93399,171.18
42.94471,171.53
42.95542,171.58
42.96614,171.62
42.97685,171.77
42.98757,171.94
42.99829,172.0
43.009,172.19
43.01972,172.26
43.03043,172.02
43.04115,171.86
43.05186,171.74
43.06258,171.6
43.0733,171.46
43.08401,171.5
43.09473,171.58
43.10544,171.6
43.11616,171.52
43.12688,171.59
43.13759,171.58
43.14831,171.6
43.15902,171.3
43.16974,171.18
43.18045,170.9
43.19117,171.06
43.20189,170.66
43.2126,170.66
43.22332,170.82
43.23403,170.66
43.24475,170.8
43.25547,170.8
43.26618,170.64
43.2769,170.92
43.28761,170.72
43.29833,170.88
43.30904,171.0
43.31976,170.9
43.33048,170.88
43.34119,170.98
43.35191,171.02
43.36262,171.0
43.37334,170.9
43.38405,170.88
43.39477,170.94
43.40549,170.7
43.4162,170.92
43.42692,170.58
43.43763,170.56
43.44835,170.9
43.45907,170.72
43.46978,170.52
43.4805,170.6
43.49121,170.58
43.50193,170.68
43.51264,170.7
43.52336,170.56
43.53408,170.6
43.54479,170.48
43.55551,170.44
43.56622,170.3
43.57694,170.6
43.58766,170.52
43.59837,170.56
43.60909,170.4
43.6198,170.28
43.63052,170.36
43.64123,170.48
43.65195,170.4
43.66267,170.34
43.67338,170.52
43.6841,170.44
43.69481,170.36
43.70553,170.3
43.71625,170.42
43.72696,170.42
43.73768,170.46
43.74839,170.5
43.75911,170.58
43.76982,170.4
43.78054,170.44
43.79126,170.38
43.80197,170.36
43.81269,170.46
43.8234,170.44
43.83412,170.42
43.84483,170.64
43.85555,170.36
43.86627,170.2
43.87698,170.3
43.8877,170.2
43.89841,170.34
43.90913,170.44
43.91985,170.46
43.93056,170.48
43.94128,170.08
43.95199,170.28
43.96271,170.16
43.97342,170.32
43.98414,170.46
43.99486,170.56
44.00557,170.3
44.01629,170.44
44.027,170.36
44.03772,170.32
44.04844,170.32
44.05915,170.24
44.06987,170.28
44.08058,170.46
44.0913,170.62
44.10201,170.44
44.11273,170.3
44.12345,170.52
44.13416,170.46
44.14488,170.52
44.15559,170.34
44.16631,170.32
44.17703,170.48
44.18774,170.12
44.19846,170.28
44.20917,169.92
44.21989,170.28
44.2306,170.44
44.24132,170.4
44.25204,170.5
44.26275,170.6
44.27347,170.34
44.28418,170.44
44.2949,170.54
44.30562,170.4
44.31633,170.62
44.32705,170.4
44.33776,170.36
44.34848,170.44
44.35919,170.62
44.36991,170.48
44.38063,170.78
44.39134,170.82
44.40206,170.66
44.41277,170.7
44.42349,170.66
44.4342,170.76
44.44492,171.02
44.45564,171.53
44.46635,171.61
44.47707,171.56
44.48778,171.65
44.4985,171.73
44.50922,171.55
44.51993,171.3
44.53065,171.18
44.54136,171.04
44.55208,170.98
44.56279,170.86
44.57351,170.94
44.58423,170.96
44.59494,170.98
44.60566,171.1
44.61637,171.26
44.62709,171.3
44.63781,170.92
44.64852,171.0
44.65924,171.02
44.66995,170.84
44.68067,170.68
44.69138,170.66
44.7021,170.6
44.71282,170.34
44.72353,170.62
44.73425,170.62
44.74496,170.52
44.75568,170.46
44.7664,170.46
44.77711,170.48
44.78783,170.48
44.79854,170.48
44.80926,170.58
44.81997,170.62
44.83069,170.42
44.84141,170.46
44.85212,170.58
44.86284,170.56
44.87355,170.4
44.88427,170.46
44.89498,170.74
44.9057,170.32
44.91642,170.36
44.92713,170.46
44.93785,170.34
44.94856,170.68
44.95928,170.7
44.97,170.46
44.98071,170.54
44.99143,170.6
45.00214,170.58
45.01286,170.44
45.02357,170.54
45.03429,170.66
45.04501,170.6
45.05572,170.46
45.06644,170.5
45.07715,170.36
45.08787,170.48
45.09859,170.34
45.1093,170.56
45.12002,170.52
45.13073,170.4
45.14145,170.4
45.15216,170.4
45.16288,170.44
45.1736,170.84
45.18431,170.98
45.19503,170.66
45.20574,170.54
45.21646,170.26
45.22718,170.44
45.23789,170.72
45.24861,170.3
45.25932,170.44
45.27004,170.66
45.28075,170.68
45.29147,170.58
45.30219,170.3
45.3129,170.28
45.32362,170.48
45.33433,170.78
45.34505,170.66
45.35577,170.76
45.36648,170.62
45.3772,170.6
45.38791,170.5
45.39863,170.28
45.40934,170.44
45.42006,170.5
45.43078,170.26
45.44149,170.34
45.45221,170.36
45.46292,170.48
45.47364,170.52
45.48435,170.34
45.49507,170.82
45.50579,170.72
45.5165,170.38
45.52722,170.34
45.53793,170.54
45.54865,170.62
45.55937,170.88
45.57008,170.44
45.5808,170.04
45.59151,170.38
45.60223,170.5
45.61294,170.34
45.62366,170.46
45.63438,170.48
45.64509,170.42
45.65581,170.48
45.66652,170.6
45.67724,170.58
45.68796,170.28
45.69867,170.46
45.70939,170.7
45.7201,170.76
45.73082,170.48
45.74153,170.44
45.75225,170.34
45.76297,170.54
45.77368,170.46
45.7844,170.38
45.79511,170.6
45.80583,170.48
45.81655,170.58
45.82726,170.68
45.83798,170.44
45.84869,170.44
45.85941,170.62
45.87012,170.36
45.88084,170.3
45.89156,170.4
45.90227,170.54
45.91299,170.44
45.9237,170.5
45.93442,170.28
45.94514,170.64
45.95585,170.48
45.96657,170.78
45.97728,170.58
45.988,170.52
45.99871,170.46
46.00943,170.64
46.02015,170.6
46.03086,170.42
46.04158,170.3
46.05229,170.42
46.06301,170.58
46.07372,170.84
46.08444,170.6
46.09516,170.64
46.10587,170.54
46.11659,170.52
46.1273,170.62
46.13802,170.52
46.14874,170.56
46.15945,170.56
46.17017,170.82
46.18088,170.72
46.1916,170.82
46.20231,170.52
46.21303,170.68
46.22375,170.62
46.23446,170.62
46.24518,170.42
46.25589,170.74
46.26661,170.72
46.27733,170.84
46.28804,170.8
46.29876,170.74
46.30947,170.78
46.32019,170.88
46.3309,170.92
46.34162,171.18
46.35234,171.22
46.36305,171.16
46.37377,171.1
46.38448,171.54
46.3952,171.7
46.40592,171.88
46.41663,172.1
46.42735,172.59
46.43806,172.85
46.44878,173.1
46.45949,173.31
46.47021,173.52
46.48093,173.65
46.49164,173.37
46.50236,173.19
46.51307,172.93
46.52379,172.69
46.5345,172.4
46.54522,172.17
46.55594,172.03
46.56665,172.1
46.57737,172.37
46.58808,172.61
46.5988,172.54
46.60952,172.56
46.62023,172.72
46.63095,172.64
46.64166,172.39
46.65238,172.16
46.66309,171.88
46.67381,171.69
46.68453,171.6
46.69524,171.55
46.70596,171.26
46.71667,171.2
46.72739,171.02
46.73811,170.94
46.74882,170.72
46.75954,170.76
46.77025,170.76
46.78097,170.98
46.79168,171.08
46.8024,170.94
46.81312,171.16
46.82383,171.2
46.83455,171.24
46.84526,170.96
46.85598,171.08
46.8667,171.28
46.87741,171.22
46.88813,171.4
46.89884,171.5
46.90956,171.53
46.92027,171.54
46.93099,171.58
46.94171,171.79
46.95242,172.06
46.96314,172.02
46.97385,172.06
46.98457,172.07
46.99529,172.0
47.006,171.88
47.01672,171.82
47.02743,171.73
47.03815,171.79
47.04886,171.62
47.05958,171.57
47.0703,171.66
47.08101,171.65
47.09173,171.78
47.10244,171.79
47.11316,171.94
47.12387,171.94
47.13459,171.97
47.14531,172.09
47.15602,172.1
47.16674,171.99
47.17745,172.0
47.18817,172.14
47.19889,172.33
47.2096,172.7
47.22032,172.8
47.23103,172.88
47.24175,173.07
47.25246,173.19
47.26318,173.46
47.2739,173.54
47.28461,173.52
47.29533,173.61
47.30604,173.83
47.31676,173.89
47.32748,174.01
47.33819,173.92
47.34891,173.82
47.35962,173.79
47.37034,173.73
47.38105,173.57
47.39177,173.49
47.40249,173.3
47.4132,173.34
47.42392,173.44
47.43463,173.33
47.44535,173.32
47.45607,173.1
47.46678,172.98
47.4775,173.01
47.48821,172.99
47.49893,172.98
47.50964,172.73
47.52036,172.55
47.53108,172.33
47.54179,172.3
47.55251,172.21
47.56322,172.08
47.57394,171.89
47.58465,171.69
47.59537,171.72
47.60609,171.55
47.6168,171.53
47.62752,171.42
47.63823,171.3
47.64895,171.16
47.65967,170.96
47.67038,170.96
47.6811,171.22
47.69181,171.24
47.70253,171.2
47.71324,170.86
47.72396,170.86
47.73468,170.72
47.74539,170.9
47.75611,170.68
47.76682,170.74
47.77754,170.74
47.78826,170.54
47.79897,170.68
47.80969,170.98
47.8204,170.86
47.83112,170.5
47.84183,170.64
47.85255,170.84
47.86327,170.82
47.87398,170.46
47.8847,170.64
47.89541,170.58
47.90613,170.5
47.91685,170.54
47.92756,170.6
47.93828,170.8
47.94899,170.96
47.95971,170.98
47.97042,171.16
47.98114,171.14
47.99186,171.36
48.00257,171.63
48.01329,171.54
48.024,171.62
48.03472,171.65
48.04544,171.3
48.05615,171.04
48.06687,170.8
48.07758,170.64
48.0883,170.68
48.09901,170.8
48.10973,170.86
48.12045,171.0
48.13116,171.16
48.14188,171.24
48.15259,171.14
48.16331,171.02
48.17402,171.1
48.18474,171.06
48.19546,170.78
48.20617,170.46
48.21689,170.62
48.2276,170.48
48.23832,170.68
48.24904,170.7
48.25975,170.36
48.27047,170.5
48.28118,170.74
48.2919,170.62
48.30261,170.62
48.31333,170.54
48.32405,170.5
48.33476,170.72
48.34548,170.62
48.35619,170.56
48.36691,170.6
48.37763,170.38
48.38834,170.38
48.39906,170.48
48.40977,170.32
48.42049,170.46
48.4312,170.44
48.44192,170.46
48.45264,170.52
48.46335,170.48
48.47407,170.36
48.48478,170.4
48.4955,170.56
48.50622,170.66
48.51693,170.38
48.52765,170.6
48.53836,170.5
48.54908,170.26
48.55979,170.52
48.57051,170.54
48.58123,170.44
48.59194,170.48
48.60266,170.46
48.61337,170.56
48.62409,170.34
48.6348,170.46
48.64552,170.7
48.65624,170.62
48.66695,170.34
48.67767,170.32
48.68838,170.3
48.6991,170.2
48.70982,170.4
48.72053,170.68
48.73125,170.62
48.74196,170.4
48.75268,170.52
48.76339,170.72
48.77411,170.4
48.78483,170.2
48.79554,170.28
48.80626,170.0
48.81697,169.92
48.82769,170.34
48.83841,170.56
48.84912,170.52
48.85984,170.4
48.87055,170.4
48.88127,170.38
48.89198,170.36
48.9027,170.42
48.91342,170.7
48.92413,170.34
48.93485,170.04
48.94556,170.08
48.95628,170.24
48.967,170.36
48.97771,170.32
48.98843,170.48
48.99914,170.42
49.00986,170.38
49.02057,170.58
49.03129,170.56
49.04201,170.32
49.05272,170.16
49.06344,170.28
49.07415,170.12
49.08487,170.4
49.09559,170.44
49.1063,170.38
49.11702,170.44
49.12773,170.46
49.13845,170.4
49.14916,170.04
49.15988,170.0
49.1706,170.24
49.18131,170.24
49.19203,170.08
49.20274,170.34
49.21346,170.52
49.22417,170.52
49.23489,170.48
49.24561,170.32
49.25632,170.26
49.26704,170.42
49.27775,170.46
49.28847,170.38
49.29919,170.56
49.3099,170.32
49.32062,170.16
49.33133,170.32
49.34205,170.44
49.35276,170.2
49.36348,170.36
49.3742,170.24
49.38491,170.12
49.39563,170.52
49.40634,170.38
49.41706,170.38
49.42778,170.46
49.43849,170.5
49.44921,170.52
49.45992,170.48
49.47064,170.46
49.48135,170.52
49.49207,170.58
49.50279,170.64
49.5135,170.44
49.52422,170.34
49.53493,170.3
49.54565,170.62
49.55637,170.5
49.56708,170.12
49.5778,170.16
49.58851,170.38
49.59923,170.32
49.60994,170.34
49.62066,170.38
49.63138,170.3
49.64209,170.3
49.65281,170.4
49.66352,170.4
49.67424,170.3
49.68495,170.48
49.69567,170.66
49.70639,170.5
49.7171,170.5
49.72782,170.56
49.73853,170.6
49.74925,170.48
49.75997,170.56
49.77068,170.36
49.7814,170.42
49.79211,170.34
49.80283,170.4
49.81354,170.56
49.82426,170.46
49.83498,170.42
49.84569,170.44
49.85641,170.44
49.86712,170.34
49.87784,170.58
49.88856,170.42
49.89927,170.5
49.90999,170.62
49.9207,170.56
49.93142,170.6
49.94213,170.48
49.95285,170.26
49.96357,170.54
49.97428,170.36
49.985,170.3
49.99571,170.42
50.00643,170.42
50.01715,170.7
50.02786,170.76
50.03858,170.5
50.04929,170.54
50.06001,170.42
50.07072,170.72
50.08144,170.76
50.09216,170.7
50.10287,170.68
50.11359,170.86
50.1243,170.76
50.13502,170.5
50.14574,170.5
50.15645,170.76
50.16717,170.7
50.17788,170.74
50.1886,170.98
50.19931,171.08
50.21003,171.18
50.22075,171.56
50.23146,171.79
50.24218,172.14
50.25289,172.23
50.26361,172.4
50.27432,172.74
50.28504,172.59
50.29576,172.67
50.30647,172.52
50.31719,172.54
50.3279,172.66
50.33862,172.59
50.34934,172.46
50.36005,172.43
50.37077,172.15
50.38148,172.0
50.3922,172.05
50.40291,171.97
50.41363,172.02
50.42435,172.09
50.43506,172.0
50.44578,171.9
50.45649,171.74
50.46721,171.6
50.47793,171.76
50.48864,171.73
50.49936,171.7
50.51007,171.55
50.52079,171.2
50.5315,171.24
50.54222,171.1
50.55294,171.18
50.56365,170.9
50.57437,170.9
50.58508,170.9
50.5958,170.66
50.60652,170.36
50.61723,170.46
50.62795,170.64
50.63866,170.64
50.64938,170.62
50.66009,170.66
50.67081,170.68
50.68153,170.4
50.69224,170.38
50.70296,170.48
50.71367,170.66
50.72439,170.56
50.73511,170.5
50.74582,170.64
50.75654,170.76
50.76725,170.46
50.77797,170.78
50.78868,170.68
50.7994,170.72
50.81012,170.68
50.82083,170.42
50.83155,170.42
50.84226,170.58
50.85298,170.56
50.86369,170.58
50.87441,170.58
50.88513,170.72
50.89584,170.66
50.90656,170.52
50.91727,170.44
50.92799,170.28
50.93871,170.28
50.94942,170.36
50.96014,170.3
50.97085,170.54
50.98157,170.44
50.99228,170.26
51.003,170.38
51.01372,170.28
51.02443,170.5
51.03515,170.6
51.04586,170.46
51.05658,170.54
51.0673,170.7
51.07801,170.62
51.08873,170.58
51.09944,170.42
51.11016,170.62
51.12087,170.66
51.13159,170.4
51.14231,170.36
51.15302,170.64
51.16374,170.6
51.17445,170.42
51.18517,170.6
51.19589,170.64
51.2066,170.44
51.21732,170.16
51.22803,170.3
51.23875,170.2
51.24946,170.34
51.26018,170.46
51.2709,170.32
51.28161,170.3
51.29233,170.46
51.30304,170.5
51.31376,170.32
51.32447,170.48
51.33519,170.3
51.34591,170.36
51.35662,170.5
51.36734,170.52
51.37805,170.52
51.38877,170.36
51.39949,170.42
51.4102,170.34
51.42092,170.32
51.43163,170.58
51.44235,170.6
51.45306,170.52
51.46378,170.54
51.4745,170.38
51.48521,170.82
51.49593,170.68
51.50664,170.3
51.51736,170.38
51.52808,170.54
51.53879,170.48
51.54951,170.42
51.56022,170.24
51.57094,170.5
51.58165,170.46
51.59237,170.44
51.60309,170.42
51.6138,170.72
51.62452,170.72
51.63523,170.6
51.64595,170.52
51.65667,170.4
51.66738,170.62
51.6781,170.78
51.68881,171.04
51.69953,170.46
51.71024,170.48
51.72096,170.62
51.73168,170.58
51.74239,170.6
51.75311,170.7
51.76382,170.6
51.77454,170.72
51.78526,170.8
51.79597,170.62
51.80669,170.64
51.8174,170.78
51.82812,170.8
51.83883,170.92
51.84955,170.86
51.86027,171.0
51.87098,170.72
51.8817,170.9
51.89241,171.02
51.90313,171.08
51.91384,171.14
51.92456,170.88
51.93528,170.78
51.94599,170.74
51.95671,170.92
51.96742,171.18
51.97814,171.18
51.98886,171.4
51.99957,171.48
52.01029,171.22
52.021,171.38
52.03172,171.42
52.04243,171.44
52.05315,171.55
52.06387,171.62
52.07458,171.86
52.0853,171.9
52.09601,171.95
52.10673,172.01
52.11745,172.07
52.12816,172.12
52.13888,172.43
52.14959,172.65
52.16031,172.59
52.17102,172.9
52.18174,173.17
52.19246,173.33
52.20317,173.59
52.21389,173.81
52.2246,174.05
52.23532,174.05
52.24604,174.07
52.25675,174.19
52.26747,174.22
52.27818,174.14
52.2889,174.02
52.29961,173.91
52.31033,173.96
52.32105,174.06
52.33176,173.7
52.34248,173.72
52.35319,173.7
52.36391,173.77
52.37462,173.55
52.38534,173.48
52.39606,173.46
52.40677,173.44
52.41749,173.42
52.4282,173.29
52.43892,173.3
52.44964,173.15
52.46035,173.07
52.47107,173.03
52.48178,172.83
52.4925,172.55
52.50321,172.43
52.51393,172.26
52.52465,172.18
52.53536,172.18
52.54608,172.04
52.55679,171.87
52.56751,171.81
52.57823,171.66
52.58894,171.38
52.59966,171.38
52.61037,171.34
52.62109,171.08
52.6318,171.06
52.64252,171.12
52.65324,171.3
52.66395,171.08
52.67467,171.06
52.68538,170.96
52.6961,171.04
52.70682,171.18
52.71753,170.94
52.72825,170.72
52.73896,170.44
52.74968,170.86
52.76039,170.9
52.77111,170.64
52.78183,171.0
52.79254,170.78
52.80326,170.78
52.81397,170.48
52.82469,170.46
52.83541,170.44
52.84612,170.36
52.85684,170.74
52.86755,171.1
52.87827,170.96
52.88898,170.78
52.8997,170.52
52.91042,170.52
52.92113,170.6
52.93185,170.88
52.94256,170.6
52.95328,170.56
52.96399,170.66
52.97471,170.56
52.98543,170.7
52.99614,170.62
53.00686,170.64
53.01757,170.68
53.02829,170.84
53.03901,170.94
53.04972,171.22
53.06044,170.84
53.07115,170.72
53.08187,170.98
53.09258,171.2
53.1033,170.94
53.11402,171.06
53.12473,171.06
53.13545,170.88
53.14616,170.82
53.15688,170.62
53.1676,170.7
53.17831,170.68
53.18903,170.64
53.19974,170.62
53.21046,170.56
53.22117,170.72
53.23189,170.58
53.24261,170.48
53.25332,170.6
53.26404,170.64
53.27475,170.76
53.28547,170.92
53.29619,170.8
53.3069,170.56
53.31762,170.5
53.32833,170.58
53.33905,170.72
53.34976,170.66
53.36048,170.46
53.3712,170.56
53.38191,170.44
53.39263,170.68
53.40334,170.58
53.41406,170.4
53.42477,170.46
53.43549,170.64
53.44621,170.56
53.45692,170.3
53.46764,169.88
53.47835,170.5
53.48907,170.6
53.49979,170.3
53.5105,170.56
53.52122,170.6
53.53193,170.82
53.54265,170.66
53.55336,170.7
53.56408,170.66
53.5748,170.72
53.58551,170.72
53.59623,170.54
53.60694,170.5
53.61766,170.46
53.62838,170.6
53.63909,170.7
53.64981,170.8
53.66052,170.58
53.67124,170.52
53.68195,170.56
53.69267,170.94
53.70339,170.84
53.7141,170.68
53.72482,170.34
53.73553,170.66
53.74625,170.44
53.75697,170.34
53.76768,170.44
53.7784,170.72
53.78911,170.72
53.79983,170.62
53.81054,170.52
53.82126,170.42
53.83198,170.48
53.84269,170.68
53.85341,170.62
53.86412,170.68
53.87484,170.88
53.88556,170.76
53.89627,170.96
53.90699,171.18
53.9177,171.04
53.92842,171.24
53.93913,171.58
53.94985,171.57
53.96057,171.7
53.97128,172.1
53.982,172.48
53.99271,172.85
54.00343,173.02
54.01414,173.09
54.02486,173.11
54.03558,173.11
54.04629,173.07
54.05701,172.9
54.06772,172.55
54.07844,172.34
54.08916,172.05
54.09987,172.01
54.11059,171.88
54.1213,171.91
54.13202,171.83
54.14273,171.91
54.15345,172.11
54.16417,172.19
54.17488,172.14
54.1856,172.47
54.19631,172.31
54.20703,172.35
54.21775,171.96
54.22846,171.97
54.23918,171.77
54.24989,171.44
54.26061,171.26
54.27132,171.16
54.28204,171.16
54.29276,171.0
54.30347,170.74
54.31419,170.76
54.3249,170.6
54.33562,170.58
54.34634,170.9
54.35705,170.76
54.36777,170.72
54.37848,170.8
54.3892,170.46
54.39991,170.6
54.41063,170.66
54.42135,170.9
54.43206,170.78
54.44278,170.68
54.45349,170.52
54.46421,170.58
54.47492,170.72
54.48564,170.66
54.49636,170.58
54.50707,170.42
54.51779,170.66
54.5285,170.64
54.53922,170.62
54.54994,170.7
54.56065,170.48
54.57137,170.2
54.58208,170.32
54.5928,170.6
54.60351,170.58
54.61423,170.56
54.62495,170.42
54.63566,170.4
54.64638,170.2
54.65709,170.32
54.66781,170.48
54.67853,170.5
54.68924,170.4
54.69996,170.5
54.71067,170.62
54.72139,170.46
54.7321,170.5
54.74282,170.46
54.75354,170.44
54.76425,170.12
54.77497,170.52
54.78568,170.48
54.7964,170.36
54.80712,170.4
54.81783,170.32
54.82855,170.46
54.83926,170.56
54.84998,170.68
54.86069,170.36
54.87141,170.16
54.88213,170.32
54.89284,170.44
54.90356,170.62
54.91427,170.54
54.92499,170.32
54.93571,170.16
54.94642,170.12
54.95714,170.44
54.96785,170.6
54.97857,170.52
54.98928,170.5
55.0,170.52
55.01072,170.62
55.02143,170.7
55.03215,170.54
55.04286,170.4
55.05358,170.32
55.06429,170.52
55.07501,170.5
55.08573,170.44
55.09644,170.16
55.10716,170.28
55.11787,170.32
55.12859,170.72
55.13931,170.6
55.15002,170.44
55.16074,170.4
55.17145,170.46
55.18217,170.42
55.19288,170.48
55.2036,170.5
55.21432,170.24
55.22503,170.3
55.23575,170.44
55.24646,170.44
55.25718,170.34
55.2679,170.6
55.27861,170.56
55.28933,170.2
55.30004,170.38
55.31076,170.38
55.32147,170.42
55.33219,170.24
55.34291,170.52
55.35362,170.54
55.36434,170.58
55.37505,170.48
55.38577,170.48
55.39649,170.34
55.4072,170.34
55.41792,170.36
55.42863,170.44
55.43935,170.54
55.45006,170.52
55.46078,170.46
55.4715,170.4
55.48221,170.42
55.49293,170.66
55.50364,170.68
55.51436,170.58
55.52508,170.42
55.53579,170.44
55.54651,170.3
55.55722,170.38
55.56794,170.32
55.57865,170.46
55.58937,170.4
55.60009,170.68
55.6108,170.74
55.62152,170.5
55.63223,170.5
55.64295,170.74
55.65366,170.74
55.66438,170.56
55.6751,170.4
55.68581,170.44
55.69653,170.56
55.70724,170.56
55.71796,170.56
55.72868,170.74
55.73939,170.5
55.75011,170.46
55.76082,170.6
55.77154,170.52
55.78225,170.64
55.79297,170.9
55.80369,170.96
55.8144,171.0
55.82512,171.16
55.83583,171.06
55.84655,170.84
55.85727,170.9
55.86798,170.88
55.8787,171.0
55.88941,171.4
55.90013,171.28
55.91084,171.52
55.92156,171.58
55.93228,171.4
55.94299,171.42
55.95371,171.61
55.96442,171.6
55.97514,171.59
55.98586,171.68
55.99657,171.69
56.00729,171.66
56.018,171.8
56.02872,171.84
56.03943,171.99
56.05015,171.92
56.06087,171.97
56.07158,171.84
56.0823,171.89
56.09301,171.99
56.10373,171.87
56.11444,171.76
56.12516,171.71
56.13588,171.65
56.14659,171.63
56.15731,171.64
56.16802,171.73
56.17874,171.92
56.18946,172.06
56.20017,171.84
56.21089,171.84
56.2216,171.91
56.23232,171.92
56.24303,171.75
56.25375,171.58
56.26447,171.53
56.27518,171.54
56.2859,171.42
56.29661,171.46
56.30733,171.18
56.31805,170.88
56.32876,170.82
56.33948,170.92
56.35019,170.98
56.36091,171.14
56.37162,171.18
56.38234,171.2
56.39306,171.1
56.40377,170.9
56.41449,170.96
56.4252,171.06
56.43592,170.98
56.44664,170.88
56.45735,170.96
56.46807,170.88
56.47878,170.62
56.4895,170.62
56.50021,170.62
56.51093,170.52
56.52165,170.5
56.53236,170.5
56.54308,170.46
56.55379,170.48
56.56451,170.3
56.57523,170.36
56.58594,170.48
56.59666,170.38
56.60737,170.34
56.61809,170.54
56.6288,170.52
56.63952,170.38
56.65024,170.38
56.66095,170.4
56.67167,170.5
56.68238,170.46
56.6931,170.32
56.70381,170.5
56.71453,170.44
56.72525,170.24
56.73596,170.0
56.74668,170.46
56.75739,170.32
56.76811,170.4
56.77883,170.54
56.78954,170.36
56.80026,170.16
56.81097,170.26
56.82169,170.2
56.8324,170.38
56.84312,170.26
56.85384,170.38
56.86455,170.34
56.87527,170.32
56.88598,170.16
56.8967,170.42
56.90742,170.44
56.91813,170.42
56.92885,170.54
56.93956,170.28
56.95028,170.28
56.96099,170.32
56.97171,170.28
56.98243,170.12
56.99314,170.2
57.00386,170.52
57.01457,170.6
57.02529,170.3
57.03601,170.4
57.04672,170.4
57.05744,170.08
57.06815,170.26
57.07887,170.42
57.08958,170.54
57.1003,170.46
57.11102,170.32
57.12173,170.56
57.13245,170.52
57.14316,170.58
57.15388,170.44
57.16459,170.12
57.17531,170.34
57.18603,170.6
57.19674,170.72
57.20746,170.62
57.21817,170.38
57.22889,170.36
57.23961,170.52
57.25032,170.46
57.26104,170.5
57.27175,170.38
57.28247,170.38
57.29318,170.34
57.3039,170.4
57.31462,170.58
57.32533,170.54
57.33605,170.46
57.34676,170.62
57.35748,170.46
57.3682,170.36
57.37891,170.6
57.38963,170.62
57.40034,170.54
57.41106,170.62
57.42177,170.82
57.43249,170.72
57.44321,170.84
57.45392,171.0
57.46464,171.32
57.47535,171.34
57.48607,171.32
57.49679,171.12
57.5075,171.53
57.51822,171.61
57.52893,171.59
57.53965,171.4
57.55036,171.59
57.56108,171.56
57.5718,171.44
57.58251,171.2
57.59323,170.84
57.60394,170.9
57.61466,170.78
57.62538,170.74
57.63609,170.88
57.64681,170.98
57.65752,171.02
57.66824,170.92
57.67895,171.02
57.68967,171.16
57.70039,171.2
57.7111,171.16
57.72182,170.8
57.73253,170.9
57.74325,171.16
57.75396,171.22
57.76468,170.96
57.7754,170.78
57.78611,170.64
57.79683,170.4
57.80754,170.72
57.81826,170.46
57.82898,170.32
57.83969,170.5
57.85041,170.36
57.86112,170.36
57.87184,170.34
57.88255,170.2
57.89327,170.4
57.90399,170.6
57.9147,170.38
57.92542,170.3
57.93613,170.58
57.94685,170.48
57.95757,170.54
57.96828,170.46
57.979,170.38
57.98971,170.24
58.00043,170.16
58.01114,170.42
58.02186,170.24
58.03258,170.26
58.04329,170.24
58.05401,170.28
58.06472,170.26
58.07544,169.92
58.08616,169.8
58.09687,170.32
58.10759,170.44
58.1183,170.32
58.12902,170.16
58.13973,170.34
58.15045,170.4
58.16117,170.46
58.17188,170.34
58.1826,170.52
58.19331,170.42
58.20403,170.46
58.21474,170.52
58.22546,170.48
58.23618,170.5
58.24689,170.46
58.25761,170.4
58.26832,170.5
58.27904,170.4
58.28976,170.38
58.30047,170.5
58.31119,170.46
58.3219,170.42
58.33262,170.58
58.34333,170.56
58.35405,170.3
58.36477,170.34
58.37548,170.3
58.3862,170.28
58.39691,170.62
58.40763,170.44
58.41835,170.26
58.42906,170.44
58.43978,170.76
58.45049,170.74
58.46121,170.84
58.47192,170.86
58.48264,170.9
58.49336,170.78
58.50407,170.78
58.51479,171.14
58.5255,171.18
58.53622,171.48
58.54694,171.46
58.55765,171.4
58.56837,171.2
58.57908,171.16
58.5898,171.04
58.60051,170.82
58.61123,170.8
58.62195,170.9
58.63266,170.88
58.64338,170.8
58.65409,170.56
58.66481,170.66
58.67553,170.78
58.68624,170.9
58.69696,170.88
58.70767,170.78
58.71839,170.9
58.7291,170.82
58.73982,170.68
58.75054,170.68
58.76125,170.62
58.77197,170.62
58.78268,170.66
58.7934,170.72
58.80411,170.74
58.81483,170.6
58.82555,170.42
58.83626,170.3
58.84698,170.24
58.85769,170.6
58.86841,170.54
58.87913,170.58
58.88984,170.3
58.90056,170.36
58.91127,170.64
58.92199,170.56
58.9327,170.46
58.94342,170.46
58.95414,170.46
58.96485,170.46
58.97557,170.34
58.98628,170.42
58.997,170.5
59.00772,170.54
59.01843,170.38
59.02915,170.58
59.03986,170.66
59.05058,170.64
59.06129,170.56
59.07201,170.44
59.08273,170.64
59.09344,170.64
59.10416,170.36
59.11487,170.38
59.12559,170.4
59.13631,170.42
59.14702,170.52
59.15774,170.62
59.16845,170.62
59.17917,170.42
59.18988,170.68
59.2006,170.42
59.21132,170.38
59.22203,170.42
59.23275,170.64
59.24346,170.66
59.25418,170.66
59.26489,170.72
59.27561,170.82
59.28633,170.98
59.29704,171.2
59.30776,171.46
59.31847,171.52
59.32919,171.61
59.33991,171.55
59.35062,171.46
59.36134,171.22
59.37205,171.36
59.38277,171.16
59.39348,170.9
59.4042,170.94
59.41492,170.86
59.42563,170.9
59.43635,170.84
59.44706,170.78
59.45778,170.98
59.4685,170.66
59.47921,170.64
59.48993,170.86
59.50064,170.98
59.51136,170.9
59.52207,170.9
59.53279,170.8
59.54351,170.78
59.55422,170.88
59.56494,170.72
59.57565,170.62
59.58637,170.72
59.59709,170.44
59.6078,170.46
59.61852,170.52
59.62923,170.68
59.63995,170.58
59.65066,170.38
59.66138,170.48
59.6721,170.16
59.68281,170.56
59.69353,170.6
59.70424,170.46
59.71496,170.58
59.72568,170.54
59.73639,170.42
59.74711,170.6
59.75782,170.74
59.76854,170.92
59.77925,171.02
59.78997,170.68
59.80069,170.84
59.8114,170.84
59.82212,170.68
59.83283,170.72
59.84355,170.58
59.85426,170.48
59.86498,170.6
59.8757,170.56
59.88641,170.66
59.89713,170.46
59.90784,170.52
59.91856,170.84
59.92928,170.78
59.93999,170.66
59.95071,170.6
59.96142,170.76
59.97214,170.7
59.98285,170.68
59.99357,170.48
60.00429,170.42
60.015,170.36
60.02572,170.44
60.03643,170.32
60.04715,170.32
60.05787,170.16
60.06858,170.44
60.0793,170.66
60.09001,170.46
60.10073,170.4
60.11144,170.42
60.12216,170.6
60.13288,170.44
60.14359,170.42
60.15431,170.56
60.16502,170.3
60.17574,170.08
60.18646,170.2
60.19717,170.2
60.20789,170.4
60.2186,170.56
60.22932,170.48
60.24003,170.44
60.25075,170.26
60.26147,170.26
60.27218,170.24
60.2829,170.5
60.29361,170.12
60.30433,170.54
60.31505,170.52
60.32576,170.48
60.33648,170.28
60.34719,170.32
60.35791,170.44
60.36862,170.42
60.37934,170.54
60.39006,170.46
60.40077,170.42
60.41149,170.36
60.4222,170.16
60.43292,170.28
60.44363,170.58
60.45435,170.48
60.46507,170.28
60.47578,170.32
60.4865,170.24
60.49721,170.3
60.50793,170.3
60.51865,170.44
60.52936,170.56
60.54008,170.38
60.55079,170.64
60.56151,170.68
60.57222,170.52
60.58294,170.54
60.59366,170.6
60.60437,170.4
60.61509,170.36
60.6258,170.54
60.63652,170.46
60.64724,170.66
60.65795,170.74
60.66867,170.6
60.67938,170.52
60.6901,170.72
60.70081,170.66
60.71153,170.6
60.72225,170.6
60.73296,170.5
60.74368,170.32
60.75439,170.36
60.76511,170.64
60.77583,170.72
60.78654,170.7
60.79726,170.56
60.80797,170.44
60.81869,170.54
60.8294,170.86
60.84012,170.92
60.85084,170.76
60.86155,170.68
60.87227,170.88
60.88298,170.78
60.8937,170.76
60.90441,171.04
60.91513,171.14
60.92585,171.16
60.93656,171.22
60.94728,171.46
60.95799,171.44
60.96871,171.62
60.97943,171.78
60.99014,172.05
61.00086,171.97
61.01157,172.05
61.02229,172.12
61.033,172.17
61.04372,172.13
61.05444,172.13
61.06515,172.23
61.07587,172.2
61.08658,172.12
61.0973,172.24
61.10802,172.15
61.11873,172.34
61.12945,172.53
61.14016,172.62
61.15088,172.64
61.16159,172.81
61.17231,172.96
61.18303,173.21
61.19374,173.37
61.20446,173.25
61.21517,173.44
61.22589,173.53
61.23661,173.52
61.24732,173.39
61.25804,173.42
61.26875,173.21
61.27947,173.09
61.29018,173.02
61.3009,172.93
61.31162,172.83
61.32233,172.85
61.33305,172.74
61.34376,172.63
61.35448,172.8
61.3652,172.58
61.37591,172.54
61.38663,172.42
61.39734,172.41
61.40806,172.62
61.41877,172.45
61.42949,172.52
61.44021,172.44
61.45092,172.38
61.46164,172.29
61.47235,172.07
61.48307,171.73
61.49378,171.78
61.5045,171.93
61.51522,171.71
61.52593,171.55
61.53665,171.66
61.54736,171.53
61.55808,171.02
61.5688,170.98
61.57951,170.82
61.59023,170.96
61.60094,171.02
61.61166,171.12
61.62237,170.94
61.63309,170.78
61.64381,170.38
61.65452,170.62
61.66524,170.48
61.67595,170.86
61.68667,170.68
61.69739,170.78
61.7081,170.98
61.71882,170.74
61.72953,170.78
61.74025,170.72
61.75096,170.72
61.76168,170.68
61.7724,170.7
61.78311,170.76
61.79383,170.62
61.80454,170.52
61.81526,170.64
61.82598,170.46
61.83669,170.74
61.84741,170.4
61.85812,170.74
61.86884,170.82
61.87955,170.72
61.89027,170.7
61.90099,170.46
61.9117,170.58
61.92242,170.42
61.93313,170.54
61.94385,170.56
61.95456,170.54
61.96528,170.46
61.976,170.58
61.98671,170.72
61.99743,170.6
62.00814,170.54
62.01886,170.48
62.02958,170.56
62.04029,170.96
62.05101,170.56
62.06172,170.5
62.07244,170.5
62.08315,170.68
62.09387,170.54
62.10459,170.5
62.1153,170.52
62.12602,170.6
62.13673,170.5
62.14745,170.56
62.15817,170.7
62.16888,170.68
62.1796,170.6
62.19031,170.52
62.20103,170.5
62.21174,170.64
62.22246,170.7
62.23318,170.38
62.24389,170.48
62.25461,170.54
62.26532,170.44
62.27604,170.64
62.28676,170.46
62.29747,170.4
62.30819,170.52
62.3189,170.62
62.32962,170.84
62.34033,170.6
62.35105,170.42
62.36177,170.64
62.37248,170.52
62.3832,170.66
62.39391,170.48
62.40463,170.36
62.41535,170.28
62.42606,170.48
62.43678,170.74
62.44749,170.78
62.45821,170.88
62.46892,170.98
62.47964,170.84
62.49036,170.66
62.50107,170.7
62.51179,170.48
62.5225,170.7
62.53322,170.66
62.54393,170.54
62.55465,170.56
62.56537,170.66
62.57608,170.8
62.5868,170.62
62.59751,170.54
62.60823,170.86
62.61895,170.84
62.62966,170.78
62.64038,170.94
62.65109,170.9
62.66181,170.7
62.67252,170.88
62.68324,171.12
62.69396,171.28
62.70467,171.36
62.71539,171.34
62.7261,171.53
62.73682,171.2
62.74754,171.42
62.75825,171.53
62.76897,171.55
62.77968,171.9
62.7904,172.02
62.80111,172.01
62.81183,172.2
62.82255,172.37
62.83326,172.55
62.84398,172.88
62.85469,172.97
62.86541,173.1
62.87613,173.2
62.88684,173.23
62.89756,173.33
62.90827,173.32
62.91899,173.24
62.9297,173.18
62.94042,173.16
62.95114,173.01
62.96185,173.04
62.97257,173.01
62.98328,173.0
62.994,172.9
63.00471,172.88
63.01543,172.92
63.02615,172.75
63.03686,172.65
63.04758,172.6
63.05829,172.56
63.06901,172.5
63.07973,172.57
63.09044,172.71
63.10116,172.58
63.11187,172.56
63.12259,172.33
63.1333,172.28
63.14402,172.11
63.15474,172.05
63.16545,172.01
63.17617,171.88
63.18688,171.82
63.1976,171.76
63.20832,171.69
63.21903,171.55
63.22975,171.54
63.24046,171.56
63.25118,171.3
63.26189,171.12
63.27261,171.08
63.28333,170.84
63.29404,171.02
63.30476,170.78
63.31547,170.96
63.32619,170.82
63.33691,170.72
63.34762,170.78
63.35834,170.6
63.36905,170.62
63.37977,170.64
63.39048,170.58
63.4012,170.76
63.41192,170.98
63.42263,170.72
63.43335,170.7
63.44406,170.6
63.45478,170.74
63.4655,170.7
63.47621,170.76
63.48693,170.78
63.49764,170.66
63.50836,170.52
63.51907,170.58
63.52979,170.5
63.54051,170.28
63.55122,170.26
63.56194,170.44
63.57265,170.64
63.58337,170.56
63.59408,170.5
63.6048,170.38
63.61552,170.16
63.62623,170.26
63.63695,170.58
63.64766,170.58
63.65838,170.4
63.6691,170.46
63.67981,170.58
63.69053,170.32
63.70124,170.36
63.71196,170.52
63.72267,170.48
63.73339,170.48
63.74411,170.38
63.75482,170.36
63.76554,170.44
63.77625,170.58
63.78697,170.6
63.79769,170.38
63.8084,170.36
63.81912,170.46
63.82983,170.38
63.84055,170.58
63.85126,170.48
63.86198,170.4
63.8727,170.36
63.88341,169.96
63.89413,170.08
63.90484,170.42
63.91556,170.5
63.92628,170.24
63.93699,170.04
63.94771,170.04
63.95842,170.4
63.96914,170.5
63.97985,170.5
63.99057,170.0
64.00129,170.28
64.012,170.42
64.02272,169.96
64.03343,170.08
64.04415,170.48
64.05486,170.4
64.06558,170.3
64.0763,170.32
64.08701,170.34
64.09773,170.34
64.10844,170.3
64.11916,170.08
64.12988,170.52
64.14059,170.2
64.15131,170.12
64.16202,170.3
64.17274,170.0
64.18345,170.32
64.19417,170.36
64.20489,170.48
64.2156,170.56
64.22632,170.56
64.23703,170.4
64.24775,170.36
64.25847,170.4
64.26918,170.38
64.2799,170.42
64.29061,170.5
64.30133,170.4
64.31204,170.2
64.32276,170.36
64.33348,170.52
64.34419,170.7
64.35491,170.9
64.36562,170.82
64.37634,170.64
64.38706,170.88
64.39777,170.8
64.40849,171.22
64.4192,171.28
64.42992,171.22
64.44063,171.36
64.45135,171.46
64.46207,171.02
64.47278,171.16
64.4835,170.96
64.49421,170.82
64.50493,170.76
64.51565,170.68
64.52636,170.74
64.53708,170.78
64.54779,170.54
64.55851,170.48
64.56922,170.46
64.57994,170.64
64.59066,170.88
64.60137,170.76
64.61209,170.7
64.6228,170.72
64.63352,170.86
64.64423,170.72
64.65495,170.56
64.66567,170.68
64.67638,170.74
64.6871,170.74
64.69781,170.7
64.70853,170.48
64.71925,170.34
64.72996,170.24
64.74068,170.5
64.75139,170.72
64.76211,170.76
64.77282,170.82
64.78354,170.9
64.79426,170.68
64.80497,170.74
64.81569,170.82
64.8264,170.78
64.83712,170.58
64.84784,170.42
64.85855,170.48
64.86927,170.46
64.87998,170.42
64.8907,170.56
64.90141,170.44
64.91213,170.3
64.92285,170.46
64.93356,170.42
64.94428,170.66
64.95499,170.66
64.96571,170.56
64.97643,170.58
64.98714,170.68
64.99786,170.5
65.00857,170.54
65.01929,170.3
65.03,170.38
65.04072,170.5
65.05144,170.4
65.06215,170.52
65.07287,170.52
65.08358,170.4
65.0943,170.2
65.10502,170.54
65.11573,170.34
65.12645,170.34
65.13716,170.42
65.14788,170.44
65.15859,170.36
65.16931,170.34
65.18003,170.4
65.19074,170.5
65.20146,170.44
65.21217,170.2
65.22289,170.4
65.2336,170.36
65.24432,170.46
65.25504,170.32
65.26575,170.36
65.27647,170.16
65.28718,170.16
65.2979,170.2
65.30862,170.16
65.31933,170.46
65.33005,170.38
65.34076,170.32
65.35148,170.38
65.36219,170.34
65.37291,170.16
65.38363,170.38
65.39434,170.64
65.40506,170.42
65.41577,170.42
65.42649,170.26
65.43721,170.38
65.44792,170.46
65.45864,170.3
65.46935,170.08
65.48007,170.38
65.49078,170.2
65.5015,170.4
65.51222,170.48
65.52293,170.38
65.53365,170.38
65.54436,170.2
65.55508,170.36
65.5658,170.42
65.57651,170.42
65.58723,170.2
65.59794,170.2
65.60866,170.5
65.61937,170.38
65.63009,170.26
65.64081,170.34
65.65152,170.26
65.66224,170.32
65.67295,170.6
65.68367,170.5
65.69438,170.6
65.7051,170.44
65.71582,170.08
65.72653,170.6
65.73725,170.52
65.74796,170.58
65.75868,170.4
65.7694,170.56
65.78011,170.54
65.79083,170.36
65.80154,170.24
65.81226,170.52
65.82297,170.4
65.83369,170.34
65.84441,170.48
65.85512,170.54
65.86584,170.68
65.87655,170.62
65.88727,170.7
65.89799,170.8
65.9087,170.84
65.91942,170.94
65.93013,170.82
65.94085,171.0
65.95156,170.78
65.96228,170.84
65.973,170.78
65.98371,170.94
65.99443,170.82
66.00514,170.76
66.01586,170.76
66.02658,170.86
66.03729,171.06
66.04801,171.18
66.05872,171.02
66.06944,171.38
66.08015,171.48
66.09087,170.98
66.10159,170.82
66.1123,170.86
66.12302,170.68
66.13373,171.08
66.14445,170.7
66.15517,170.52
66.16588,170.48
66.1766,170.6
66.18731,170.6
66.19803,170.64
66.20874,170.62
66.21946,170.68
66.23018,170.6
66.24089,170.44
66.25161,170.5
66.26232,170.7
66.27304,170.72
66.28375,170.9
66.29447,170.86
66.30519,170.7
66.3159,170.64
66.32662,170.38
66.33733,170.28
66.34805,170.5
66.35877,170.62
66.36948,170.44
66.3802,170.48
66.39091,170.38
66.40163,170.48
66.41234,170.36
66.42306,170.46
66.43378,170.28
66.44449,170.2
66.45521,170.48
66.46592,170.42
66.47664,170.38
66.48736,170.48
66.49807,170.2
66.50879,170.42
66.5195,170.5
66.53022,170.4
66.54093,170.44
66.55165,170.58
66.56237,170.42
66.57308,170.44
66.5838,170.3
66.59451,170.36
66.60523,170.32
66.61595,170.24
66.62666,170.38
66.63738,170.26
66.64809,170.48
66.65881,170.46
66.66952,170.42
66.68024,170.48
66.69096,170.38
66.70167,170.26
66.71239,170.28
66.7231,170.4
66.73382,170.42
66.74453,170.38
66.75525,170.26
66.76597,170.42
66.77668,170.66
66.7874,170.56
66.79811,170.34
66.80883,170.32
66.81955,170.58
66.83026,170.56
66.84098,170.52
66.85169,170.72
66.86241,170.84
66.87312,170.9
66.88384,170.58
66.89456,170.94
66.90527,170.82
66.91599,170.56
66.9267,170.88
66.93742,170.8
66.94814,170.48
66.95885,170.48
66.96957,170.32
66.98028,170.26
66.991,170.32
67.00171,170.4
67.01243,170.26
67.02315,170.42
67.03386,170.66
67.04458,170.64
67.05529,170.6
67.06601,170.58
67.07673,170.56
67.08744,170.78
67.09816,170.52
67.10887,170.84
67.11959,170.8
67.1303,170.56
67.14102,170.36
67.15174,170.54
67.16245,170.76
67.17317,170.7
67.18388,170.56
67.1946,170.7
67.20532,170.62
67.21603,170.62
67.22675,170.66
67.23746,170.56
67.24818,170.68
67.25889,170.82
67.26961,170.68
67.28033,170.94
67.29104,171.14
67.30176,170.94
67.31247,171.36
67.32319,171.18
67.3339,171.3
67.34462,170.86
67.35534,170.66
67.36605,170.8
67.37677,170.92
67.38748,170.62
67.3982,170.4
67.40892,170.58
67.41963,170.84
67.43035,170.76
67.44106,170.74
67.45178,170.84
67.46249,171.0
67.47321,171.28
67.48393,171.34
67.49464,171.46
67.50536,171.64
67.51607,171.26
67.52679,170.96
67.53751,170.64
67.54822,170.64
67.55894,170.62
67.56965,170.78
67.58037,170.56
67.59108,170.66
67.6018,170.48
67.61252,170.32
67.62323,170.64
67.63395,170.64
67.64466,170.6
67.65538,170.44
67.6661,170.34
67.67681,170.34
67.68753,170.6
67.69824,170.74
67.70896,170.66
67.71967,170.7
67.73039,170.48
67.74111,170.5
67.75182,170.68
67.76254,170.58
67.77325,170.42
67.78397,170.54
67.79468,170.68
67.8054,170.54
67.81612,170.48
67.82683,170.28
67.83755,170.48
67.84826,170.32
67.85898,170.32
67.8697,170.32
67.88041,170.34
67.89113,170.62
67.90184,170.56
67.91256,170.54
67.92327,170.46
67.93399,170.58
67.94471,170.48
67.95542,170.62
67.96614,170.42
67.97685,170.54
67.98757,170.3
67.99829,170.32
68.009,170.36
68.01972,170.38
68.03043,170.36
68.04115,170.38
68.05186,170.48
68.06258,170.72
68.0733,170.36
68.08401,170.08
68.09473,170.38
68.10544,170.56
68.11616,170.6
68.12688,170.46
68.13759,170.12
68.14831,170.34
68.15902,170.5
68.16974,170.36
68.18045,169.92
68.19117,170.42
68.20189,170.66
68.2126,170.44
68.22332,170.08
68.23403,170.32
68.24475,170.2
68.25547,170.16
68.26618,170.26
68.2769,170.16
68.28761,170.58
68.29833,170.16
68.30904,170.42
68.31976,170.38
68.33048,170.34
68.34119,170.42
68.35191,170.5
68.36262,170.4
68.37334,170.32
68.38405,170.16
68.39477,170.0
68.40549,170.24
68.4162,170.32
68.42692,170.26
68.43763,170.32
68.44835,170.44
68.45907,170.5
68.46978,170.5
68.4805,170.48
68.49121,170.5
68.50193,170.7
68.51264,170.5
68.52336,170.2
68.53408,170.36
68.54479,170.16
68.55551,170.3
68.56622,170.38
68.57694,170.12
68.58766,170.12
68.59837,170.2
68.60909,170.3
68.6198,170.54
68.63052,170.4
68.64123,170.34
68.65195,170.26
68.66267,170.32
68.67338,170.28
68.6841,170.08
68.69481,170.36
68.70553,170.64
68.71625,170.52
68.72696,170.28
68.73768,170.56
68.74839,170.46
68.75911,170.46
68.76982,170.48
68.78054,170.24
68.79126,170.42
68.80197,170.68
68.81269,170.54
68.8234,170.5
68.83412,170.56
68.84483,170.7
68.85555,170.72
68.86627,170.9
68.87698,170.78
68.8877,170.9
68.89841,170.76
68.90913,170.84
68.91985,171.06
68.93056,170.84
68.94128,170.68
68.95199,170.78
68.96271,170.52
68.97342,170.44
68.98414,170.56
68.99486,170.5
69.00557,170.52
69.01629,170.78
69.027,170.58
69.03772,170.4
69.04844,170.54
69.05915,170.8
69.06987,170.82
69.08058,170.82
69.0913,170.7
69.10201,170.7
69.11273,170.78
69.12345,170.74
69.13416,170.8
69.14488,170.84
69.15559,170.48
69.16631,170.48
69.17703,170.36
69.18774,170.34
69.19846,170.4
69.20917,170.42
69.21989,170.36
69.2306,170.5
69.24132,170.48
69.25204,170.48
69.26275,170.4
69.27347,170.28
69.28418,170.48
69.2949,170.44
69.30562,170.24
69.31633,170.46
69.32705,170.46
69.33776,170.42
69.34848,170.32
69.35919,170.26
69.36991,170.32
69.38063,170.44
69.39134,170.24
69.40206,170.3
69.41277,170.38
69.42349,170.08
69.4342,170.38
69.44492,170.32
69.45564,170.26
69.46635,170.38
69.47707,170.4
69.48778,170.3
69.4985,170.38
69.50922,170.5
69.51993,170.16
69.53065,170.12
69.54136,170.32
69.55208,170.2
69.56279,170.28
69.57351,170.24
69.58423,170.2
69.59494,169.96
69.60566,170.32
69.61637,170.4
69.62709,170.36
69.63781,170.24
69.64852,170.4
69.65924,170.44
69.66995,170.3
69.68067,170.28
69.69138,170.38
69.7021,169.96
69.71282,169.88
69.72353,170.4
69.73425,170.56
69.74496,170.4
69.75568,169.88
69.7664,170.36
69.77711,170.38
69.78783,170.42
69.79854,170.28
69.80926,170.32
69.81997,170.36
69.83069,170.28
69.84141,170.04
69.85212,170.2
69.86284,170.24
69.87355,170.28
69.88427,170.4
69.89498,170.32
69.9057,170.24
69.91642,170.28
69.92713,170.08
69.93785,170.2
69.94856,170.36
69.95928,170.32
69.97,170.28
69.98071,170.24
69.99143,170.4
70.00214,169.92
70.01286,170.3
70.02357,170.28
70.03429,170.38
70.04501,170.28
70.05572,170.16
70.06644,170.42
70.07715,170.24
70.08787,170.2
70.09859,170.26
70.1093,170.4
70.12002,170.16
70.13073,170.12
70.14145,170.36
70.15216,170.32
70.16288,170.12
70.1736,170.44
70.18431,170.46
70.19503,170.2
70.20574,170.16
70.21646,170.44
70.22718,170.28
70.23789,170.0
70.24861,170.12
70.25932,170.24
70.27004,170.3
70.28075,170.12
70.29147,170.32
70.30219,170.24
70.3129,170.16
70.32362,170.0
70.33433,170.56
70.34505,170.3
70.35577,170.46
70.36648,170.26
70.3772,170.44
70.38791,170.58
70.39863,170.5
70.40934,170.38
70.42006,170.2
70.43078,170.12
70.44149,170.28
70.45221,170.4
70.46292,170.36
70.47364,170.46
70.48435,170.2
70.49507,170.32
70.50579,170.5
70.5165,170.28
70.52722,170.24
70.53793,170.38
70.54865,170.48
70.55937,170.28
70.57008,170.26
70.5808,170.54
70.59151,170.46
70.60223,170.32
70.61294,170.28
70.62366,170.28
70.63438,170.34
70.64509,170.16
70.65581,170.16
70.66652,170.4
70.67724,170.28
70.68796,170.34
70.69867,170.12
70.70939,170.38
70.7201,170.5
70.73082,170.38
70.74153,170.64
70.75225,170.72
70.76297,170.78
70.77368,170.7
70.7844,170.78
70.79511,171.42
70.80583,171.42
70.81655,171.62
70.82726,171.69
70.83798,171.69
70.84869,171.7
70.85941,171.52
70.87012,171.5
70.88084,171.4
70.89156,171.14
70.90227,170.94
70.91299,170.96
70.9237,170.98
70.93442,170.88
70.94514,170.78
70.95585,170.54
70.96657,170.84
70.97728,170.68
70.988,170.9
70.99871,171.1
71.00943,171.04
71.02015,171.04
71.03086,170.98
71.04158,171.28
71.05229,171.24
71.06301,171.24
71.07372,171.22
71.08444,171.24
71.09516,171.18
71.10587,171.04
71.11659,171.2
71.1273,171.0
71.13802,170.66
71.14874,170.68
71.15945,170.78
71.17017,170.7
71.18088,170.78
71.1916,170.72
71.20231,170.84
71.21303,171.12
71.22375,170.86
71.23446,170.98
71.24518,171.1
71.25589,170.88
71.26661,171.0
71.27733,171.1
71.28804,170.92
71.29876,170.88
71.30947,171.02
71.32019,171.53
71.3309,171.54
71.34162,171.54
71.35234,171.66
71.36305,171.58
71.37377,171.57
71.38448,171.72
71.3952,171.73
71.40592,171.7
71.41663,171.69
71.42735,171.77
71.43806,171.74
71.44878,171.67
71.45949,171.84
71.47021,171.58
71.48093,171.57
71.49164,171.59
71.50236,171.77
71.51307,171.66
71.52379,171.59
71.5345,171.58
71.54522,171.5
71.55594,171.64
71.56665,171.61
71.57737,171.68
71.58808,171.53
71.5988,171.55
71.60952,171.65
71.62023,171.66
71.63095,171.54
71.64166,171.44
71.65238,171.3
71.66309,171.2
71.67381,171.08
71.68453,171.44
71.69524,171.62
71.70596,171.34
71.71667,171.44
71.72739,171.48
71.73811,171.4
71.74882,171.32
71.75954,171.32
71.77025,171.22
71.78097,171.2
71.79168,171.16
71.8024,171.02
71.81312,170.86
71.82383,170.74
71.83455,170.66
71.84526,170.76
71.85598,170.76
71.8667,170.88
71.87741,170.5
71.88813,170.58
71.89884,170.82
71.90956,170.78
71.92027,170.78
71.93099,170.6
71.94171,170.64
71.95242,170.64
71.96314,170.54
71.97385,170.56
71.98457,170.6
71.99529,170.44
72.006,170.84
72.01672,170.94
72.02743,170.82
72.03815,170.46
72.04886,170.32
72.05958,170.44
72.0703,170.48
72.08101,170.58
72.09173,170.66
72.10244,170.64
72.11316,170.7
72.12387,170.66
72.13459,170.36
72.14531,170.66
72.15602,170.5
72.16674,170.7
72.17745,170.58
72.18817,170.54
72.19889,170.6
72.2096,170.6
72.22032,170.56
72.23103,170.44
72.24175,170.3
72.25246,170.54
72.26318,170.66
72.2739,170.42
72.28461,170.26
72.29533,170.32
72.30604,170.48
72.31676,170.66
72.32748,170.54
72.33819,170.62
72.34891,170.62
72.35962,170.72
72.37034,170.74
72.38105,170.64
72.39177,170.76
72.40249,170.7
72.4132,170.74
72.42392,170.78
72.43463,170.82
72.44535,170.74
72.45607,170.5
72.46678,170.38
72.4775,170.4
72.48821,170.4
72.49893,170.52
72.50964,170.38
72.52036,170.12
72.53108,170.46
72.54179,170.42
72.55251,170.48
72.56322,170.5
72.57394,170.56
72.58465,170.78
72.59537,170.78
72.60609,170.48
72.6168,170.62
72.62752,170.52
72.63823,170.62
72.64895,170.28
72.65967,170.36
72.67038,170.34
72.6811,170.34
72.69181,170.48
72.70253,170.42
72.71324,170.2
72.72396,170.26
72.73468,170.26
72.74539,170.44
72.75611,170.16
72.76682,170.04
72.77754,169.96
72.78826,170.34
72.79897,170.04
72.80969,170.26
72.8204,170.16
72.83112,170.28
72.84183,169.96
72.85255,170.3
72.86327,170.34
72.87398,170.26
72.8847,170.42
72.89541,170.5
72.90613,170.38
72.91685,170.4
72.92756,170.42
72.93828,170.56
72.94899,170.32
72.95971,170.38
72.97042,170.34
72.98114,170.2
72.99186,170.46
73.00257,170.42
73.01329,170.38
73.024,170.32
73.03472,170.36
73.04544,170.28
73.05615,170.26
73.06687,170.38
73.07758,170.46
73.0883,170.62
73.09901,170.54
73.10973,170.42
73.12045,170.3
73.13116,170.28
73.14188,170.24
73.15259,170.36
73.16331,170.24
73.17402,170.3
73.18474,170.34
73.19546,170.44
73.20617,170.38
73.21689,170.5
73.2276,170.52
73.23832,170.58
73.24904,170.62
73.25975,170.34
73.27047,170.72
73.28118,170.5
73.2919,170.26
73.30261,170.12
73.31333,170.32
73.32405,170.66
73.33476,170.54
73.34548,170.24
73.35619,170.38
73.36691,170.52
73.37763,170.46
73.38834,170.4
73.39906,170.12
73.40977,170.08
73.42049,170.48
73.4312,170.36
73.44192,170.5
73.45264,170.44
73.46335,170.04
73.47407,170.44
73.48478,170.46
73.4955,170.56
73.50622,170.58
73.51693,170.26
73.52765,170.26
73.53836,170.34
73.54908,170.46
73.55979,170.2
73.57051,170.24
73.58123,170.24
73.59194,170.2
73.60266,170.08
73.61337,170.36
73.62409,170.5
73.6348,170.46
73.64552,170.34
73.65624,170.34
73.66695,170.54
73.67767,170.48
73.68838,170.36
73.6991,170.68
73.70982,170.76
73.72053,170.54
73.73125,170.72
73.74196,170.92
73.75268,171.16
73.76339,171.4
73.77411,171.53
73.78483,171.67
73.79554,171.72
73.80626,171.81
73.81697,171.91
73.82769,171.87
73.83841,171.83
73.84912,171.69
73.85984,171.61
73.87055,171.68
73.88127,171.5
73.89198,171.38
73.9027,171.44
73.91342,171.38
73.92413,171.22
73.93485,171.22
73.94556,170.96
73.95628,170.86
73.967,170.96
73.97771,170.98
73.98843,170.9
73.99914,170.98
74.00986,170.9
74.02057,171.12
74.03129,171.2
74.04201,171.0
74.05272,171.12
74.06344,171.16
74.07415,171.0
74.08487,171.08
74.09559,171.3
74.1063,171.18
74.11702,170.72
74.12773,171.0
74.13845,170.8
74.14916,170.56
74.15988,170.68
74.1706,170.92
74.18131,170.84
74.19203,170.38
74.20274,170.26
74.21346,170.68
74.22417,170.78
74.23489,170.76
74.24561,170.8
74.25632,170.66
74.26704,170.56
74.27775,170.68
74.28847,170.52
74.29919,170.32
74.3099,170.36
74.32062,170.28
74.33133,170.04
74.34205,170.24
74.35276,170.16
74.36348,170.04
74.3742,170.26
74.38491,170.4
74.39563,170.34
74.40634,170.26
74.41706,170.36
74.42778,170.12
74.43849,170.38
74.44921,170.46
74.45992,170.32
74.47064,170.34
74.48135,170.3
74.49207,170.5
74.50279,170.54
74.5135,170.42
74.52422,170.26
74.53493,170.16
74.54565,170.34
74.55637,170.4
74.56708,170.2
74.5778,170.32
74.58851,170.24
74.59923,170.26
74.60994,170.26
74.62066,170.2
74.63138,170.52
74.64209,170.52
74.65281,170.5
74.66352,170.2
74.67424,170.44
74.68495,170.62
74.69567,170.64
74.70639,170.34
74.7171,170.2
74.72782,170.26
74.73853,170.44
74.74925,170.4
74.75997,170.3
74.77068,170.32
74.7814,170.4
74.79211,170.44
74.80283,170.62
74.81354,170.36
74.82426,170.28
74.83498,170.4
74.84569,170.38
74.85641,170.36
74.86712,170.24
74.87784,170.38
74.88856,170.38
74.89927,170.36
74.90999,170.36
74.9207,170.36
74.93142,170.48
74.94213,170.38
74.95285,170.44
74.96357,170.42
74.97428,170.36
74.985,170.3
74.99571,170.38
75.00643,170.52
75.01715,170.52
75.02786,170.68
75.03858,170.52
75.04929,170.54
75.06001,170.68
75.07072,171.16
75.08144,171.06
75.09216,171.36
75.10287,170.88
75.11359,170.92
75.1243,171.26
75.13502,171.4
75.14574,171.36
75.15645,171.34
75.16717,171.44
75.17788,171.36
75.1886,171.3
75.19931,171.52
75.21003,171.26
75.22075,171.38
75.23146,171.14
75.24218,171.22
75.25289,171.3
75.26361,171.18
75.27432,171.32
75.28504,171.22
75.29576,171.18
75.30647,171.22
75.31719,171.22
75.3279,171.28
75.33862,171.1
75.34934,171.0
75.36005,171.22
75.37077,171.38
75.38148,171.38
75.3922,170.98
75.40291,171.22
75.41363,171.12
75.42435,171.0
75.43506,171.28
75.44578,170.94
75.45649,170.74
75.46721,170.54
75.47793,170.64
75.48864,170.6
75.49936,170.46
75.51007,170.88
75.52079,170.86
75.5315,170.62
75.54222,170.72
75.55294,170.68
75.56365,170.82
75.57437,170.72
75.58508,170.66
75.5958,170.64
75.60652,170.72
75.61723,170.84
75.62795,170.7
75.63866,170.52
75.64938,170.48
75.66009,170.3
75.67081,170.3
75.68153,170.28
75.69224,170.6
75.70296,170.42
75.71367,170.58
75.72439,170.52
75.73511,170.5
75.74582,170.54
75.75654,170.5
75.76725,170.4
75.77797,170.34
75.78868,170.4
75.7994,170.42
75.81012,170.34
75.82083,170.42
75.83155,170.28
75.84226,170.16
75.85298,169.92
75.86369,170.26
75.87441,170.38
75.88513,170.34
75.89584,170.26
75.90656,170.28
75.91727,169.96
75.92799,170.12
75.93871,170.3
75.94942,170.2
75.96014,170.2
75.97085,169.96
75.98157,170.16
75.99228,170.2
76.003,170.3
76.01372,170.2
76.02443,170.4
76.03515,170.46
76.04586,170.4
76.05658,169.92
76.0673,170.16
76.07801,170.28
76.08873,169.84
76.09944,170.26
76.11016,170.38
76.12087,170.16
76.13159,170.32
76.14231,170.26
76.15302,170.12
76.16374,170.42
76.17445,170.34
76.18517,170.42
76.19589,170.2
76.2066,170.2
76.21732,170.24
76.22803,170.32
76.23875,170.34
76.24946,170.36
76.26018,170.44
76.2709,170.28
76.28161,170.16
76.29233,170.2
76.30304,170.32
76.31376,170.38
76.32447,170.3
76.33519,170.24
76.34591,170.24
76.35662,170.24
76.36734,170.38
76.37805,170.28
76.38877,170.24
76.39949,170.26
76.4102,170.46
76.42092,170.08
76.43163,170.32
76.44235,170.0
76.45306,169.84
76.46378,170.32
76.4745,170.32
76.48521,170.4
76.49593,170.36
76.50664,170.34
76.51736,170.3
76.52808,170.08
76.53879,170.2
76.54951,170.48
76.56022,170.36
76.57094,170.36
76.58165,170.28
76.59237,170.42
76.60309,170.46
76.6138,170.2
76.62452,170.12
76.63523,170.58
76.64595,170.48
76.65667,170.36
76.66738,170.4
76.6781,170.16
76.68881,170.36
76.69953,170.08
76.71024,170.32
76.72096,170.44
76.73168,170.54
76.74239,170.38
76.75311,170.24
76.76382,170.12
76.77454,170.38
76.78526,170.64
76.79597,170.62
76.80669,170.48
76.8174,170.62
76.82812,170.34
76.83883,170.5
76.84955,170.66
76.86027,170.54
76.87098,170.6
76.8817,170.86
76.89241,170.64
76.90313,170.42
76.91384,170.16
76.92456,170.38
76.93528,170.52
76.94599,170.36
76.95671,170.48
76.96742,170.44
76.97814,170.12
76.98886,170.24
76.99957,170.28
77.01029,170.3
77.021,170.48
77.03172,170.32
77.04243,170.38
77.05315,170.68
77.06387,170.26
77.07458,170.24
77.0853,170.42
77.09601,170.38
77.10673,170.48
77.11745,170.46
77.12816,170.5
77.13888,170.3
77.14959,169.96
77.16031,170.34
77.17102,170.28
77.18174,170.34
77.19246,170.24
77.20317,170.2
77.21389,170.36
77.2246,170.4
77.23532,170.28
77.24604,170.46
77.25675,170.46
77.26747,170.48
77.27818,170.46
77.2889,170.42
77.29961,170.52
77.31033,170.54
77.32105,170.34
77.33176,170.24
77.34248,170.46
77.35319,170.42
77.36391,170.36
77.37462,170.08
77.38534,169.84
77.39606,170.24
77.40677,170.26
77.41749,170.28
77.4282,170.44
77.43892,170.64
77.44964,170.62
77.46035,170.32
77.47107,170.34
77.48178,170.52
77.4925,170.48
77.50321,170.64
77.51393,170.64
77.52465,170.68
77.53536,170.46
77.54608,170.5
77.55679,170.62
77.56751,170.64
77.57823,170.7
77.58894,170.58
77.59966,170.88
77.61037,170.64
77.62109,170.88
77.6318,170.86
77.64252,170.66
77.65324,170.72
77.66395,170.64
77.67467,170.64
77.68538,170.54
77.6961,170.68
77.70682,170.56
77.71753,170.42
77.72825,170.86
77.73896,170.78
77.74968,170.68
77.76039,170.52
77.77111,170.52
77.78183,170.48
77.79254,170.48
77.80326,170.72
77.81397,170.5
77.82469,170.32
77.83541,170.44
77.84612,170.66
77.85684,170.48
77.86755,170.36
77.87827,170.36
77.88898,170.38
77.8997,170.26
77.91042,170.26
77.92113,170.38
77.93185,170.38
77.94256,170.46
77.95328,170.52
77.96399,170.46
77.97471,170.28
77.98543,170.34
77.99614,170.36
78.00686,170.44
78.01757,170.52
78.02829,170.44
78.03901,170.16
78.04972,170.24
78.06044,170.3
78.07115,170.34
78.08187,170.4
78.09258,170.36
78.1033,170.4
78.11402,170.34
78.12473,170.26
78.13545,170.3
78.14616,169.96
78.15688,170.34
78.1676,170.4
78.17831,170.16
78.18903,170.28
78.19974,170.12
78.21046,170.28
78.22117,170.26
78.23189,170.36
78.24261,170.58
78.25332,170.48
78.26404,170.28
78.27475,170.08
78.28547,170.26
78.29619,170.16
78.3069,170.36
78.31762,170.54
78.32833,170.36
78.33905,170.38
78.34976,170.38
78.36048,170.32
78.3712,170.28
78.38191,170.4
78.39263,170.5
78.40334,170.4
78.41406,170.28
78.42477,170.38
78.43549,170.54
78.44621,170.42
78.45692,170.68
78.46764,170.68
78.47835,170.94
78.48907,170.76
78.49979,170.98
78.5105,171.14
78.52122,171.06
78.53193,171.08
78.54265,171.14
78.55336,170.98
78.56408,171.16
78.5748,171.16
78.58551,171.2
78.59623,171.12
78.60694,170.82
78.61766,170.8
78.62838,170.68
78.63909,170.82
78.64981,170.34
78.66052,170.38
78.67124,170.84
78.68195,170.32
78.69267,170.36
78.70339,170.58
78.7141,170.58
78.72482,170.72
78.73553,170.88
78.74625,170.72
78.75697,170.68
78.76768,170.78
78.7784,170.86
78.78911,171.0
78.79983,171.14
78.81054,170.94
78.82126,170.78
78.83198,170.58
78.84269,170.38
78.85341,170.46
78.86412,170.52
78.87484,170.44
78.88556,170.52
78.89627,170.64
78.90699,170.62
78.9177,170.62
78.92842,170.64
78.93913,170.46
78.94985,170.26
78.96057,170.26
78.97128,170.3
78.982,170.36
78.99271,170.4
79.00343,170.42
79.01414,170.4
79.02486,170.44
79.03558,170.48
79.04629,170.42
79.05701,170.32
79.06772,170.26
79.07844,170.48
79.08916,170.3
79.09987,170.0
79.11059,170.4
79.1213,170.12
79.13202,170.34
79.14273,170.36
79.15345,170.44
79.16417,170.26
79.17488,170.28
79.1856,170.2
79.19631,170.36
79.20703,170.5
79.21775,170.32
79.22846,170.26
79.23918,170.08
79.24989,170.28
79.26061,170.04
79.27132,170.16
79.28204,170.2
79.29276,170.24
79.30347,170.34
79.31419,170.28
79.3249,170.16
79.33562,170.26
79.34634,170.16
79.35705,169.96
79.36777,170.08
79.37848,170.44
79.3892,170.5
79.39991,170.54
79.41063,170.56
79.42135,170.58
79.43206,170.36
79.44278,170.24
79.45349,170.32
79.46421,170.34
79.47492,170.34
79.48564,170.36
79.49636,170.2
79.50707,170.28
79.51779,170.34
79.5285,170.12
79.53922,169.84
79.54994,170.08
79.56065,170.26
79.57137,170.26
79.58208,170.24
79.5928,170.28
79.60351,170.32
79.61423,170.2
79.62495,169.92
79.63566,170.3
79.64638,170.26
79.65709,170.08
79.66781,170.32
79.67853,170.38
79.68924,170.26
79.69996,170.5
79.71067,170.42
79.72139,170.16
79.7321,170.2
79.74282,170.32
79.75354,170.44
79.76425,170.58
79.77497,170.34
79.78568,170.28
79.7964,170.34
79.80712,170.54
79.81783,170.54
79.82855,170.42
79.83926,170.6
79.84998,170.62
79.86069,170.86
79.87141,170.98
79.88213,171.3
79.89284,171.44
79.90356,171.34
79.91427,171.14
79.92499,171.04
79.93571,170.94
79.94642,170.88
79.95714,170.72
79.96785,170.66
79.97857,170.4
79.98928,170.52
80.0,170.58
