2Theta_deg,Intensity_cps
5.0,171.06
5.01072,0.0
5.02143,171.32
5.03215,0.0
5.04286,171.65
5.05358,0.0
5.06429,171.55
5.07501,0.0
5.08573,171.46
5.09644,0.0
5.10716,171.52
5.11787,0.0
5.12859,171.55
5.13931,0.0
5.15002,171.46
5.16074,0.0
5.17145,171.42
5.18217,0.0
5.19288,171.34
5.2036,0.0
5.21432,171.34
5.22503,0.0
5.23575,171.16
5.24646,0.0
5.25718,171.14
5.2679,0.0
5.27861,171.53
5.28933,0.0
5.30004,171.61
5.31076,0.0
5.32147,171.57
5.33219,0.0
5.34291,171.44
5.35362,0.0
5.36434,171.14
5.37505,0.0
5.38577,171.5
5.39649,0.0
5.4072,171.55
5.41792,0.0
5.42863,171.6
5.43935,0.0
5.45006,171.52
5.46078,0.0
5.4715,171.44
5.48221,0.0
5.49293,171.38
5.50364,0.0
5.51436,171.53
5.52508,0.0
5.53579,171.64
5.54651,0.0
5.55722,171.59
5.56794,0.0
5.57865,171.46
5.58937,0.0
5.60009,171.53
5.6108,0.0
5.62152,171.52
5.63223,0.0
5.64295,171.36
5.65366,0.0
5.66438,171.36
5.6751,0.0
5.68581,171.36
5.69653,0.0
5.70724,171.32
5.71796,0.0
5.72868,171.18
5.73939,0.0
5.75011,171.36
5.76082,0.0
5.77154,171.38
5.78225,0.0
5.79297,171.63
5.80369,0.0
5.8144,171.5
5.82512,0.0
5.83583,171.34
5.84655,0.0
5.85727,171.28
5.86798,0.0
5.8787,171.16
5.88941,0.0
5.90013,171.3
5.91084,0.0
5.92156,171.38
5.93228,0.0
5.94299,171.24
5.95371,0.0
5.96442,171.38
5.97514,0.0
5.98586,171.38
5.99657,0.0
6.00729,171.64
6.018,0.0
6.02872,171.6
6.03943,0.0
6.05015,171.57
6.06087,0.0
6.07158,171.59
6.0823,0.0
6.09301,171.54
6.10373,0.0
6.11444,171.57
6.12516,0.0
6.13588,171.53
6.14659,0.0
6.15731,171.22
6.16802,0.0
6.17874,171.42
6.18946,0.0
6.20017,171.3
6.21089,0.0
6.2216,171.53
6.23232,0.0
6.24303,171.46
6.25375,0.0
6.26447,171.53
6.27518,0.0
6.2859,171.68
6.29661,0.0
6.30733,171.69
6.31805,0.0
6.32876,171.53
6.33948,0.0
6.35019,171.5
6.36091,0.0
6.37162,171.55
6.38234,0.0
6.39306,171.6
6.40377,0.0
6.41449,171.48
6.4252,0.0
6.43592,171.6
6.44664,0.0
6.45735,171.74
6.46807,0.0
6.47878,171.63
6.4895,0.0
6.50021,171.67
6.51093,0.0
6.52165,171.6
6.53236,0.0
6.54308,171.16
6.55379,0.0
6.56451,171.58
6.57523,0.0
6.58594,171.54
6.59666,0.0
6.60737,171.14
6.61809,0.0
6.6288,171.34
6.63952,0.0
6.65024,171.48
6.66095,0.0
6.67167,171.36
6.68238,0.0
6.6931,171.61
6.70381,0.0
6.71453,171.69
6.72525,0.0
6.73596,171.36
6.74668,0.0
6.75739,171.24
6.76811,0.0
6.77883,171.59
6.78954,0.0
6.80026,171.6
6.81097,0.0
6.82169,171.55
6.8324,0.0
6.84312,171.2
6.85384,0.0
6.86455,171.44
6.87527,0.0
6.88598,171.59
6.8967,0.0
6.90742,171.5
6.91813,0.0
6.92885,171.53
6.93956,0.0
6.95028,171.46
6.96099,0.0
6.97171,171.52
6.98243,0.0
6.99314,171.44
7.00386,0.0
7.01457,171.32
7.02529,0.0
7.03601,171.62
7.04672,0.0
7.05744,171.56
7.06815,0.0
7.07887,171.6
7.08958,0.0
7.1003,171.54
7.11102,0.0
7.12173,171.52
7.13245,0.0
7.14316,171.57
7.15388,0.0
7.16459,171.46
7.17531,0.0
7.18603,171.34
7.19674,0.0
7.20746,171.48
7.21817,0.0
7.22889,171.38
7.23961,0.0
7.25032,171.44
7.26104,0.0
7.27175,171.57
7.28247,0.0
7.29318,171.54
7.3039,0.0
7.31462,171.52
7.32533,0.0
7.33605,171.61
7.34676,0.0
7.35748,171.52
7.3682,0.0
7.37891,171.36
7.38963,0.0
7.40034,171.36
7.41106,0.0
7.42177,171.56
7.43249,0.0
7.44321,171.36
7.45392,0.0
7.46464,171.48
7.47535,0.0
7.48607,171.62
7.49679,0.0
7.5075,171.59
7.51822,0.0
7.52893,171.57
7.53965,0.0
7.55036,171.36
7.56108,0.0
7.5718,171.18
7.58251,0.0
7.59323,171.26
7.60394,0.0
7.61466,171.68
7.62538,0.0
7.63609,171.61
7.64681,0.0
7.65752,171.67
7.66824,0.0
7.67895,171.52
7.68967,0.0
7.70039,171.5
7.7111,0.0
7.72182,171.6
7.73253,0.0
7.74325,171.57
7.75396,0.0
7.76468,171.52
7.7754,0.0
7.78611,171.54
7.79683,0.0
7.80754,171.36
7.81826,0.0
7.82898,171.56
7.83969,0.0
7.85041,171.64
7.86112,0.0
7.87184,171.61
7.88255,0.0
7.89327,171.46
7.90399,0.0
7.9147,171.48
7.92542,0.0
7.93613,171.54
7.94685,0.0
7.95757,171.42
7.96828,0.0
7.979,171.62
7.98971,0.0
8.00043,171.55
8.01114,0.0
8.02186,171.62
8.03258,0.0
8.04329,171.52
8.05401,0.0
8.06472,171.48
8.07544,0.0
8.08616,171.0
8.09687,0.0
8.10759,171.24
8.1183,0.0
8.12902,171.28
8.13973,0.0
8.15045,171.56
8.16117,0.0
8.17188,171.4
8.1826,0.0
8.19331,171.36
8.20403,0.0
8.21474,171.44
8.22546,0.0
8.23618,171.4
8.24689,0.0
8.25761,171.4
8.26832,0.0
8.27904,171.62
8.28976,0.0
8.30047,171.66
8.31119,0.0
8.3219,171.7
8.33262,0.0
8.34333,171.66
8.35405,0.0
8.36477,171.54
8.37548,0.0
8.3862,171.3
8.39691,0.0
8.40763,171.28
8.41835,0.0
8.42906,171.5
8.43978,0.0
8.45049,171.36
8.46121,0.0
8.47192,171.59
8.48264,0.0
8.49336,171.28
8.50407,0.0
8.51479,171.14
8.5255,0.0
8.53622,171.5
8.54694,0.0
8.55765,171.3
8.56837,0.0
8.57908,171.5
8.5898,0.0
8.60051,171.59
8.61123,0.0
8.62195,171.62
8.63266,0.0
8.64338,171.64
8.65409,0.0
8.66481,171.5
8.67553,0.0
8.68624,171.32
8.69696,0.0
8.70767,171.44
8.71839,0.0
8.7291,171.5
8.73982,0.0
8.75054,171.36
8.76125,0.0
8.77197,171.57
8.78268,0.0
8.7934,171.57
8.80411,0.0
8.81483,171.56
8.82555,0.0
8.83626,171.44
8.84698,0.0
8.85769,171.38
8.86841,0.0
8.87913,171.42
8.88984,0.0
8.90056,171.53
8.91127,0.0
8.92199,171.58
8.9327,0.0
8.94342,171.44
8.95414,0.0
8.96485,171.22
8.97557,0.0
8.98628,171.32
8.997,0.0
9.00772,171.46
9.01843,0.0
9.02915,171.54
9.03986,0.0
9.05058,171.62
9.06129,0.0
9.07201,171.59
9.08273,0.0
9.09344,171.44
9.10416,0.0
9.11487,171.52
9.12559,0.0
9.13631,171.57
9.14702,0.0
9.15774,171.34
9.16845,0.0
9.17917,171.42
9.18988,0.0
9.2006,171.4
9.21132,0.0
9.22203,171.16
9.23275,0.0
9.24346,171.32
9.25418,0.0
9.26489,171.42
9.27561,0.0
9.28633,171.26
9.29704,0.0
9.30776,171.0
9.31847,0.0
9.32919,171.32
9.33991,0.0
9.35062,171.67
9.36134,0.0
9.37205,171.61
9.38277,0.0
9.39348,171.56
9.4042,0.0
9.41492,171.46
9.42563,0.0
9.43635,171.6
9.44706,0.0
9.45778,171.65
9.4685,0.0
9.47921,171.55
9.48993,0.0
9.50064,171.36
9.51136,0.0
9.52207,171.54
9.53279,0.0
9.54351,171.6
9.55422,0.0
9.56494,171.59
9.57565,0.0
9.58637,171.52
9.59709,0.0
9.6078,171.28
9.61852,0.0
9.62923,171.16
9.63995,0.0
9.65066,171.44
9.66138,0.0
9.6721,171.42
9.68281,0.0
9.69353,171.5
9.70424,0.0
9.71496,171.36
9.72568,0.0
9.73639,171.02
9.74711,0.0
9.75782,171.14
9.76854,0.0
9.77925,171.53
9.78997,0.0
9.80069,171.6
9.8114,0.0
9.82212,171.22
9.83283,0.0
9.84355,171.02
9.85426,0.0
9.86498,171.16
9.8757,0.0
9.88641,171.48
9.89713,0.0
9.90784,171.56
9.91856,0.0
9.92928,171.5
9.93999,0.0
9.95071,171.42
9.96142,0.0
9.97214,171.52
9.98285,0.0
9.99357,171.5
10.00429,0.0
10.015,171.42
10.02572,0.0
10.03643,171.24
10.04715,0.0
10.05787,171.36
10.06858,0.0
10.0793,171.44
10.09001,0.0
10.10073,171.56
10.11144,0.0
10.12216,171.34
10.13288,0.0
10.14359,171.28
10.15431,0.0
10.16502,171.56
10.17574,0.0
10.18646,171.54
10.19717,0.0
10.20789,171.63
10.2186,0.0
10.22932,171.55
10.24003,0.0
10.25075,171.53
10.26147,0.0
10.27218,171.36
10.2829,0.0
10.29361,171.28
10.30433,0.0
10.31505,171.4
10.32576,0.0
10.33648,171.48
10.34719,0.0
10.35791,171.53
10.36862,0.0
10.37934,171.63
10.39006,0.0
10.40077,171.5
10.41149,0.0
10.4222,171.55
10.43292,0.0
10.44363,171.56
10.45435,0.0
10.46507,171.42
10.47578,0.0
10.4865,171.56
10.49721,0.0
10.50793,171.42
10.51865,0.0
10.52936,171.54
10.54008,0.0
10.55079,171.58
10.56151,0.0
10.57222,170.98
10.58294,0.0
10.59366,171.24
10.60437,0.0
10.61509,171.4
10.6258,0.0
10.63652,171.32
10.64724,0.0
10.65795,171.55
10.66867,0.0
10.67938,171.42
10.6901,0.0
10.70081,171.38
10.71153,0.0
10.72225,171.18
10.73296,0.0
10.74368,171.46
10.75439,0.0
10.76511,171.48
10.77583,0.0
10.78654,171.52
10.79726,0.0
10.80797,171.54
10.81869,0.0
10.8294,171.52
10.84012,0.0
10.85084,171.38
10.86155,0.0
10.87227,171.56
10.88298,0.0
10.8937,171.57
10.90441,0.0
10.91513,171.32
10.92585,0.0
10.93656,171.38
10.94728,0.0
10.95799,171.28
10.96871,0.0
10.97943,171.4
10.99014,0.0
11.00086,171.64
11.01157,0.0
11.02229,171.46
11.033,0.0
11.04372,171.48
11.05444,0.0
11.06515,171.38
11.07587,0.0
11.08658,171.62
11.0973,0.0
11.10802,171.74
11.11873,0.0
11.12945,171.57
11.14016,0.0
11.15088,171.55
11.16159,0.0
11.17231,171.55
11.18303,0.0
11.19374,171.42
11.20446,0.0
11.21517,171.46
11.22589,0.0
11.23661,171.46
11.24732,0.0
11.25804,171.28
11.26875,0.0
11.27947,171.38
11.29018,0.0
11.3009,171.5
11.31162,0.0
11.32233,171.32
11.33305,0.0
11.34376,171.2
11.35448,0.0
11.3652,171.53
11.37591,0.0
11.38663,171.46
11.39734,0.0
11.40806,171.54
11.41877,0.0
11.42949,171.53
11.44021,0.0
11.45092,171.46
11.46164,0.0
11.47235,171.55
11.48307,0.0
11.49378,171.46
11.5045,0.0
11.51522,171.34
11.52593,0.0
11.53665,171.55
11.54736,0.0
11.55808,171.55
11.5688,0.0
11.57951,171.2
11.59023,0.0
11.60094,171.53
11.61166,0.0
11.62237,171.46
11.63309,0.0
11.64381,171.4
11.65452,0.0
11.66524,171.12
11.67595,0.0
11.68667,171.28
11.69739,0.0
11.7081,171.42
11.71882,0.0
11.72953,171.26
11.74025,0.0
11.75096,171.3
11.76168,0.0
11.7724,171.28
11.78311,0.0
11.79383,171.44
11.80454,0.0
11.81526,171.48
11.82598,0.0
11.83669,171.22
11.84741,0.0
11.85812,171.52
11.86884,0.0
11.87955,171.69
11.89027,0.0
11.90099,171.56
11.9117,0.0
11.92242,171.5
11.93313,0.0
11.94385,171.46
11.95456,0.0
11.96528,171.52
11.976,0.0
11.98671,171.46
11.99743,0.0
12.00814,171.32
12.01886,0.0
12.02958,171.56
12.04029,0.0
12.05101,171.22
12.06172,0.0
12.07244,171.16
12.08315,0.0
12.09387,171.36
12.10459,0.0
12.1153,171.48
12.12602,0.0
12.13673,171.52
12.14745,0.0
12.15817,171.54
12.16888,0.0
12.1796,171.28
12.19031,0.0
12.20103,171.44
12.21174,0.0
12.22246,171.26
12.23318,0.0
12.24389,171.12
12.25461,0.0
12.26532,171.28
12.27604,0.0
12.28676,171.18
12.29747,0.0
12.30819,171.2
12.3189,0.0
12.32962,171.32
12.34033,0.0
12.35105,171.44
12.36177,0.0
12.37248,171.46
12.3832,0.0
12.39391,171.42
12.40463,0.0
12.41535,171.26
12.42606,0.0
12.43678,171.4
12.44749,0.0
12.45821,171.3
12.46892,0.0
12.47964,171.32
12.49036,0.0
12.50107,171.44
12.51179,0.0
12.5225,171.04
12.53322,0.0
12.54393,171.38
12.55465,0.0
12.56537,171.42
12.57608,0.0
12.5868,171.52
12.59751,0.0
12.60823,171.46
12.61895,0.0
12.62966,171.34
12.64038,0.0
12.65109,171.4
12.66181,0.0
12.67252,171.44
12.68324,0.0
12.69396,171.44
12.70467,0.0
12.71539,171.48
12.7261,0.0
12.73682,171.54
12.74754,0.0
12.75825,171.58
12.76897,0.0
12.77968,171.53
12.7904,0.0
12.80111,171.28
12.81183,0.0
12.82255,171.02
12.83326,0.0
12.84398,171.26
12.85469,0.0
12.86541,171.58
12.87613,0.0
12.88684,171.58
12.89756,0.0
12.90827,171.5
12.91899,0.0
12.9297,171.16
12.94042,0.0
12.95114,171.1
12.96185,0.0
12.97257,171.12
12.98328,0.0
12.994,171.04
13.00471,0.0
13.01543,171.26
13.02615,0.0
13.03686,171.36
13.04758,0.0
13.05829,171.57
13.06901,0.0
13.07973,171.5
13.09044,0.0
13.10116,171.5
13.11187,0.0
13.12259,171.48
13.1333,0.0
13.14402,171.54
13.15474,0.0
13.16545,171.57
13.17617,0.0
13.18688,171.38
13.1976,0.0
13.20832,171.3
13.21903,0.0
13.22975,171.53
13.24046,0.0
13.25118,171.57
13.26189,0.0
13.27261,171.52
13.28333,0.0
13.29404,171.32
13.30476,0.0
13.31547,171.4
13.32619,0.0
13.33691,171.44
13.34762,0.0
13.35834,171.4
13.36905,0.0
13.37977,171.42
13.39048,0.0
13.4012,171.32
13.41192,0.0
13.42263,170.98
13.43335,0.0
13.44406,171.53
13.45478,0.0
13.4655,171.3
13.47621,0.0
13.48693,171.24
13.49764,0.0
13.50836,171.28
13.51907,0.0
13.52979,171.28
13.54051,0.0
13.55122,171.34
13.56194,0.0
13.57265,171.34
13.58337,0.0
13.59408,171.24
13.6048,0.0
13.61552,171.38
13.62623,0.0
13.63695,171.48
13.64766,0.0
13.65838,171.59
13.6691,0.0
13.67981,171.6
13.69053,0.0
13.70124,171.55
13.71196,0.0
13.72267,171.46
13.73339,0.0
13.74411,171.16
13.75482,0.0
13.76554,170.88
13.77625,0.0
13.78697,171.18
13.79769,0.0
13.8084,171.22
13.81912,0.0
13.82983,171.2
13.84055,0.0
13.85126,171.38
13.86198,0.0
13.8727,171.4
13.88341,0.0
13.89413,171.48
13.90484,0.0
13.91556,171.26
13.92628,0.0
13.93699,171.4
13.94771,0.0
13.95842,171.48
13.96914,0.0
13.97985,171.46
13.99057,0.0
14.00129,171.5
14.012,0.0
14.02272,171.28
14.03343,0.0
14.04415,171.38
14.05486,0.0
14.06558,171.28
14.0763,0.0
14.08701,171.36
14.09773,0.0
14.10844,171.52
14.11916,0.0
14.12988,171.38
14.14059,0.0
14.15131,171.1
14.16202,0.0
14.17274,171.24
14.18345,0.0
14.19417,171.2
14.20489,0.0
14.2156,171.3
14.22632,0.0
14.23703,171.28
14.24775,0.0
14.25847,171.32
14.26918,0.0
14.2799,171.24
14.29061,0.0
14.30133,171.22
14.31204,0.0
14.32276,171.54
14.33348,0.0
14.34419,171.52
14.35491,0.0
14.36562,171.36
14.37634,0.0
14.38706,171.28
14.39777,0.0
14.40849,171.38
14.4192,0.0
14.42992,171.16
14.44063,0.0
14.45135,171.42
14.46207,0.0
14.47278,171.58
14.4835,0.0
14.49421,171.52
14.50493,0.0
14.51565,171.42
14.52636,0.0
14.53708,171.3
14.54779,0.0
14.55851,171.36
14.56922,0.0
14.57994,171.38
14.59066,0.0
14.60137,171.4
14.61209,0.0
14.6228,171.48
14.63352,0.0
14.64423,171.38
14.65495,0.0
14.66567,171.12
14.67638,0.0
14.6871,171.53
14.69781,0.0
14.70853,171.34
14.71925,0.0
14.72996,171.46
14.74068,0.0
14.75139,171.73
14.76211,0.0
14.77282,171.57
14.78354,0.0
14.79426,171.56
14.80497,0.0
14.81569,171.56
14.8264,0.0
14.83712,171.7
14.84784,0.0
14.85855,171.69
14.86927,0.0
14.87998,171.8
14.8907,0.0
14.90141,171.62
14.91213,0.0
14.92285,171.76
14.93356,0.0
14.94428,171.7
14.95499,0.0
14.96571,171.68
14.97643,0.0
14.98714,171.71
14.99786,0.0
15.00857,171.83
15.01929,0.0
15.03,172.06
15.04072,0.0
15.05144,171.94
15.06215,0.0
15.07287,171.83
15.08358,0.0
15.0943,171.96
15.10502,0.0
15.11573,171.86
15.12645,0.0
15.13716,171.92
15.14788,0.0
15.15859,172.1
15.16931,0.0
15.18003,171.99
15.19074,0.0
15.20146,172.1
15.21217,0.0
15.22289,171.92
15.2336,0.0
15.24432,171.89
15.25504,0.0
15.26575,171.95
15.27647,0.0
15.28718,172.06
15.2979,0.0
15.30862,172.0
15.31933,0.0
15.33005,171.9
15.34076,0.0
15.35148,171.79
15.36219,0.0
15.37291,171.66
15.38363,0.0
15.39434,171.64
15.40506,0.0
15.41577,171.78
15.42649,0.0
15.43721,171.74
15.44792,0.0
15.45864,171.64
15.46935,0.0
15.48007,171.52
15.49078,0.0
15.5015,171.53
15.51222,0.0
15.52293,171.54
15.53365,0.0
15.54436,171.48
15.55508,0.0
15.5658,171.36
15.57651,0.0
15.58723,171.55
15.59794,0.0
15.60866,171.53
15.61937,0.0
15.63009,171.32
15.64081,0.0
15.65152,171.56
15.66224,0.0
15.67295,171.32
15.68367,0.0
15.69438,171.06
15.7051,0.0
15.71582,171.44
15.72653,0.0
15.73725,171.28
15.74796,0.0
15.75868,171.28
15.7694,0.0
15.78011,171.48
15.79083,0.0
15.80154,171.4
15.81226,0.0
15.82297,171.16
15.83369,0.0
15.84441,171.16
15.85512,0.0
15.86584,171.4
15.87655,0.0
15.88727,171.52
15.89799,0.0
15.9087,171.53
15.91942,0.0
15.93013,171.5
15.94085,0.0
15.95156,171.5
15.96228,0.0
15.973,171.3
15.98371,0.0
15.99443,171.38
16.00514,0.0
16.01586,171.22
16.02658,0.0
16.03729,171.2
16.04801,0.0
16.05872,171.48
16.06944,0.0
16.08015,171.2
16.09087,0.0
16.10159,170.96
16.1123,0.0
16.12302,171.08
16.13373,0.0
16.14445,171.12
16.15517,0.0
16.16588,171.14
16.1766,0.0
16.18731,171.42
16.19803,0.0
16.20874,171.4
16.21946,0.0
16.23018,171.14
16.24089,0.0
16.25161,171.2
16.26232,0.0
16.27304,171.4
16.28375,0.0
16.29447,171.53
16.30519,0.0
16.3159,171.24
16.32662,0.0
16.33733,171.28
16.34805,0.0
16.35877,171.2
16.36948,0.0
16.3802,171.26
16.39091,0.0
16.40163,171.22
16.41234,0.0
16.42306,171.14
16.43378,0.0
16.44449,171.06
16.45521,0.0
16.46592,171.18
16.47664,0.0
16.48736,171.2
16.49807,0.0
16.50879,171.08
16.5195,0.0
16.53022,171.26
16.54093,0.0
16.55165,171.54
16.56237,0.0
16.57308,171.16
16.5838,0.0
16.59451,170.98
16.60523,0.0
16.61595,171.14
16.62666,0.0
16.63738,171.56
16.64809,0.0
16.65881,171.36
16.66952,0.0
16.68024,171.38
16.69096,0.0
16.70167,171.54
16.71239,0.0
16.7231,171.4
16.73382,0.0
16.74453,171.16
16.75525,0.0
16.76597,171.36
16.77668,0.0
16.7874,171.02
16.79811,0.0
16.80883,171.24
16.81955,0.0
16.83026,171.54
16.84098,0.0
16.85169,171.32
16.86241,0.0
16.87312,171.14
16.88384,0.0
16.89456,171.38
16.90527,0.0
16.91599,171.54
16.9267,0.0
16.93742,171.3
16.94814,0.0
16.95885,171.5
16.96957,0.0
16.98028,170.96
16.991,0.0
17.00171,171.0
17.01243,0.0
17.02315,171.12
17.03386,0.0
17.04458,171.22
17.05529,0.0
17.06601,171.34
17.07673,0.0
17.08744,171.22
17.09816,0.0
17.10887,170.94
17.11959,0.0
17.1303,171.14
17.14102,0.0
17.15174,171.48
17.16245,0.0
17.17317,171.38
17.18388,0.0
17.1946,171.44
17.20532,0.0
17.21603,171.16
17.22675,0.0
17.23746,171.42
17.24818,0.0
17.25889,171.14
17.26961,0.0
17.28033,171.24
17.29104,0.0
17.30176,171.42
17.31247,0.0
17.32319,171.3
17.3339,0.0
17.34462,171.18
17.35534,0.0
17.36605,171.22
17.37677,0.0
17.38748,171.24
17.3982,0.0
17.40892,171.08
17.41963,0.0
17.43035,171.28
17.44106,0.0
17.45178,170.9
17.46249,0.0
17.47321,170.98
17.48393,0.0
17.49464,171.26
17.50536,0.0
17.51607,171.3
17.52679,0.0
17.53751,171.08
17.54822,0.0
17.55894,171.38
17.56965,0.0
17.58037,171.38
17.59108,0.0
17.6018,171.32
17.61252,0.0
17.62323,171.1
17.63395,0.0
17.64466,171.12
17.65538,0.0
17.6661,170.94
17.67681,0.0
17.68753,171.18
17.69824,0.0
17.70896,171.24
17.71967,0.0
17.73039,171.08
17.74111,0.0
17.75182,170.98
17.76254,0.0
17.77325,171.08
17.78397,0.0
17.79468,171.28
17.8054,0.0
17.81612,171.1
17.82683,0.0
17.83755,171.08
17.84826,0.0
17.85898,171.06
17.8697,0.0
17.88041,170.92
17.89113,0.0
17.90184,171.44
17.91256,0.0
17.92327,171.28
17.93399,0.0
17.94471,171.44
17.95542,0.0
17.96614,171.18
17.97685,0.0
17.98757,171.46
17.99829,0.0
18.009,171.48
18.01972,0.0
18.03043,171.34
18.04115,0.0
18.05186,171.22
18.06258,0.0
18.0733,171.36
18.08401,0.0
18.09473,171.1
18.10544,0.0
18.11616,170.98
18.12688,0.0
18.13759,171.22
18.14831,0.0
18.15902,171.36
18.16974,0.0
18.18045,171.22
18.19117,0.0
18.20189,171.32
18.2126,0.0
18.22332,171.28
18.23403,0.0
18.24475,171.32
18.25547,0.0
18.26618,171.52
18.2769,0.0
18.28761,171.48
18.29833,0.0
18.30904,171.36
18.31976,0.0
18.33048,171.2
18.34119,0.0
18.35191,171.24
18.36262,0.0
18.37334,171.14
18.38405,0.0
18.39477,171.14
18.40549,0.0
18.4162,171.42
18.42692,0.0
18.43763,171.55
18.44835,0.0
18.45907,171.5
18.46978,0.0
18.4805,171.46
18.49121,0.0
18.50193,171.16
18.51264,0.0
18.52336,171.44
18.53408,0.0
18.54479,171.42
18.55551,0.0
18.56622,171.32
18.57694,0.0
18.58766,171.32
18.59837,0.0
18.60909,171.32
18.6198,0.0
18.63052,171.26
18.64123,0.0
18.65195,171.48
18.66267,0.0
18.67338,171.53
18.6841,0.0
18.69481,171.38
18.70553,0.0
18.71625,171.46
18.72696,0.0
18.73768,171.53
18.74839,0.0
18.75911,171.02
18.76982,0.0
18.78054,171.14
18.79126,0.0
18.80197,171.06
18.81269,0.0
18.8234,171.22
18.83412,0.0
18.84483,171.14
18.85555,0.0
18.86627,171.3
18.87698,0.0
18.8877,171.34
18.89841,0.0
18.90913,170.88
18.91985,0.0
18.93056,171.3
18.94128,0.0
18.95199,171.1
18.96271,0.0
18.97342,171.4
18.98414,0.0
18.99486,171.4
19.00557,0.0
19.01629,171.18
19.027,0.0
19.03772,171.0
19.04844,0.0
19.05915,171.04
19.06987,0.0
19.08058,171.18
19.0913,0.0
19.10201,171.24
19.11273,0.0
19.12345,171.02
19.13416,0.0
19.14488,171.14
19.15559,0.0
19.16631,171.16
19.17703,0.0
19.18774,170.9
19.19846,0.0
19.20917,171.18
19.21989,0.0
19.2306,171.38
19.24132,0.0
19.25204,171.24
19.26275,0.0
19.27347,171.46
19.28418,0.0
19.2949,171.56
19.30562,0.0
19.31633,171.48
19.32705,0.0
19.33776,171.32
19.34848,0.0
19.35919,171.18
19.36991,0.0
19.38063,171.26
19.39134,0.0
19.40206,171.26
19.41277,0.0
19.42349,171.24
19.4342,0.0
19.44492,171.52
19.45564,0.0
19.46635,171.4
19.47707,0.0
19.48778,171.2
19.4985,0.0
19.50922,171.32
19.51993,0.0
19.53065,171.3
19.54136,0.0
19.55208,171.08
19.56279,0.0
19.57351,170.96
19.58423,0.0
19.59494,171.0
19.60566,0.0
19.61637,171.12
19.62709,0.0
19.63781,171.0
19.64852,0.0
19.65924,171.2
19.66995,0.0
19.68067,171.52
19.69138,0.0
19.7021,171.14
19.71282,0.0
19.72353,170.94
19.73425,0.0
19.74496,171.4
19.75568,0.0
19.7664,171.3
19.77711,0.0
19.78783,171.18
19.79854,0.0
19.80926,171.26
19.81997,0.0
19.83069,171.2
19.84141,0.0
19.85212,171.24
19.86284,0.0
19.87355,171.28
19.88427,0.0
19.89498,171.08
19.9057,0.0
19.91642,171.34
19.92713,0.0
19.93785,171.34
19.94856,0.0
19.95928,171.46
19.97,0.0
19.98071,171.08
19.99143,0.0
20.00214,171.12
20.01286,0.0
20.02357,171.44
20.03429,0.0
20.04501,171.26
20.05572,0.0
20.06644,171.0
20.07715,0.0
20.08787,171.02
20.09859,0.0
20.1093,171.3
20.12002,0.0
20.13073,171.06
20.14145,0.0
20.15216,171.2
20.16288,0.0
20.1736,171.22
20.18431,0.0
20.19503,171.16
20.20574,0.0
20.21646,171.18
20.22718,0.0
20.23789,171.24
20.24861,0.0
20.25932,171.02
20.27004,0.0
20.28075,171.14
20.29147,0.0
20.30219,171.26
20.3129,0.0
20.32362,171.0
20.33433,0.0
20.34505,171.18
20.35577,0.0
20.36648,171.22
20.3772,0.0
20.38791,171.24
20.39863,0.0
20.40934,171.1
20.42006,0.0
20.43078,170.82
20.44149,0.0
20.45221,170.9
20.46292,0.0
20.47364,171.14
20.48435,0.0
20.49507,171.02
20.50579,0.0
20.5165,170.86
20.52722,0.0
20.53793,171.06
20.54865,0.0
20.55937,171.24
20.57008,0.0
20.5808,171.3
20.59151,0.0
20.60223,171.1
20.61294,0.0
20.62366,171.16
20.63438,0.0
20.64509,171.12
20.65581,0.0
20.66652,171.16
20.67724,0.0
20.68796,171.24
20.69867,0.0
20.70939,171.18
20.7201,0.0
20.73082,171.1
20.74153,0.0
20.75225,171.28
20.76297,0.0
20.77368,171.12
20.7844,0.0
20.79511,170.96
20.80583,0.0
20.81655,171.08
20.82726,0.0
20.83798,171.28
20.84869,0.0
20.85941,171.4
20.87012,0.0
20.88084,171.48
20.89156,0.0
20.90227,171.18
20.91299,0.0
20.9237,171.24
20.93442,0.0
20.94514,171.46
20.95585,0.0
20.96657,171.38
20.97728,0.0
20.988,171.36
20.99871,0.0
21.00943,170.98
21.02015,0.0
21.03086,170.94
21.04158,0.0
21.05229,170.92
21.06301,0.0
21.07372,171.08
21.08444,0.0
21.09516,171.06
21.10587,0.0
21.11659,171.24
21.1273,0.0
21.13802,171.24
21.14874,0.0
21.15945,171.18
21.17017,0.0
21.18088,171.3
21.1916,0.0
21.20231,171.42
21.21303,0.0
21.22375,171.16
21.23446,0.0
21.24518,171.3
21.25589,0.0
21.26661,171.14
21.27733,0.0
21.28804,171.08
21.29876,0.0
21.30947,171.26
21.32019,0.0
21.3309,171.12
21.34162,0.0
21.35234,171.28
21.36305,0.0
21.37377,171.55
21.38448,0.0
21.3952,171.4
21.40592,0.0
21.41663,171.5
21.42735,0.0
21.43806,171.4
21.44878,0.0
21.45949,171.44
21.47021,0.0
21.48093,171.34
21.49164,0.0
21.50236,171.46
21.51307,0.0
21.52379,171.58
21.5345,0.0
21.54522,171.4
21.55594,0.0
21.56665,171.16
21.57737,0.0
21.58808,171.26
21.5988,0.0
21.60952,171.44
21.62023,0.0
21.63095,171.48
21.64166,0.0
21.65238,171.28
21.66309,0.0
21.67381,171.46
21.68453,0.0
21.69524,171.26
21.70596,0.0
21.71667,171.53
21.72739,0.0
21.73811,171.69
21.74882,0.0
21.75954,171.6
21.77025,0.0
21.78097,171.46
21.79168,0.0
21.8024,171.55
21.81312,0.0
21.82383,171.38
21.83455,0.0
21.84526,171.12
21.85598,0.0
21.8667,171.1
21.87741,0.0
21.88813,171.24
21.89884,0.0
21.90956,171.24
21.92027,0.0
21.93099,170.96
21.94171,0.0
21.95242,171.1
21.96314,0.0
21.97385,171.1
21.98457,0.0
21.99529,171.32
22.006,0.0
22.01672,171.38
22.02743,0.0
22.03815,171.14
22.04886,0.0
22.05958,171.18
22.0703,0.0
22.08101,171.02
22.09173,0.0
22.10244,170.92
22.11316,0.0
22.12387,171.04
22.13459,0.0
22.14531,171.2
22.15602,0.0
22.16674,171.08
22.17745,0.0
22.18817,171.14
22.19889,0.0
22.2096,171.2
22.22032,0.0
22.23103,171.1
22.24175,0.0
22.25246,171.32
22.26318,0.0
22.2739,171.38
22.28461,0.0
22.29533,171.14
22.30604,0.0
22.31676,170.9
22.32748,0.0
22.33819,171.18
22.34891,0.0
22.35962,171.14
22.37034,0.0
22.38105,171.18
22.39177,0.0
22.40249,171.12
22.4132,0.0
22.42392,170.88
22.43463,0.0
22.44535,171.18
22.45607,0.0
22.46678,171.28
22.4775,0.0
22.48821,171.5
22.49893,0.0
22.50964,171.2
22.52036,0.0
22.53108,170.9
22.54179,0.0
22.55251,170.82
22.56322,0.0
22.57394,171.28
22.58465,0.0
22.59537,171.2
22.60609,0.0
22.6168,171.12
22.62752,0.0
22.63823,171.26
22.64895,0.0
22.65967,171.26
22.67038,0.0
22.6811,171.38
22.69181,0.0
22.70253,171.4
22.71324,0.0
22.72396,171.36
22.73468,0.0
22.74539,171.12
22.75611,0.0
22.76682,171.08
22.77754,0.0
22.78826,171.18
22.79897,0.0
22.80969,171.28
22.8204,0.0
22.83112,171.08
22.84183,0.0
22.85255,171.02
22.86327,0.0
22.87398,171.2
22.8847,0.0
22.89541,171.14
22.90613,0.0
22.91685,171.38
22.92756,0.0
22.93828,171.24
22.94899,0.0
22.95971,171.18
22.97042,0.0
22.98114,170.94
22.99186,0.0
23.00257,171.18
23.01329,0.0
23.024,170.88
23.03472,0.0
23.04544,171.14
23.05615,0.0
23.06687,171.28
23.07758,0.0
23.0883,171.12
23.09901,0.0
23.10973,171.16
23.12045,0.0
23.13116,171.5
23.14188,0.0
23.15259,171.53
23.16331,0.0
23.17402,171.16
23.18474,0.0
23.19546,171.28
23.20617,0.0
23.21689,171.3
23.2276,0.0
23.23832,171.16
23.24904,0.0
23.25975,171.26
23.27047,0.0
23.28118,171.1
23.2919,0.0
23.30261,171.28
23.31333,0.0
23.32405,171.16
23.33476,0.0
23.34548,171.18
23.35619,0.0
23.36691,171.04
23.37763,0.0
23.38834,171.06
23.39906,0.0
23.40977,171.32
23.42049,0.0
23.4312,171.26
23.44192,0.0
23.45264,171.44
23.46335,0.0
23.47407,171.14
23.48478,0.0
23.4955,171.1
23.50622,0.0
23.51693,171.04
23.52765,0.0
23.53836,170.96
23.54908,0.0
23.55979,171.04
23.57051,0.0
23.58123,171.2
23.59194,0.0
23.60266,171.5
23.61337,0.0
23.62409,171.52
23.6348,0.0
23.64552,171.3
23.65624,0.0
23.66695,171.32
23.67767,0.0
23.68838,171.26
23.6991,0.0
23.70982,171.2
23.72053,0.0
23.73125,171.2
23.74196,0.0
23.75268,171.58
23.76339,0.0
23.77411,171.59
23.78483,0.0
23.79554,171.32
23.80626,0.0
23.81697,171.22
23.82769,0.0
23.83841,171.22
23.84912,0.0
23.85984,171.04
23.87055,0.0
23.88127,171.06
23.89198,0.0
23.9027,171.22
23.91342,0.0
23.92413,171.04
23.93485,0.0
23.94556,171.06
23.95628,0.0
23.967,171.08
23.97771,0.0
23.98843,171.2
23.99914,0.0
24.00986,171.1
24.02057,0.0
24.03129,171.26
24.04201,0.0
24.05272,171.06
24.06344,0.0
24.07415,170.9
24.08487,0.0
24.09559,171.0
24.1063,0.0
24.11702,171.16
24.12773,0.0
24.13845,171.2
24.14916,0.0
24.15988,171.28
24.1706,0.0
24.18131,171.4
24.19203,0.0
24.20274,171.38
24.21346,0.0
24.22417,171.5
24.23489,0.0
24.24561,171.3
24.25632,0.0
24.26704,171.34
24.27775,0.0
24.28847,171.42
24.29919,0.0
24.3099,171.32
24.32062,0.0
24.33133,171.26
24.34205,0.0
24.35276,171.1
24.36348,0.0
24.3742,171.16
24.38491,0.0
24.39563,171.04
24.40634,0.0
24.41706,171.3
24.42778,0.0
24.43849,171.32
24.44921,0.0
24.45992,171.24
24.47064,0.0
24.48135,171.38
24.49207,0.0
24.50279,171.24
24.5135,0.0
24.52422,171.08
24.53493,0.0
24.54565,171.08
24.55637,0.0
24.56708,171.28
24.5778,0.0
24.58851,171.12
24.59923,0.0
24.60994,171.2
24.62066,0.0
24.63138,171.08
24.64209,0.0
24.65281,170.9
24.66352,0.0
24.67424,170.94
24.68495,0.0
24.69567,171.18
24.70639,0.0
24.7171,171.08
24.72782,0.0
24.73853,171.2
24.74925,0.0
24.75997,171.06
24.77068,0.0
24.7814,171.08
24.79211,0.0
24.80283,170.94
24.81354,0.0
24.82426,170.94
24.83498,0.0
24.84569,171.2
24.85641,0.0
24.86712,171.28
24.87784,0.0
24.88856,171.28
24.89927,0.0
24.90999,171.38
24.9207,0.0
24.93142,170.92
24.94213,0.0
24.95285,170.96
24.96357,0.0
24.97428,171.16
24.985,0.0
24.99571,171.24
25.00643,0.0
25.01715,171.22
25.02786,0.0
25.03858,171.24
25.04929,0.0
25.06001,171.53
25.07072,0.0
25.08144,171.28
25.09216,0.0
25.10287,170.98
25.11359,0.0
25.1243,170.94
25.13502,0.0
25.14574,170.66
25.15645,0.0
25.16717,171.0
25.17788,0.0
25.1886,171.24
25.19931,0.0
25.21003,170.98
25.22075,0.0
25.23146,171.06
25.24218,0.0
25.25289,171.16
25.26361,0.0
25.27432,171.14
25.28504,0.0
25.29576,170.96
25.30647,0.0
25.31719,171.02
25.3279,0.0
25.33862,171.14
25.34934,0.0
25.36005,171.16
25.37077,0.0
25.38148,171.16
25.3922,0.0
25.40291,171.16
25.41363,0.0
25.42435,170.92
25.43506,0.0
25.44578,171.0
25.45649,0.0
25.46721,171.22
25.47793,0.0
25.48864,171.1
25.49936,0.0
25.51007,171.0
25.52079,0.0
25.5315,170.98
25.54222,0.0
25.55294,171.2
25.56365,0.0
25.57437,170.96
25.58508,0.0
25.5958,171.12
25.60652,0.0
25.61723,171.1
25.62795,0.0
25.63866,171.3
25.64938,0.0
25.66009,171.42
25.67081,0.0
25.68153,170.8
25.69224,0.0
25.70296,171.04
25.71367,0.0
25.72439,171.2
25.73511,0.0
25.74582,171.0
25.75654,0.0
25.76725,170.96
25.77797,0.0
25.78868,171.14
25.7994,0.0
25.81012,171.2
25.82083,0.0
25.83155,171.32
25.84226,0.0
25.85298,171.1
25.86369,0.0
25.87441,171.2
25.88513,0.0
25.89584,171.34
25.90656,0.0
25.91727,171.18
25.92799,0.0
25.93871,171.0
25.94942,0.0
25.96014,171.16
25.97085,0.0
25.98157,171.08
25.99228,0.0
26.003,171.08
26.01372,0.0
26.02443,171.02
26.03515,0.0
26.04586,171.12
26.05658,0.0
26.0673,171.14
26.07801,0.0
26.08873,171.14
26.09944,0.0
26.11016,171.12
26.12087,0.0
26.13159,171.34
26.14231,0.0
26.15302,170.94
26.16374,0.0
26.17445,171.4
26.18517,0.0
26.19589,171.3
26.2066,0.0
26.21732,171.12
26.22803,0.0
26.23875,170.92
26.24946,0.0
26.26018,170.98
26.2709,0.0
26.28161,171.16
26.29233,0.0
26.30304,171.04
26.31376,0.0
26.32447,171.04
26.33519,0.0
26.34591,171.0
26.35662,0.0
26.36734,171.08
26.37805,0.0
26.38877,171.24
26.39949,0.0
26.4102,171.26
26.42092,0.0
26.43163,171.02
26.44235,0.0
26.45306,171.06
26.46378,0.0
26.4745,171.26
26.48521,0.0
26.49593,171.12
26.50664,0.0
26.51736,171.06
26.52808,0.0
26.53879,170.94
26.54951,0.0
26.56022,171.02
26.57094,0.0
26.58165,171.18
26.59237,0.0
26.60309,171.18
26.6138,0.0
26.62452,170.98
26.63523,0.0
26.64595,171.18
26.65667,0.0
26.66738,171.28
26.6781,0.0
26.68881,171.26
26.69953,0.0
26.71024,171.06
26.72096,0.0
26.73168,171.16
26.74239,0.0
26.75311,171.18
26.76382,0.0
26.77454,171.0
26.78526,0.0
26.79597,171.2
26.80669,0.0
26.8174,171.18
26.82812,0.0
26.83883,171.08
26.84955,0.0
26.86027,171.26
26.87098,0.0
26.8817,171.38
26.89241,0.0
26.90313,171.08
26.91384,0.0
26.92456,171.1
26.93528,0.0
26.94599,171.1
26.95671,0.0
26.96742,171.26
26.97814,0.0
26.98886,171.04
26.99957,0.0
27.01029,171.2
27.021,0.0
27.03172,170.98
27.04243,0.0
27.05315,171.12
27.06387,0.0
27.07458,171.18
27.0853,0.0
27.09601,171.02
27.10673,0.0
27.11745,171.0
27.12816,0.0
27.13888,171.26
27.14959,0.0
27.16031,171.12
27.17102,0.0
27.18174,171.06
27.19246,0.0
27.20317,170.62
27.21389,0.0
27.2246,170.92
27.23532,0.0
27.24604,171.12
27.25675,0.0
27.26747,171.08
27.27818,0.0
27.2889,171.14
27.29961,0.0
27.31033,171.14
27.32105,0.0
27.33176,171.0
27.34248,0.0
27.35319,171.18
27.36391,0.0
27.37462,171.18
27.38534,0.0
27.39606,171.12
27.40677,0.0
27.41749,171.14
27.4282,0.0
27.43892,170.88
27.44964,0.0
27.46035,171.22
27.47107,0.0
27.48178,170.66
27.4925,0.0
27.50321,170.84
27.51393,0.0
27.52465,171.08
27.53536,0.0
27.54608,171.04
27.55679,0.0
27.56751,171.12
27.57823,0.0
27.58894,171.02
27.59966,0.0
27.61037,170.96
27.62109,0.0
27.6318,171.02
27.64252,0.0
27.65324,171.14
27.66395,0.0
27.67467,171.1
27.68538,0.0
27.6961,171.02
27.70682,0.0
27.71753,171.08
27.72825,0.0
27.73896,171.18
27.74968,0.0
27.76039,171.22
27.77111,0.0
27.78183,170.96
27.79254,0.0
27.80326,171.18
27.81397,0.0
27.82469,171.14
27.83541,0.0
27.84612,171.0
27.85684,0.0
27.86755,170.88
27.87827,0.0
27.88898,171.2
27.8997,0.0
27.91042,171.3
27.92113,0.0
27.93185,171.08
27.94256,0.0
27.95328,171.14
27.96399,0.0
27.97471,171.1
27.98543,0.0
27.99614,171.26
28.00686,0.0
28.01757,171.4
28.02829,0.0
28.03901,171.32
28.04972,0.0
28.06044,171.55
28.07115,0.0
28.08187,171.65
28.09258,0.0
28.1033,171.72
28.11402,0.0
28.12473,171.71
28.13545,0.0
28.14616,171.78
28.15688,0.0
28.1676,172.01
28.17831,0.0
28.18903,172.24
28.19974,0.0
28.21046,172.53
28.22117,0.0
28.23189,172.5
28.24261,0.0
28.25332,172.84
28.26404,0.0
28.27475,172.9
28.28547,0.0
28.29619,172.76
28.3069,0.0
28.31762,172.66
28.32833,0.0
28.33905,172.69
28.34976,0.0
28.36048,172.48
28.3712,0.0
28.38191,172.57
28.39263,0.0
28.40334,172.37
28.41406,0.0
28.42477,172.26
28.43549,0.0
28.44621,172.02
28.45692,0.0
28.46764,171.9
28.47835,0.0
28.48907,171.81
28.49979,0.0
28.5105,171.57
28.52122,0.0
28.53193,171.54
28.54265,0.0
28.55336,171.55
28.56408,0.0
28.5748,171.22
28.58551,0.0
28.59623,170.9
28.60694,0.0
28.61766,171.02
28.62838,0.0
28.63909,171.04
28.64981,0.0
28.66052,170.96
28.67124,0.0
28.68195,170.94
28.69267,0.0
28.70339,171.16
28.7141,0.0
28.72482,170.74
28.73553,0.0
28.74625,170.92
28.75697,0.0
28.76768,171.18
28.7784,0.0
28.78911,171.02
28.79983,0.0
28.81054,171.14
28.82126,0.0
28.83198,170.98
28.84269,0.0
28.85341,171.36
28.86412,0.0
28.87484,171.1
28.88556,0.0
28.89627,170.96
28.90699,0.0
28.9177,171.24
28.92842,0.0
28.93913,171.02
28.94985,0.0
28.96057,170.76
28.97128,0.0
28.982,170.94
28.99271,0.0
29.00343,170.98
29.01414,0.0
29.02486,170.82
29.03558,0.0
29.04629,171.08
29.05701,0.0
29.06772,171.42
29.07844,0.0
29.08916,171.3
29.09987,0.0
29.11059,171.24
29.1213,0.0
29.13202,170.98
29.14273,0.0
29.15345,171.04
29.16417,0.0
29.17488,170.98
29.1856,0.0
29.19631,170.92
29.20703,0.0
29.21775,171.36
29.22846,0.0
29.23918,171.04
29.24989,0.0
29.26061,170.86
29.27132,0.0
29.28204,171.16
29.29276,0.0
29.30347,171.06
29.31419,0.0
29.3249,171.04
29.33562,0.0
29.34634,171.08
29.35705,0.0
29.36777,171.1
29.37848,0.0
29.3892,171.04
29.39991,0.0
29.41063,171.12
29.42135,0.0
29.43206,171.08
29.44278,0.0
29.45349,171.32
29.46421,0.0
29.47492,171.38
29.48564,0.0
29.49636,171.12
29.50707,0.0
29.51779,171.14
29.5285,0.0
29.53922,171.28
29.54994,0.0
29.56065,170.96
29.57137,0.0
29.58208,170.94
29.5928,0.0
29.60351,170.98
29.61423,0.0
29.62495,170.9
29.63566,0.0
29.64638,171.16
29.65709,0.0
29.66781,171.22
29.67853,0.0
29.68924,171.1
29.69996,0.0
29.71067,171.18
29.72139,0.0
29.7321,171.2
29.74282,0.0
29.75354,171.32
29.76425,0.0
29.77497,171.14
29.78568,0.0
29.7964,171.34
29.80712,0.0
29.81783,171.16
29.82855,0.0
29.83926,171.04
29.84998,0.0
29.86069,171.06
29.87141,0.0
29.88213,171.22
29.89284,0.0
29.90356,171.18
29.91427,0.0
29.92499,170.98
29.93571,0.0
29.94642,171.08
29.95714,0.0
29.96785,171.02
29.97857,0.0
29.98928,170.82
30.0,0.0
30.01072,170.72
30.02143,0.0
30.03215,171.0
30.04286,0.0
30.05358,171.06
30.06429,0.0
30.07501,170.9
30.08573,0.0
30.09644,170.84
30.10716,0.0
30.11787,171.0
30.12859,0.0
30.13931,171.08
30.15002,0.0
30.16074,170.88
30.17145,0.0
30.18217,170.9
30.19288,0.0
30.2036,171.18
30.21432,0.0
30.22503,170.92
30.23575,0.0
30.24646,170.88
30.25718,0.0
30.2679,170.76
30.27861,0.0
30.28933,170.96
30.30004,0.0
30.31076,170.8
30.32147,0.0
30.33219,171.14
30.34291,0.0
30.35362,171.06
30.36434,0.0
30.37505,171.18
30.38577,0.0
30.39649,171.06
30.4072,0.0
30.41792,171.1
30.42863,0.0
30.43935,171.14
30.45006,0.0
30.46078,170.96
30.4715,0.0
30.48221,170.92
30.49293,0.0
30.50364,170.92
30.51436,0.0
30.52508,170.98
30.53579,0.0
30.54651,171.14
30.55722,0.0
30.56794,171.08
30.57865,0.0
30.58937,171.12
30.60009,0.0
30.6108,170.84
30.62152,0.0
30.63223,170.7
30.64295,0.0
30.65366,171.02
30.66438,0.0
30.6751,170.78
30.68581,0.0
30.69653,171.02
30.70724,0.0
30.71796,170.92
30.72868,0.0
30.73939,171.0
30.75011,0.0
30.76082,171.2
30.77154,0.0
30.78225,171.32
30.79297,0.0
30.80369,171.24
30.8144,0.0
30.82512,171.06
30.83583,0.0
30.84655,171.26
30.85727,0.0
30.86798,171.34
30.8787,0.0
30.88941,171.1
30.90013,0.0
30.91084,170.98
30.92156,0.0
30.93228,170.9
30.94299,0.0
30.95371,171.16
30.96442,0.0
30.97514,171.26
30.98586,0.0
30.99657,171.2
31.00729,0.0
31.018,171.24
31.02872,0.0
31.03943,171.16
31.05015,0.0
31.06087,170.88
31.07158,0.0
31.0823,170.8
31.09301,0.0
31.10373,171.08
31.11444,0.0
31.12516,171.1
31.13588,0.0
31.14659,170.82
31.15731,0.0
31.16802,170.88
31.17874,0.0
31.18946,171.12
31.20017,0.0
31.21089,171.12
31.2216,0.0
31.23232,171.22
31.24303,0.0
31.25375,171.16
31.26447,0.0
31.27518,171.1
31.2859,0.0
31.29661,171.14
31.30733,0.0
31.31805,171.12
31.32876,0.0
31.33948,171.24
31.35019,0.0
31.36091,171.0
31.37162,0.0
31.38234,171.28
31.39306,0.0
31.40377,171.36
31.41449,0.0
31.4252,171.2
31.43592,0.0
31.44664,171.04
31.45735,0.0
31.46807,171.02
31.47878,0.0
31.4895,171.46
31.50021,0.0
31.51093,171.24
31.52165,0.0
31.53236,170.96
31.54308,0.0
31.55379,171.38
31.56451,0.0
31.57523,171.08
31.58594,0.0
31.59666,171.36
31.60737,0.0
31.61809,171.1
31.6288,0.0
31.63952,170.94
31.65024,0.0
31.66095,170.86
31.67167,0.0
31.68238,170.94
31.6931,0.0
31.70381,170.94
31.71453,0.0
31.72525,170.78
31.73596,0.0
31.74668,170.98
31.75739,0.0
31.76811,171.08
31.77883,0.0
31.78954,170.88
31.80026,0.0
31.81097,170.94
31.82169,0.0
31.8324,171.16
31.84312,0.0
31.85384,170.98
31.86455,0.0
31.87527,170.9
31.88598,0.0
31.8967,170.86
31.90742,0.0
31.91813,171.04
31.92885,0.0
31.93956,170.84
31.95028,0.0
31.96099,170.96
31.97171,0.0
31.98243,170.8
31.99314,0.0
32.00386,170.92
32.01457,0.0
32.02529,170.78
32.03601,0.0
32.04672,170.76
32.05744,0.0
32.06815,171.08
32.07887,0.0
32.08958,170.98
32.1003,0.0
32.11102,170.82
32.12173,0.0
32.13245,171.1
32.14316,0.0
32.15388,171.2
32.16459,0.0
32.17531,171.14
32.18603,0.0
32.19674,170.9
32.20746,0.0
32.21817,171.2
32.22889,0.0
32.23961,171.28
32.25032,0.0
32.26104,170.9
32.27175,0.0
32.28247,171.04
32.29318,0.0
32.3039,171.1
32.31462,0.0
32.32533,170.96
32.33605,0.0
32.34676,170.86
32.35748,0.0
32.3682,170.92
32.37891,0.0
32.38963,171.3
32.40034,0.0
32.41106,171.48
32.42177,0.0
32.43249,171.24
32.44321,0.0
32.45392,171.24
32.46464,0.0
32.47535,171.1
32.48607,0.0
32.49679,171.16
32.5075,0.0
32.51822,171.26
32.52893,0.0
32.53965,171.26
32.55036,0.0
32.56108,171.5
32.5718,0.0
32.58251,171.44
32.59323,0.0
32.60394,171.73
32.61466,0.0
32.62538,171.82
32.63609,0.0
32.64681,171.98
32.65752,0.0
32.66824,172.0
32.67895,0.0
32.68967,172.12
32.70039,0.0
32.7111,172.3
32.72182,0.0
32.73253,172.33
32.74325,0.0
32.75396,172.11
32.76468,0.0
32.7754,171.88
32.78611,0.0
32.79683,171.82
32.80754,0.0
32.81826,171.96
32.82898,0.0
32.83969,171.93
32.85041,0.0
32.86112,171.87
32.87184,0.0
32.88255,171.66
32.89327,0.0
32.90399,171.88
32.9147,0.0
32.92542,171.71
32.93613,0.0
32.94685,171.62
32.95757,0.0
32.96828,171.38
32.979,0.0
32.98971,171.3
33.00043,0.0
33.01114,171.14
33.02186,0.0
33.03258,171.55
33.04329,0.0
33.05401,171.22
33.06472,0.0
33.07544,170.92
33.08616,0.0
33.09687,170.92
33.10759,0.0
33.1183,171.06
33.12902,0.0
33.13973,171.26
33.15045,0.0
33.16117,171.02
33.17188,0.0
33.1826,171.04
33.19331,0.0
33.20403,171.24
33.21474,0.0
33.22546,171.22
33.23618,0.0
33.24689,171.16
33.25761,0.0
33.26832,170.98
33.27904,0.0
33.28976,171.22
33.30047,0.0
33.31119,171.3
33.3219,0.0
33.33262,170.96
33.34333,0.0
33.35405,171.02
33.36477,0.0
33.37548,171.2
33.3862,0.0
33.39691,171.28
33.40763,0.0
33.41835,170.88
33.42906,0.0
33.43978,170.98
33.45049,0.0
33.46121,171.12
33.47192,0.0
33.48264,171.08
33.49336,0.0
33.50407,171.14
33.51479,0.0
33.5255,171.18
33.53622,0.0
33.54694,171.1
33.55765,0.0
33.56837,171.14
33.57908,0.0
33.5898,171.06
33.60051,0.0
33.61123,170.82
33.62195,0.0
33.63266,170.74
33.64338,0.0
33.65409,171.14
33.66481,0.0
33.67553,171.14
33.68624,0.0
33.69696,171.16
33.70767,0.0
33.71839,171.06
33.7291,0.0
33.73982,170.86
33.75054,0.0
33.76125,171.34
33.77197,0.0
33.78268,171.22
33.7934,0.0
33.80411,170.9
33.81483,0.0
33.82555,170.98
33.83626,0.0
33.84698,170.74
33.85769,0.0
33.86841,171.08
33.87913,0.0
33.88984,171.28
33.90056,0.0
33.91127,171.3
33.92199,0.0
33.9327,171.34
33.94342,0.0
33.95414,171.18
33.96485,0.0
33.97557,170.92
33.98628,0.0
33.997,170.98
34.00772,0.0
34.01843,170.8
34.02915,0.0
34.03986,170.94
34.05058,0.0
34.06129,171.16
34.07201,0.0
34.08273,171.06
34.09344,0.0
34.10416,171.04
34.11487,0.0
34.12559,171.36
34.13631,0.0
34.14702,171.06
34.15774,0.0
34.16845,171.12
34.17917,0.0
34.18988,171.26
34.2006,0.0
34.21132,171.08
34.22203,0.0
34.23275,171.02
34.24346,0.0
34.25418,170.96
34.26489,0.0
34.27561,171.18
34.28633,0.0
34.29704,171.1
34.30776,0.0
34.31847,170.9
34.32919,0.0
34.33991,171.22
34.35062,0.0
34.36134,171.14
34.37205,0.0
34.38277,171.14
34.39348,0.0
34.4042,171.42
34.41492,0.0
34.42563,171.4
34.43635,0.0
34.44706,170.9
34.45778,0.0
34.4685,170.9
34.47921,0.0
34.48993,171.06
34.50064,0.0
34.51136,171.42
34.52207,0.0
34.53279,171.28
34.54351,0.0
34.55422,171.06
34.56494,0.0
34.57565,171.08
34.58637,0.0
34.59709,171.0
34.6078,0.0
34.61852,171.16
34.62923,0.0
34.63995,171.16
34.65066,0.0
34.66138,171.18
34.6721,0.0
34.68281,171.3
34.69353,0.0
34.70424,171.06
34.71496,0.0
34.72568,171.2
34.73639,0.0
34.74711,170.88
34.75782,0.0
34.76854,170.88
34.77925,0.0
34.78997,171.1
34.80069,0.0
34.8114,171.56
34.82212,0.0
34.83283,171.26
34.84355,0.0
34.85426,171.53
34.86498,0.0
34.8757,171.55
34.88641,0.0
34.89713,171.28
34.90784,0.0
34.91856,171.18
34.92928,0.0
34.93999,171.62
34.95071,0.0
34.96142,171.7
34.97214,0.0
34.98285,171.56
34.99357,0.0
35.00429,171.46
35.015,0.0
35.02572,171.65
35.03643,0.0
35.04715,171.8
35.05787,0.0
35.06858,171.89
35.0793,0.0
35.09001,171.98
35.10073,0.0
35.11144,171.79
35.12216,0.0
35.13288,171.94
35.14359,0.0
35.15431,172.29
35.16502,0.0
35.17574,172.51
35.18646,0.0
35.19717,172.68
35.20789,327.68
35.2186,172.84
35.22932,0.0
35.24003,173.14
35.25075,327.68
35.26147,173.31
35.27218,0.0
35.2829,173.5
35.29361,327.68
35.30433,173.67
35.31505,0.0
35.32576,174.01
35.33648,0.0
35.34719,174.17
35.35791,327.68
35.36862,174.15
35.37934,0.0
35.39006,174.18
35.40077,327.68
35.41149,174.17
35.4222,327.68
35.43292,174.13
35.44363,327.68
35.45435,174.06
35.46507,0.0
35.47578,173.89
35.4865,0.0
35.49721,173.78
35.50793,0.0
35.51865,173.5
35.52936,0.0
35.54008,173.44
35.55079,327.68
35.56151,173.09
35.57222,327.68
35.58294,172.99
35.59366,327.68
35.60437,172.83
35.61509,0.0
35.6258,172.44
35.63652,0.0
35.64724,172.35
35.65795,0.0
35.66867,172.2
35.67938,0.0
35.6901,172.12
35.70081,0.0
35.71153,172.07
35.72225,0.0
35.73296,172.04
35.74368,0.0
35.75439,171.87
35.76511,0.0
35.77583,171.65
35.78654,0.0
35.79726,171.76
35.80797,0.0
35.81869,171.79
35.8294,0.0
35.84012,171.61
35.85084,0.0
35.86155,171.63
35.87227,0.0
35.88298,171.56
35.8937,0.0
35.90441,171.42
35.91513,0.0
35.92585,171.32
35.93656,0.0
35.94728,171.5
35.95799,0.0
35.96871,171.53
35.97943,0.0
35.99014,171.56
36.00086,0.0
36.01157,171.26
36.02229,0.0
36.033,171.3
36.04372,0.0
36.05444,171.16
36.06515,0.0
36.07587,171.1
36.08658,0.0
36.0973,171.44
36.10802,0.0
36.11873,171.42
36.12945,0.0
36.14016,171.38
36.15088,0.0
36.16159,171.02
36.17231,0.0
36.18303,171.16
36.19374,0.0
36.20446,171.38
36.21517,0.0
36.22589,171.36
36.23661,0.0
36.24732,171.34
36.25804,0.0
36.26875,171.16
36.27947,0.0
36.29018,171.32
36.3009,0.0
36.31162,171.3
36.32233,0.0
36.33305,171.16
36.34376,0.0
36.35448,171.4
36.3652,0.0
36.37591,171.36
36.38663,0.0
36.39734,171.38
36.40806,0.0
36.41877,171.36
36.42949,0.0
36.44021,171.48
36.45092,0.0
36.46164,171.22
36.47235,0.0
36.48307,171.28
36.49378,0.0
36.5045,171.16
36.51522,0.0
36.52593,171.38
36.53665,0.0
36.54736,171.38
36.55808,0.0
36.5688,171.54
36.57951,0.0
36.59023,171.42
36.60094,0.0
36.61166,171.52
36.62237,0.0
36.63309,171.36
36.64381,0.0
36.65452,171.55
36.66524,0.0
36.67595,171.38
36.68667,0.0
36.69739,171.28
36.7081,0.0
36.71882,171.34
36.72953,0.0
36.74025,171.28
36.75096,0.0
36.76168,171.32
36.7724,0.0
36.78311,171.34
36.79383,0.0
36.80454,171.38
36.81526,0.0
36.82598,171.26
36.83669,0.0
36.84741,171.12
36.85812,0.0
36.86884,171.4
36.87955,0.0
36.89027,171.4
36.90099,0.0
36.9117,171.28
36.92242,0.0
36.93313,171.53
36.94385,0.0
36.95456,171.69
36.96528,0.0
36.976,171.3
36.98671,0.0
36.99743,171.57
37.00814,0.0
37.01886,171.5
37.02958,0.0
37.04029,171.24
37.05101,0.0
37.06172,171.55
37.07244,0.0
37.08315,171.42
37.09387,0.0
37.10459,171.53
37.1153,0.0
37.12602,171.28
37.13673,0.0
37.14745,171.46
37.15817,0.0
37.16888,171.55
37.1796,0.0
37.19031,171.53
37.20103,0.0
37.21174,171.57
37.22246,0.0
37.23318,171.7
37.24389,0.0
37.25461,171.68
37.26532,0.0
37.27604,171.52
37.28676,0.0
37.29747,171.66
37.30819,0.0
37.3189,171.67
37.32962,0.0
37.34033,171.64
37.35105,0.0
37.36177,171.7
37.37248,0.0
37.3832,171.4
37.39391,0.0
37.40463,171.57
37.41535,0.0
37.42606,171.56
37.43678,0.0
37.44749,171.61
37.45821,0.0
37.46892,171.66
37.47964,0.0
37.49036,171.58
37.50107,0.0
37.51179,171.63
37.5225,0.0
37.53322,171.61
37.54393,0.0
37.55465,171.5
37.56537,0.0
37.57608,171.6
37.5868,0.0
37.59751,171.67
37.60823,0.0
37.61895,171.57
37.62966,0.0
37.64038,171.63
37.65109,0.0
37.66181,171.83
37.67252,0.0
37.68324,171.85
37.69396,0.0
37.70467,171.84
37.71539,0.0
37.7261,171.96
37.73682,0.0
37.74754,171.97
37.75825,0.0
37.76897,172.07
37.77968,0.0
37.7904,172.19
37.80111,0.0
37.81183,172.37
37.82255,0.0
37.83326,172.65
37.84398,0.0
37.85469,172.81
37.86541,0.0
37.87613,173.05
37.88684,327.68
37.89756,173.34
37.90827,0.0
37.91899,173.69
37.9297,491.52
37.94042,174.16
37.95114,327.68
37.96185,174.47
37.97257,0.0
37.98328,175.01
37.994,81.92
38.00471,175.53
38.01543,245.76
38.02615,175.85
38.03686,245.76
38.04758,176.29
38.05829,204.8
38.06901,176.72
38.07973,204.8
38.09044,176.9
38.10116,0.0
38.11187,177.04
38.12259,409.6
38.1333,177.06
38.14402,491.52
38.15474,177.04
38.16545,245.76
38.17617,176.97
38.18688,163.84
38.1976,176.91
38.20832,368.64
38.21903,176.77
38.22975,491.52
38.24046,176.62
38.25118,327.68
38.26189,176.34
38.27261,81.92
38.28333,176.04
38.29404,245.76
38.30476,175.76
38.31547,0.0
38.32619,175.52
38.33691,0.0
38.34762,175.13
38.35834,0.0
38.36905,174.56
38.37977,491.52
38.39048,174.2
38.4012,0.0
38.41192,173.7
38.42263,0.0
38.43335,173.35
38.44406,0.0
38.45478,173.06
38.4655,327.68
38.47621,172.86
38.48693,0.0
38.49764,172.82
38.50836,0.0
38.51907,172.63
38.52979,0.0
38.54051,172.44
38.55122,0.0
38.56194,172.3
38.57265,0.0
38.58337,172.41
38.59408,0.0
38.6048,172.3
38.61552,0.0
38.62623,172.38
38.63695,0.0
38.64766,172.36
38.65838,0.0
38.6691,172.19
38.67981,0.0
38.69053,172.23
38.70124,0.0
38.71196,172.0
38.72267,0.0
38.73339,172.0
38.74411,0.0
38.75482,171.97
38.76554,0.0
38.77625,171.98
38.78697,0.0
38.79769,171.99
38.8084,0.0
38.81912,171.91
38.82983,0.0
38.84055,171.71
38.85126,0.0
38.86198,171.83
38.8727,0.0
38.88341,171.87
38.89413,0.0
38.90484,171.68
38.91556,0.0
38.92628,171.61
38.93699,0.0
38.94771,171.58
38.95842,0.0
38.96914,171.67
38.97985,0.0
38.99057,171.81
39.00129,0.0
39.012,171.77
39.02272,0.0
39.03343,171.65
39.04415,0.0
39.05486,171.53
39.06558,0.0
39.0763,171.22
39.08701,0.0
39.09773,171.3
39.10844,0.0
39.11916,171.32
39.12988,0.0
39.14059,171.26
39.15131,0.0
39.16202,171.02
39.17274,0.0
39.18345,171.12
39.19417,0.0
39.20489,171.4
39.2156,0.0
39.22632,171.24
39.23703,0.0
39.24775,171.2
39.25847,0.0
39.26918,171.4
39.2799,0.0
39.29061,171.2
39.30133,0.0
39.31204,171.46
39.32276,0.0
39.33348,171.53
39.34419,0.0
39.35491,171.36
39.36562,0.0
39.37634,171.36
39.38706,0.0
39.39777,171.36
39.40849,0.0
39.4192,171.38
39.42992,0.0
39.44063,171.18
39.45135,0.0
39.46207,170.92
39.47278,0.0
39.4835,170.92
39.49421,0.0
39.50493,171.28
39.51565,0.0
39.52636,171.34
39.53708,0.0
39.54779,171.1
39.55851,0.0
39.56922,171.18
39.57994,0.0
39.59066,171.5
39.60137,0.0
39.61209,171.18
39.6228,0.0
39.63352,171.1
39.64423,0.0
39.65495,171.1
39.66567,0.0
39.67638,171.5
39.6871,0.0
39.69781,171.54
39.70853,0.0
39.71925,171.3
39.72996,0.0
39.74068,170.96
39.75139,0.0
39.76211,171.4
39.77282,0.0
39.78354,171.57
39.79426,0.0
39.80497,171.46
39.81569,0.0
39.8264,171.48
39.83712,0.0
39.84784,171.4
39.85855,0.0
39.86927,171.38
39.87998,0.0
39.8907,171.5
39.90141,0.0
39.91213,171.42
39.92285,0.0
39.93356,171.16
39.94428,0.0
39.95499,171.14
39.96571,0.0
39.97643,171.42
39.98714,0.0
39.99786,171.26
40.00857,0.0
40.01929,171.14
40.03,0.0
40.04072,171.24
40.05144,0.0
40.06215,171.18
40.07287,0.0
40.08358,171.38
40.0943,0.0
40.10502,171.4
40.11573,0.0
40.12645,171.24
40.13716,0.0
40.14788,171.32
40.15859,0.0
40.16931,171.48
40.18003,0.0
40.19074,171.57
40.20146,0.0
40.21217,171.44
40.22289,0.0
40.2336,171.52
40.24432,0.0
40.25504,171.44
40.26575,0.0
40.27647,171.53
40.28718,0.0
40.2979,171.65
40.30862,0.0
40.31933,171.52
40.33005,0.0
40.34076,171.57
40.35148,0.0
40.36219,171.69
40.37291,0.0
40.38363,171.64
40.39434,0.0
40.40506,171.58
40.41577,0.0
40.42649,171.59
40.43721,0.0
40.44792,171.79
40.45864,0.0
40.46935,171.96
40.48007,0.0
40.49078,172.15
40.5015,0.0
40.51222,172.39
40.52293,327.68
40.53365,172.92
40.54436,327.68
40.55508,173.21
40.5658,327.68
40.57651,173.74
40.58723,163.84
40.59794,174.19
40.60866,163.84
40.61937,174.6
40.63009,491.52
40.64081,174.96
40.65152,0.0
40.66224,175.05
40.67295,491.52
40.68367,175.02
40.69438,163.84
40.7051,175.05
40.71582,327.68
40.72653,174.93
40.73725,491.52
40.74796,174.81
40.75868,163.84
40.7694,174.73
40.78011,327.68
40.79083,174.59
40.80154,327.68
40.81226,174.47
40.82297,0.0
40.83369,174.35
40.84441,0.0
40.85512,174.19
40.86584,327.68
40.87655,173.83
40.88727,327.68
40.89799,173.41
40.9087,327.68
40.91942,173.2
40.93013,327.68
40.94085,172.97
40.95156,327.68
40.96228,172.84
40.973,0.0
40.98371,172.72
40.99443,0.0
41.00514,172.38
41.01586,0.0
41.02658,172.14
41.03729,0.0
41.04801,172.02
41.05872,0.0
41.06944,171.97
41.08015,0.0
41.09087,172.0
41.10159,0.0
41.1123,171.92
41.12302,0.0
41.13373,171.88
41.14445,0.0
41.15517,172.04
41.16588,0.0
41.1766,171.94
41.18731,0.0
41.19803,171.72
41.20874,0.0
41.21946,171.69
41.23018,0.0
41.24089,171.6
41.25161,0.0
41.26232,171.64
41.27304,0.0
41.28375,171.54
41.29447,0.0
41.30519,171.44
41.3159,0.0
41.32662,171.46
41.33733,0.0
41.34805,171.36
41.35877,0.0
41.36948,171.08
41.3802,0.0
41.39091,171.24
41.40163,0.0
41.41234,171.24
41.42306,0.0
41.43378,171.22
41.44449,0.0
41.45521,171.04
41.46592,0.0
41.47664,171.14
41.48736,0.0
41.49807,170.98
41.50879,0.0
41.5195,170.9
41.53022,0.0
41.54093,171.08
41.55165,0.0
41.56237,171.18
41.57308,0.0
41.5838,171.18
41.59451,0.0
41.60523,171.3
41.61595,0.0
41.62666,170.74
41.63738,0.0
41.64809,170.94
41.65881,0.0
41.66952,170.72
41.68024,0.0
41.69096,170.82
41.70167,0.0
41.71239,171.28
41.7231,0.0
41.73382,170.98
41.74453,0.0
41.75525,170.82
41.76597,0.0
41.77668,171.02
41.7874,0.0
41.79811,170.88
41.80883,0.0
41.81955,170.8
41.83026,0.0
41.84098,170.94
41.85169,0.0
41.86241,171.06
41.87312,0.0
41.88384,171.0
41.89456,0.0
41.90527,170.8
41.91599,0.0
41.9267,170.9
41.93742,0.0
41.94814,171.02
41.95885,0.0
41.96957,171.18
41.98028,0.0
41.991,171.04
42.00171,0.0
42.01243,170.86
42.02315,0.0
42.03386,171.16
42.04458,0.0
42.05529,171.18
42.06601,0.0
42.07673,170.5
42.08744,0.0
42.09816,170.9
42.10887,0.0
42.11959,171.08
42.1303,0.0
42.14102,171.24
42.15174,0.0
42.16245,171.34
42.17317,0.0
42.18388,170.98
42.1946,0.0
42.20532,170.98
42.21603,0.0
42.22675,170.86
42.23746,0.0
42.24818,170.86
42.25889,0.0
42.26961,171.02
42.28033,0.0
42.29104,170.94
42.30176,0.0
42.31247,170.84
42.32319,0.0
42.3339,171.04
42.34462,0.0
42.35534,171.2
42.36605,0.0
42.37677,171.36
42.38748,0.0
42.3982,171.14
42.40892,0.0
42.41963,170.96
42.43035,0.0
42.44106,170.96
42.45178,0.0
42.46249,170.74
42.47321,0.0
42.48393,171.02
42.49464,0.0
42.50536,170.8
42.51607,0.0
42.52679,170.96
42.53751,0.0
42.54822,170.98
42.55894,0.0
42.56965,170.96
42.58037,0.0
42.59108,171.14
42.6018,0.0
42.61252,171.32
42.62323,0.0
42.63395,171.38
42.64466,0.0
42.65538,170.98
42.6661,0.0
42.67681,170.72
42.68753,0.0
42.69824,170.84
42.70896,0.0
42.71967,170.8
42.73039,0.0
42.74111,170.86
42.75182,0.0
42.76254,170.88
42.77325,0.0
42.78397,171.02
42.79468,0.0
42.8054,170.94
42.81612,0.0
42.82683,170.54
42.83755,0.0
42.84826,170.82
42.85898,0.0
42.8697,171.0
42.88041,0.0
42.89113,171.0
42.90184,0.0
42.91256,170.98
42.92327,0.0
42.93399,171.12
42.94471,0.0
42.95542,171.14
42.96614,0.0
42.97685,171.12
42.98757,0.0
42.99829,171.28
43.009,0.0
43.01972,171.06
43.03043,0.0
43.04115,170.82
43.05186,0.0
43.06258,170.78
43.0733,0.0
43.08401,170.86
43.09473,0.0
43.10544,170.96
43.11616,0.0
43.12688,171.0
43.13759,0.0
43.14831,170.88
43.15902,0.0
43.16974,170.9
43.18045,0.0
43.19117,171.08
43.20189,0.0
43.2126,171.1
43.22332,0.0
43.23403,170.98
43.24475,0.0
43.25547,170.84
43.26618,0.0
43.2769,171.16
43.28761,0.0
43.29833,170.9
43.30904,0.0
43.31976,171.14
43.33048,0.0
43.34119,170.96
43.35191,0.0
43.36262,171.08
43.37334,0.0
43.38405,171.24
43.39477,0.0
43.40549,171.3
43.4162,0.0
43.42692,171.1
43.43763,0.0
43.44835,170.94
43.45907,0.0
43.46978,171.16
43.4805,0.0
43.49121,171.38
43.50193,0.0
43.51264,171.3
43.52336,0.0
43.53408,170.84
43.54479,0.0
43.55551,171.06
43.56622,0.0
43.57694,171.26
43.58766,0.0
43.59837,171.16
43.60909,0.0
43.6198,170.96
43.63052,0.0
43.64123,170.96
43.65195,0.0
43.66267,170.7
43.67338,0.0
43.6841,170.94
43.69481,0.0
43.70553,171.0
43.71625,0.0
43.72696,170.78
43.73768,0.0
43.74839,170.84
43.75911,0.0
43.76982,170.96
43.78054,0.0
43.79126,171.08
43.80197,0.0
43.81269,170.88
43.8234,0.0
43.83412,170.82
43.84483,0.0
43.85555,171.16
43.86627,0.0
43.87698,170.9
43.8877,0.0
43.89841,171.08
43.90913,0.0
43.91985,171.08
43.93056,0.0
43.94128,171.0
43.95199,0.0
43.96271,171.04
43.97342,0.0
43.98414,170.9
43.99486,0.0
44.00557,170.84
44.01629,0.0
44.027,170.78
44.03772,0.0
44.04844,170.96
44.05915,0.0
44.06987,170.78
44.08058,0.0
44.0913,170.96
44.10201,0.0
44.11273,171.02
44.12345,0.0
44.13416,170.7
44.14488,0.0
44.15559,170.68
44.16631,0.0
44.17703,170.96
44.18774,0.0
44.19846,170.7
44.20917,0.0
44.21989,170.78
44.2306,0.0
44.24132,170.86
44.25204,0.0
44.26275,170.96
44.27347,0.0
44.28418,171.2
44.2949,0.0
44.30562,171.0
44.31633,0.0
44.32705,170.66
44.33776,0.0
44.34848,170.88
44.35919,0.0
44.36991,171.0
44.38063,0.0
44.39134,170.68
44.40206,0.0
44.41277,170.62
44.42349,0.0
44.4342,170.94
44.44492,0.0
44.45564,170.88
44.46635,0.0
44.47707,170.78
44.48778,0.0
44.4985,170.92
44.50922,0.0
44.51993,171.12
44.53065,0.0
44.54136,170.94
44.55208,0.0
44.56279,170.98
44.57351,0.0
44.58423,171.12
44.59494,0.0
44.60566,171.46
44.61637,0.0
44.62709,171.24
44.63781,0.0
44.64852,171.1
44.65924,0.0
44.66995,170.88
44.68067,0.0
44.69138,170.88
44.7021,0.0
44.71282,171.08
44.72353,0.0
44.73425,171.24
44.74496,0.0
44.75568,171.44
44.7664,0.0
44.77711,171.68
44.78783,0.0
44.79854,171.68
44.80926,0.0
44.81997,171.88
44.83069,0.0
44.84141,171.91
44.85212,0.0
44.86284,171.91
44.87355,0.0
44.88427,171.97
44.89498,0.0
44.9057,172.26
44.91642,0.0
44.92713,172.29
44.93785,0.0
44.94856,172.38
44.95928,0.0
44.97,172.25
44.98071,0.0
44.99143,171.97
45.00214,0.0
45.01286,171.71
45.02357,0.0
45.03429,171.63
45.04501,0.0
45.05572,171.8
45.06644,0.0
45.07715,171.84
45.08787,0.0
45.09859,171.69
45.1093,0.0
45.12002,171.44
45.13073,0.0
45.14145,171.59
45.15216,0.0
45.16288,171.34
45.1736,0.0
45.18431,170.96
45.19503,0.0
45.20574,171.4
45.21646,0.0
45.22718,171.08
45.23789,0.0
45.24861,170.96
45.25932,0.0
45.27004,171.18
45.28075,0.0
45.29147,171.26
45.30219,0.0
45.3129,170.88
45.32362,0.0
45.33433,170.82
45.34505,0.0
45.35577,170.86
45.36648,0.0
45.3772,170.94
45.38791,0.0
45.39863,170.74
45.40934,0.0
45.42006,170.76
45.43078,0.0
45.44149,170.68
45.45221,0.0
45.46292,170.92
45.47364,0.0
45.48435,170.88
45.49507,0.0
45.50579,170.78
45.5165,0.0
45.52722,170.9
45.53793,0.0
45.54865,170.94
45.55937,0.0
45.57008,170.98
45.5808,0.0
45.59151,170.82
45.60223,0.0
45.61294,170.8
45.62366,0.0
45.63438,171.1
45.64509,0.0
45.65581,170.96
45.66652,0.0
45.67724,170.96
45.68796,0.0
45.69867,170.94
45.70939,0.0
45.7201,171.12
45.73082,0.0
45.74153,170.94
45.75225,0.0
45.76297,170.86
45.77368,0.0
45.7844,170.84
45.79511,0.0
45.80583,170.9
45.81655,0.0
45.82726,170.88
45.83798,0.0
45.84869,170.7
45.85941,0.0
45.87012,170.64
45.88084,0.0
45.89156,170.74
45.90227,0.0
45.91299,171.04
45.9237,0.0
45.93442,170.84
45.94514,0.0
45.95585,170.78
45.96657,0.0
45.97728,170.74
45.988,0.0
45.99871,170.6
46.00943,0.0
46.02015,170.9
46.03086,0.0
46.04158,171.04
46.05229,0.0
46.06301,170.78
46.07372,0.0
46.08444,170.94
46.09516,0.0
46.10587,170.96
46.11659,0.0
46.1273,170.72
46.13802,0.0
46.14874,170.64
46.15945,0.0
46.17017,170.94
46.18088,0.0
46.1916,171.18
46.20231,0.0
46.21303,170.92
46.22375,0.0
46.23446,170.88
46.24518,0.0
46.25589,170.78
46.26661,0.0
46.27733,170.76
46.28804,0.0
46.29876,170.94
46.30947,0.0
46.32019,170.82
46.3309,0.0
46.34162,170.86
46.35234,0.0
46.36305,170.82
46.37377,0.0
46.38448,170.9
46.3952,0.0
46.40592,170.9
46.41663,0.0
46.42735,171.04
46.43806,0.0
46.44878,171.26
46.45949,0.0
46.47021,171.0
46.48093,0.0
46.49164,171.04
46.50236,0.0
46.51307,171.12
46.52379,0.0
46.5345,170.82
46.54522,0.0
46.55594,170.96
46.56665,0.0
46.57737,171.02
46.58808,0.0
46.5988,171.02
46.60952,0.0
46.62023,170.82
46.63095,0.0
46.64166,171.16
46.65238,0.0
46.66309,171.0
46.67381,0.0
46.68453,170.76
46.69524,0.0
46.70596,170.64
46.71667,0.0
46.72739,170.76
46.73811,0.0
46.74882,171.0
46.75954,0.0
46.77025,171.0
46.78097,0.0
46.79168,170.98
46.8024,0.0
46.81312,170.96
46.82383,0.0
46.83455,170.96
46.84526,0.0
46.85598,171.1
46.8667,0.0
46.87741,171.0
46.88813,0.0
46.89884,171.06
46.90956,0.0
46.92027,170.66
46.93099,0.0
46.94171,170.98
46.95242,0.0
46.96314,170.98
46.97385,0.0
46.98457,171.24
46.99529,0.0
47.006,171.26
47.01672,0.0
47.02743,171.28
47.03815,0.0
47.04886,171.22
47.05958,0.0
47.0703,171.55
47.08101,0.0
47.09173,171.53
47.10244,0.0
47.11316,171.61
47.12387,0.0
47.13459,171.71
47.14531,0.0
47.15602,171.84
47.16674,0.0
47.17745,171.8
47.18817,0.0
47.19889,171.7
47.2096,0.0
47.22032,171.81
47.23103,0.0
47.24175,171.73
47.25246,0.0
47.26318,171.75
47.2739,0.0
47.28461,171.84
47.29533,0.0
47.30604,171.86
47.31676,0.0
47.32748,171.84
47.33819,0.0
47.34891,171.91
47.35962,0.0
47.37034,171.79
47.38105,0.0
47.39177,171.84
47.40249,0.0
47.4132,171.77
47.42392,0.0
47.43463,171.76
47.44535,0.0
47.45607,171.55
47.46678,0.0
47.4775,171.46
47.48821,0.0
47.49893,171.38
47.50964,0.0
47.52036,171.3
47.53108,0.0
47.54179,170.94
47.55251,0.0
47.56322,171.32
47.57394,0.0
47.58465,171.26
47.59537,0.0
47.60609,171.26
47.6168,0.0
47.62752,171.18
47.63823,0.0
47.64895,171.1
47.65967,0.0
47.67038,171.22
47.6811,0.0
47.69181,171.5
47.70253,0.0
47.71324,171.24
47.72396,0.0
47.73468,171.18
47.74539,0.0
47.75611,170.9
47.76682,0.0
47.77754,170.98
47.78826,0.0
47.79897,170.9
47.80969,0.0
47.8204,170.92
47.83112,0.0
47.84183,170.78
47.85255,0.0
47.86327,170.78
47.87398,0.0
47.8847,170.74
47.89541,0.0
47.90613,170.96
47.91685,0.0
47.92756,170.84
47.93828,0.0
47.94899,170.78
47.95971,0.0
47.97042,170.86
47.98114,0.0
47.99186,170.96
48.00257,0.0
48.01329,170.82
48.024,0.0
48.03472,170.7
48.04544,0.0
48.05615,170.7
48.06687,0.0
48.07758,170.68
48.0883,0.0
48.09901,170.9
48.10973,0.0
48.12045,170.68
48.13116,0.0
48.14188,170.68
48.15259,0.0
48.16331,170.8
48.17402,0.0
48.18474,170.64
48.19546,0.0
48.20617,170.9
48.21689,0.0
48.2276,170.9
48.23832,0.0
48.24904,170.84
48.25975,0.0
48.27047,170.8
48.28118,0.0
48.2919,170.72
48.30261,0.0
48.31333,171.04
48.32405,0.0
48.33476,170.96
48.34548,0.0
48.35619,171.1
48.36691,0.0
48.37763,170.82
48.38834,0.0
48.39906,170.84
48.40977,0.0
48.42049,170.84
48.4312,0.0
48.44192,170.72
48.45264,0.0
48.46335,170.66
48.47407,0.0
48.48478,170.94
48.4955,0.0
48.50622,170.9
48.51693,0.0
48.52765,171.1
48.53836,0.0
48.54908,170.9
48.55979,0.0
48.57051,170.88
48.58123,0.0
48.59194,170.94
48.60266,0.0
48.61337,171.0
48.62409,0.0
48.6348,171.02
48.64552,0.0
48.65624,170.82
48.66695,0.0
48.67767,171.02
48.68838,0.0
48.6991,170.9
48.70982,0.0
48.72053,170.74
48.73125,0.0
48.74196,170.76
48.75268,0.0
48.76339,170.72
48.77411,0.0
48.78483,171.06
48.79554,0.0
48.80626,170.94
48.81697,0.0
48.82769,170.68
48.83841,0.0
48.84912,170.8
48.85984,0.0
48.87055,170.7
48.88127,0.0
48.89198,170.98
48.9027,0.0
48.91342,170.88
48.92413,0.0
48.93485,170.76
48.94556,0.0
48.95628,170.7
48.967,0.0
48.97771,170.82
48.98843,0.0
48.99914,170.72
49.00986,0.0
49.02057,170.54
49.03129,0.0
49.04201,170.52
49.05272,0.0
49.06344,170.54
49.07415,0.0
49.08487,170.86
49.09559,0.0
49.1063,170.66
49.11702,0.0
49.12773,170.58
49.13845,0.0
49.14916,170.58
49.15988,0.0
49.1706,170.5
49.18131,0.0
49.19203,170.94
49.20274,0.0
49.21346,170.66
49.22417,0.0
49.23489,170.48
49.24561,0.0
49.25632,170.5
49.26704,0.0
49.27775,170.7
49.28847,0.0
49.29919,170.62
49.3099,0.0
49.32062,171.08
49.33133,0.0
49.34205,170.82
49.35276,0.0
49.36348,170.7
49.3742,0.0
49.38491,170.82
49.39563,0.0
49.40634,170.66
49.41706,0.0
49.42778,170.68
49.43849,0.0
49.44921,170.8
49.45992,0.0
49.47064,170.78
49.48135,0.0
49.49207,170.84
49.50279,0.0
49.5135,170.72
49.52422,0.0
49.53493,170.74
49.54565,0.0
49.55637,170.72
49.56708,0.0
49.5778,170.82
49.58851,0.0
49.59923,170.92
49.60994,0.0
49.62066,170.88
49.63138,0.0
49.64209,170.64
49.65281,0.0
49.66352,170.88
49.67424,0.0
49.68495,170.92
49.69567,0.0
49.70639,170.98
49.7171,0.0
49.72782,170.94
49.73853,0.0
49.74925,170.92
49.75997,0.0
49.77068,171.0
49.7814,0.0
49.79211,171.1
49.80283,0.0
49.81354,170.84
49.82426,0.0
49.83498,170.82
49.84569,0.0
49.85641,170.88
49.86712,0.0
49.87784,170.88
49.88856,0.0
49.89927,170.74
49.90999,0.0
49.9207,170.94
49.93142,0.0
49.94213,170.94
49.95285,0.0
49.96357,170.92
49.97428,0.0
49.985,170.76
49.99571,0.0
50.00643,170.84
50.01715,0.0
50.02786,170.9
50.03858,0.0
50.04929,170.86
50.06001,0.0
50.07072,170.9
50.08144,0.0
50.09216,171.02
50.10287,0.0
50.11359,171.02
50.1243,0.0
50.13502,171.12
50.14574,0.0
50.15645,170.7
50.16717,0.0
50.17788,170.74
50.1886,0.0
50.19931,170.74
50.21003,0.0
50.22075,170.8
50.23146,0.0
50.24218,170.72
50.25289,0.0
50.26361,170.7
50.27432,0.0
50.28504,171.04
50.29576,0.0
50.30647,171.08
50.31719,0.0
50.3279,171.24
50.33862,0.0
50.34934,171.06
50.36005,0.0
50.37077,170.96
50.38148,0.0
50.3922,171.0
50.40291,0.0
50.41363,171.16
50.42435,0.0
50.43506,171.22
50.44578,0.0
50.45649,171.3
50.46721,0.0
50.47793,171.34
50.48864,0.0
50.49936,171.28
50.51007,0.0
50.52079,171.42
50.5315,0.0
50.54222,171.54
50.55294,0.0
50.56365,171.24
50.57437,0.0
50.58508,171.59
50.5958,0.0
50.60652,171.64
50.61723,0.0
50.62795,171.9
50.63866,0.0
50.64938,172.38
50.66009,0.0
50.67081,172.76
50.68153,0.0
50.69224,172.96
50.70296,327.68
50.71367,173.28
50.72439,0.0
50.73511,173.76
50.74582,0.0
50.75654,174.15
50.76725,491.52
50.77797,174.44
50.78868,0.0
50.7994,174.64
50.81012,327.68
50.82083,174.61
50.83155,491.52
50.84226,174.49
50.85298,491.52
50.86369,174.39
50.87441,163.84
50.88513,174.21
50.89584,0.0
50.90656,174.08
50.91727,0.0
50.92799,173.87
50.93871,0.0
50.94942,173.82
50.96014,327.68
50.97085,173.77
50.98157,0.0
50.99228,173.58
51.003,0.0
51.01372,173.58
51.02443,0.0
51.03515,173.38
51.04586,0.0
51.05658,172.96
51.0673,0.0
51.07801,172.67
51.08873,0.0
51.09944,172.32
51.11016,0.0
51.12087,171.96
51.13159,0.0
51.14231,171.89
51.15302,0.0
51.16374,171.68
51.17445,0.0
51.18517,171.32
51.19589,0.0
51.2066,171.1
51.21732,0.0
51.22803,171.16
51.23875,0.0
51.24946,171.26
51.26018,0.0
51.2709,171.36
51.28161,0.0
51.29233,171.3
51.30304,0.0
51.31376,171.4
51.32447,0.0
51.33519,171.12
51.34591,0.0
51.35662,170.92
51.36734,0.0
51.37805,171.18
51.38877,0.0
51.39949,171.08
51.4102,0.0
51.42092,171.16
51.43163,0.0
51.44235,171.22
51.45306,0.0
51.46378,171.02
51.4745,0.0
51.48521,171.08
51.49593,0.0
51.50664,171.12
51.51736,0.0
51.52808,171.04
51.53879,0.0
51.54951,171.22
51.56022,0.0
51.57094,171.16
51.58165,0.0
51.59237,170.94
51.60309,0.0
51.6138,171.08
51.62452,0.0
51.63523,170.88
51.64595,0.0
51.65667,171.2
51.66738,0.0
51.6781,171.4
51.68881,0.0
51.69953,171.56
51.71024,0.0
51.72096,171.36
51.73168,0.0
51.74239,171.46
51.75311,0.0
51.76382,171.66
51.77454,0.0
51.78526,171.73
51.79597,0.0
51.80669,171.74
51.8174,0.0
51.82812,171.74
51.83883,0.0
51.84955,171.66
51.86027,0.0
51.87098,171.62
51.8817,0.0
51.89241,171.86
51.90313,0.0
51.91384,171.96
51.92456,0.0
51.93528,172.08
51.94599,0.0
51.95671,171.94
51.96742,0.0
51.97814,172.22
51.98886,0.0
51.99957,172.24
52.01029,0.0
52.021,172.23
52.03172,0.0
52.04243,172.46
52.05315,0.0
52.06387,172.68
52.07458,0.0
52.0853,172.6
52.09601,0.0
52.10673,172.5
52.11745,0.0
52.12816,172.52
52.13888,0.0
52.14959,172.27
52.16031,0.0
52.17102,172.19
52.18174,0.0
52.19246,172.12
52.20317,0.0
52.21389,172.02
52.2246,0.0
52.23532,171.95
52.24604,0.0
52.25675,171.82
52.26747,0.0
52.27818,171.77
52.2889,0.0
52.29961,171.78
52.31033,0.0
52.32105,171.69
52.33176,0.0
52.34248,171.68
52.35319,0.0
52.36391,171.61
52.37462,0.0
52.38534,171.18
52.39606,0.0
52.40677,171.14
52.41749,0.0
52.4282,171.28
52.43892,0.0
52.44964,171.12
52.46035,0.0
52.47107,171.06
52.48178,0.0
52.4925,171.0
52.50321,0.0
52.51393,171.38
52.52465,0.0
52.53536,170.94
52.54608,0.0
52.55679,170.84
52.56751,0.0
52.57823,171.1
52.58894,0.0
52.59966,171.36
52.61037,0.0
52.62109,170.96
52.6318,0.0
52.64252,170.9
52.65324,0.0
52.66395,170.92
52.67467,0.0
52.68538,170.8
52.6961,0.0
52.70682,170.78
52.71753,0.0
52.72825,170.96
52.73896,0.0
52.74968,170.88
52.76039,0.0
52.77111,170.74
52.78183,0.0
52.79254,170.9
52.80326,0.0
52.81397,170.82
52.82469,0.0
52.83541,170.9
52.84612,0.0
52.85684,170.9
52.86755,0.0
52.87827,170.84
52.88898,0.0
52.8997,170.98
52.91042,0.0
52.92113,170.74
52.93185,0.0
52.94256,171.02
52.95328,0.0
52.96399,170.96
52.97471,0.0
52.98543,171.12
52.99614,0.0
53.00686,171.26
53.01757,0.0
53.02829,171.28
53.03901,0.0
53.04972,171.0
53.06044,0.0
53.07115,170.8
53.08187,0.0
53.09258,170.94
53.1033,0.0
53.11402,170.82
53.12473,0.0
53.13545,170.86
53.14616,0.0
53.15688,170.96
53.1676,0.0
53.17831,171.1
53.18903,0.0
53.19974,171.12
53.21046,0.0
53.22117,171.2
53.23189,0.0
53.24261,171.22
53.25332,0.0
53.26404,171.26
53.27475,0.0
53.28547,171.08
53.29619,0.0
53.3069,170.96
53.31762,0.0
53.32833,171.16
53.33905,0.0
53.34976,171.26
53.36048,0.0
53.3712,171.36
53.38191,0.0
53.39263,171.06
53.40334,0.0
53.41406,171.06
53.42477,0.0
53.43549,171.18
53.44621,0.0
53.45692,171.04
53.46764,0.0
53.47835,171.16
53.48907,0.0
53.49979,171.0
53.5105,0.0
53.52122,171.06
53.53193,0.0
53.54265,171.16
53.55336,0.0
53.56408,171.04
53.5748,0.0
53.58551,171.0
53.59623,0.0
53.60694,171.02
53.61766,0.0
53.62838,171.28
53.63909,0.0
53.64981,171.28
53.66052,0.0
53.67124,171.08
53.68195,0.0
53.69267,171.3
53.70339,0.0
53.7141,171.28
53.72482,0.0
53.73553,171.44
53.74625,0.0
53.75697,171.4
53.76768,0.0
53.7784,171.46
53.78911,0.0
53.79983,171.26
53.81054,0.0
53.82126,171.3
53.83198,0.0
53.84269,171.32
53.85341,0.0
53.86412,171.36
53.87484,0.0
53.88556,171.56
53.89627,0.0
53.90699,171.5
53.9177,0.0
53.92842,171.52
53.93913,0.0
53.94985,171.52
53.96057,0.0
53.97128,171.46
53.982,0.0
53.99271,171.3
54.00343,0.0
54.01414,171.48
54.02486,0.0
54.03558,171.58
54.04629,0.0
54.05701,171.68
54.06772,0.0
54.07844,171.76
54.08916,0.0
54.09987,171.82
54.11059,0.0
54.1213,171.81
54.13202,0.0
54.14273,171.77
54.15345,0.0
54.16417,171.88
54.17488,0.0
54.1856,171.86
54.19631,0.0
54.20703,171.99
54.21775,0.0
54.22846,172.13
54.23918,0.0
54.24989,172.16
54.26061,0.0
54.27132,172.22
54.28204,0.0
54.29276,172.43
54.30347,0.0
54.31419,172.51
54.3249,0.0
54.33562,172.49
54.34634,0.0
54.35705,172.77
54.36777,327.68
54.37848,172.92
54.3892,0.0
54.39991,173.03
54.41063,0.0
54.42135,173.11
54.43206,0.0
54.44278,173.24
54.45349,0.0
54.46421,173.49
54.47492,327.68
54.48564,173.85
54.49636,0.0
54.50707,174.07
54.51779,163.84
54.5285,174.31
54.53922,0.0
54.54994,174.62
54.56065,491.52
54.57137,174.9
54.58208,327.68
54.5928,175.28
54.60351,409.6
54.61423,175.48
54.62495,81.92
54.63566,175.58
54.64638,0.0
54.65709,175.85
54.66781,0.0
54.67853,175.91
54.68924,163.84
54.69996,175.95
54.71067,245.76
54.72139,175.93
54.7321,409.6
54.74282,175.78
54.75354,81.92
54.76425,175.78
54.77497,327.68
54.78568,175.73
54.7964,573.44
54.80712,175.59
54.81783,409.6
54.82855,175.55
54.83926,163.84
54.84998,175.53
54.86069,327.68
54.87141,175.38
54.88213,163.84
54.89284,175.02
54.90356,327.68
54.91427,174.93
54.92499,327.68
54.93571,174.74
54.94642,0.0
54.95714,174.48
54.96785,491.52
54.97857,174.23
54.98928,0.0
55.0,174.12
55.01072,327.68
55.02143,173.71
55.03215,0.0
55.04286,173.33
55.05358,327.68
55.06429,173.14
55.07501,327.68
55.08573,172.93
55.09644,0.0
55.10716,172.68
55.11787,0.0
55.12859,172.67
55.13931,0.0
55.15002,172.55
55.16074,0.0
55.17145,172.25
55.18217,0.0
55.19288,172.2
55.2036,0.0
55.21432,172.14
55.22503,0.0
55.23575,171.95
55.24646,0.0
55.25718,171.71
55.2679,0.0
55.27861,171.71
55.28933,0.0
55.30004,171.7
55.31076,0.0
55.32147,171.54
55.33219,0.0
55.34291,171.58
55.35362,0.0
55.36434,171.58
55.37505,0.0
55.38577,171.48
55.39649,0.0
55.4072,171.4
55.41792,0.0
55.42863,171.34
55.43935,0.0
55.45006,171.59
55.46078,0.0
55.4715,171.59
55.48221,0.0
55.49293,171.4
55.50364,0.0
55.51436,171.38
55.52508,0.0
55.53579,171.48
55.54651,0.0
55.55722,171.18
55.56794,0.0
55.57865,171.26
55.58937,0.0
55.60009,171.3
55.6108,0.0
55.62152,171.14
55.63223,0.0
55.64295,171.16
55.65366,0.0
55.66438,171.1
55.6751,0.0
55.68581,171.04
55.69653,0.0
55.70724,170.94
55.71796,0.0
55.72868,170.86
55.73939,0.0
55.75011,171.1
55.76082,0.0
55.77154,171.0
55.78225,0.0
55.79297,171.06
55.80369,0.0
55.8144,170.94
55.82512,0.0
55.83583,171.04
55.84655,0.0
55.85727,171.14
55.86798,0.0
55.8787,171.04
55.88941,0.0
55.90013,170.86
55.91084,0.0
55.92156,170.92
55.93228,0.0
55.94299,170.9
55.95371,0.0
55.96442,170.72
55.97514,0.0
55.98586,170.6
55.99657,0.0
56.00729,170.72
56.018,0.0
56.02872,170.8
56.03943,0.0
56.05015,170.96
56.06087,0.0
56.07158,170.68
56.0823,0.0
56.09301,170.76
56.10373,0.0
56.11444,170.52
56.12516,0.0
56.13588,170.7
56.14659,0.0
56.15731,170.92
56.16802,0.0
56.17874,170.68
56.18946,0.0
56.20017,170.78
56.21089,0.0
56.2216,171.04
56.23232,0.0
56.24303,170.94
56.25375,0.0
56.26447,170.92
56.27518,0.0
56.2859,170.92
56.29661,0.0
56.30733,170.78
56.31805,0.0
56.32876,170.46
56.33948,0.0
56.35019,170.52
56.36091,0.0
56.37162,170.88
56.38234,0.0
56.39306,170.94
56.40377,0.0
56.41449,170.64
56.4252,0.0
56.43592,170.82
56.44664,0.0
56.45735,170.74
56.46807,0.0
56.47878,170.86
56.4895,0.0
56.50021,170.86
56.51093,0.0
56.52165,170.6
56.53236,0.0
56.54308,170.62
56.55379,0.0
56.56451,170.54
56.57523,0.0
56.58594,170.62
56.59666,0.0
56.60737,170.76
56.61809,0.0
56.6288,170.82
56.63952,0.0
56.65024,170.7
56.66095,0.0
56.67167,170.6
56.68238,0.0
56.6931,170.54
56.70381,0.0
56.71453,170.76
56.72525,0.0
56.73596,170.68
56.74668,0.0
56.75739,170.6
56.76811,0.0
56.77883,170.82
56.78954,0.0
56.80026,170.7
56.81097,0.0
56.82169,170.68
56.8324,0.0
56.84312,170.92
56.85384,0.0
56.86455,170.86
56.87527,0.0
56.88598,170.68
56.8967,0.0
56.90742,170.72
56.91813,0.0
56.92885,170.84
56.93956,0.0
56.95028,170.7
56.96099,0.0
56.97171,170.62
56.98243,0.0
56.99314,170.82
57.00386,0.0
57.01457,170.88
57.02529,0.0
57.03601,170.76
57.04672,0.0
57.05744,170.78
57.06815,0.0
57.07887,170.82
57.08958,0.0
57.1003,170.58
57.11102,0.0
57.12173,170.54
57.13245,0.0
57.14316,170.72
57.15388,0.0
57.16459,170.98
57.17531,0.0
57.18603,171.02
57.19674,0.0
57.20746,171.08
57.21817,0.0
57.22889,170.96
57.23961,0.0
57.25032,170.6
57.26104,0.0
57.27175,170.46
57.28247,0.0
57.29318,170.7
57.3039,0.0
57.31462,171.0
57.32533,0.0
57.33605,170.94
57.34676,0.0
57.35748,170.78
57.3682,0.0
57.37891,170.82
57.38963,0.0
57.40034,170.72
57.41106,0.0
57.42177,170.76
57.43249,0.0
57.44321,170.76
57.45392,0.0
57.46464,170.78
57.47535,0.0
57.48607,170.66
57.49679,0.0
57.5075,170.54
57.51822,0.0
57.52893,170.82
57.53965,0.0
57.55036,170.66
57.56108,0.0
57.5718,170.8
57.58251,0.0
57.59323,170.78
57.60394,0.0
57.61466,171.02
57.62538,0.0
57.63609,171.08
57.64681,0.0
57.65752,170.88
57.66824,0.0
57.67895,170.64
57.68967,0.0
57.70039,170.86
57.7111,0.0
57.72182,170.8
57.73253,0.0
57.74325,170.9
57.75396,0.0
57.76468,170.64
57.7754,0.0
57.78611,170.66
57.79683,0.0
57.80754,170.86
57.81826,0.0
57.82898,170.68
57.83969,0.0
57.85041,170.78
57.86112,0.0
57.87184,170.82
57.88255,0.0
57.89327,170.94
57.90399,0.0
57.9147,170.9
57.92542,0.0
57.93613,170.6
57.94685,0.0
57.95757,171.0
57.96828,0.0
57.979,171.02
57.98971,0.0
58.00043,170.88
58.01114,0.0
58.02186,171.06
58.03258,0.0
58.04329,170.92
58.05401,0.0
58.06472,170.86
58.07544,0.0
58.08616,170.8
58.09687,0.0
58.10759,170.8
58.1183,0.0
58.12902,171.1
58.13973,0.0
58.15045,171.06
58.16117,0.0
58.17188,170.82
58.1826,0.0
58.19331,170.84
58.20403,0.0
58.21474,170.8
58.22546,0.0
58.23618,170.82
58.24689,0.0
58.25761,170.9
58.26832,0.0
58.27904,171.04
58.28976,0.0
58.30047,170.9
58.31119,0.0
58.3219,170.64
58.33262,0.0
58.34333,170.6
58.35405,0.0
58.36477,170.66
58.37548,0.0
58.3862,170.82
58.39691,0.0
58.40763,170.88
58.41835,0.0
58.42906,171.08
58.43978,0.0
58.45049,170.94
58.46121,0.0
58.47192,170.72
58.48264,0.0
58.49336,170.82
58.50407,0.0
58.51479,170.74
58.5255,0.0
58.53622,170.7
58.54694,0.0
58.55765,170.62
58.56837,0.0
58.57908,170.5
58.5898,0.0
58.60051,170.76
58.61123,0.0
58.62195,170.98
58.63266,0.0
58.64338,170.7
58.65409,0.0
58.66481,170.66
58.67553,0.0
58.68624,170.98
58.69696,0.0
58.70767,171.02
58.71839,0.0
58.7291,170.92
58.73982,0.0
58.75054,170.92
58.76125,0.0
58.77197,171.2
58.78268,0.0
58.7934,171.18
58.80411,0.0
58.81483,171.04
58.82555,0.0
58.83626,170.74
58.84698,0.0
58.85769,171.1
58.86841,0.0
58.87913,171.06
58.88984,0.0
58.90056,171.24
58.91127,0.0
58.92199,171.5
58.9327,0.0
58.94342,171.32
58.95414,0.0
58.96485,171.24
58.97557,0.0
58.98628,171.38
58.997,0.0
59.00772,171.14
59.01843,0.0
59.02915,171.0
59.03986,0.0
59.05058,171.26
59.06129,0.0
59.07201,171.08
59.08273,0.0
59.09344,170.82
59.10416,0.0
59.11487,170.82
59.12559,0.0
59.13631,171.24
59.14702,0.0
59.15774,171.08
59.16845,0.0
59.17917,171.2
59.18988,0.0
59.2006,171.38
59.21132,0.0
59.22203,171.36
59.23275,0.0
59.24346,171.36
59.25418,0.0
59.26489,171.48
59.27561,0.0
59.28633,171.52
59.29704,0.0
59.30776,171.34
59.31847,0.0
59.32919,171.06
59.33991,0.0
59.35062,171.36
59.36134,0.0
59.37205,171.55
59.38277,0.0
59.39348,171.55
59.4042,0.0
59.41492,171.6
59.42563,0.0
59.43635,171.53
59.44706,0.0
59.45778,171.66
59.4685,0.0
59.47921,171.6
59.48993,0.0
59.50064,171.55
59.51136,0.0
59.52207,171.73
59.53279,0.0
59.54351,171.87
59.55422,0.0
59.56494,171.83
59.57565,0.0
59.58637,171.79
59.59709,0.0
59.6078,171.79
59.61852,0.0
59.62923,171.98
59.63995,0.0
59.65066,172.11
59.66138,0.0
59.6721,172.08
59.68281,0.0
59.69353,172.32
59.70424,0.0
59.71496,172.38
59.72568,0.0
59.73639,172.59
59.74711,0.0
59.75782,172.88
59.76854,0.0
59.77925,173.06
59.78997,327.68
59.80069,173.21
59.8114,0.0
59.82212,173.41
59.83283,327.68
59.84355,173.79
59.85426,491.52
59.86498,174.12
59.8757,0.0
59.88641,174.34
59.89713,491.52
59.90784,174.56
59.91856,491.52
59.92928,174.85
59.93999,491.52
59.95071,175.11
59.96142,81.92
59.97214,175.36
59.98285,163.84
59.99357,175.37
60.00429,0.0
60.015,175.25
60.02572,327.68
60.03643,175.25
60.04715,327.68
60.05787,175.11
60.06858,491.52
60.0793,174.85
60.09001,0.0
60.10073,174.87
60.11144,0.0
60.12216,174.83
60.13288,0.0
60.14359,174.81
60.15431,491.52
60.16502,174.72
60.17574,0.0
60.18646,174.51
60.19717,491.52
60.20789,174.39
60.2186,0.0
60.22932,174.29
60.24003,0.0
60.25075,174.23
60.26147,0.0
60.27218,174.08
60.2829,327.68
60.29361,173.63
60.30433,0.0
60.31505,173.3
60.32576,0.0
60.33648,173.16
60.34719,327.68
60.35791,172.95
60.36862,0.0
60.37934,172.81
60.39006,0.0
60.40077,172.78
60.41149,0.0
60.4222,172.65
60.43292,0.0
60.44363,172.34
60.45435,0.0
60.46507,172.24
60.47578,0.0
60.4865,172.05
60.49721,0.0
60.50793,171.89
60.51865,0.0
60.52936,171.94
60.54008,0.0
60.55079,171.78
60.56151,0.0
60.57222,171.87
60.58294,0.0
60.59366,171.85
60.60437,0.0
60.61509,171.69
60.6258,0.0
60.63652,171.55
60.64724,0.0
60.65795,171.73
60.66867,0.0
60.67938,171.61
60.6901,0.0
60.70081,171.52
60.71153,0.0
60.72225,171.66
60.73296,0.0
60.74368,171.66
60.75439,0.0
60.76511,171.32
60.77583,0.0
60.78654,171.44
60.79726,0.0
60.80797,171.34
60.81869,0.0
60.8294,171.44
60.84012,0.0
60.85084,171.53
60.86155,0.0
60.87227,171.22
60.88298,0.0
60.8937,171.08
60.90441,0.0
60.91513,171.46
60.92585,0.0
60.93656,171.1
60.94728,0.0
60.95799,171.12
60.96871,0.0
60.97943,171.08
60.99014,0.0
61.00086,171.3
61.01157,0.0
61.02229,171.22
61.033,0.0
61.04372,171.5
61.05444,0.0
61.06515,171.18
61.07587,0.0
61.08658,171.22
61.0973,0.0
61.10802,171.16
61.11873,0.0
61.12945,171.26
61.14016,0.0
61.15088,171.38
61.16159,0.0
61.17231,171.28
61.18303,0.0
61.19374,171.28
61.20446,0.0
61.21517,171.53
61.22589,0.0
61.23661,171.71
61.24732,0.0
61.25804,171.75
61.26875,0.0
61.27947,171.75
61.29018,0.0
61.3009,171.85
61.31162,0.0
61.32233,172.31
61.33305,0.0
61.34376,172.58
61.35448,0.0
61.3652,172.66
61.37591,0.0
61.38663,172.68
61.39734,0.0
61.40806,172.71
61.41877,0.0
61.42949,172.5
61.44021,0.0
61.45092,172.46
61.46164,0.0
61.47235,172.31
61.48307,0.0
61.49378,172.08
61.5045,0.0
61.51522,172.13
61.52593,0.0
61.53665,171.93
61.54736,0.0
61.55808,171.92
61.5688,0.0
61.57951,172.21
61.59023,0.0
61.60094,171.93
61.61166,0.0
61.62237,171.84
61.63309,0.0
61.64381,171.83
61.65452,0.0
61.66524,171.69
61.67595,0.0
61.68667,171.55
61.69739,0.0
61.7081,171.42
61.71882,0.0
61.72953,171.46
61.74025,0.0
61.75096,171.3
61.76168,0.0
61.7724,171.06
61.78311,0.0
61.79383,171.24
61.80454,0.0
61.81526,171.52
61.82598,0.0
61.83669,171.44
61.84741,0.0
61.85812,171.63
61.86884,0.0
61.87955,171.76
61.89027,0.0
61.90099,171.75
61.9117,0.0
61.92242,171.63
61.93313,0.0
61.94385,171.56
61.95456,0.0
61.96528,171.3
61.976,0.0
61.98671,171.18
61.99743,0.0
62.00814,171.1
62.01886,0.0
62.02958,171.34
62.04029,0.0
62.05101,171.3
62.06172,0.0
62.07244,171.18
62.08315,0.0
62.09387,171.4
62.10459,0.0
62.1153,171.1
62.12602,0.0
62.13673,171.28
62.14745,0.0
62.15817,171.3
62.16888,0.0
62.1796,170.9
62.19031,0.0
62.20103,170.84
62.21174,0.0
62.22246,171.1
62.23318,0.0
62.24389,170.94
62.25461,0.0
62.26532,170.86
62.27604,0.0
62.28676,170.66
62.29747,0.0
62.30819,170.74
62.3189,0.0
62.32962,170.7
62.34033,0.0
62.35105,170.68
62.36177,0.0
62.37248,170.72
62.3832,0.0
62.39391,170.64
62.40463,0.0
62.41535,170.54
62.42606,0.0
62.43678,170.8
62.44749,0.0
62.45821,170.76
62.46892,0.0
62.47964,170.64
62.49036,0.0
62.50107,170.4
62.51179,0.0
62.5225,170.7
62.53322,0.0
62.54393,170.8
62.55465,0.0
62.56537,170.76
62.57608,0.0
62.5868,170.74
62.59751,0.0
62.60823,170.76
62.61895,0.0
62.62966,170.52
62.64038,0.0
62.65109,170.56
62.66181,0.0
62.67252,170.52
62.68324,0.0
62.69396,170.74
62.70467,0.0
62.71539,170.82
62.7261,0.0
62.73682,170.74
62.74754,0.0
62.75825,170.56
62.76897,0.0
62.77968,170.5
62.7904,0.0
62.80111,170.82
62.81183,0.0
62.82255,170.66
62.83326,0.0
62.84398,170.64
62.85469,0.0
62.86541,170.64
62.87613,0.0
62.88684,170.72
62.89756,0.0
62.90827,170.68
62.91899,0.0
62.9297,171.0
62.94042,0.0
62.95114,170.52
62.96185,0.0
62.97257,170.24
62.98328,0.0
62.994,170.3
63.00471,0.0
63.01543,170.62
63.02615,0.0
63.03686,170.54
63.04758,0.0
63.05829,170.82
63.06901,0.0
63.07973,170.76
63.09044,0.0
63.10116,170.72
63.11187,0.0
63.12259,170.78
63.1333,0.0
63.14402,170.88
63.15474,0.0
63.16545,170.78
63.17617,0.0
63.18688,170.54
63.1976,0.0
63.20832,170.76
63.21903,0.0
63.22975,170.64
63.24046,0.0
63.25118,170.54
63.26189,0.0
63.27261,170.5
63.28333,0.0
63.29404,170.56
63.30476,0.0
63.31547,170.5
63.32619,0.0
63.33691,170.58
63.34762,0.0
63.35834,170.78
63.36905,0.0
63.37977,170.92
63.39048,0.0
63.4012,170.92
63.41192,0.0
63.42263,170.52
63.43335,0.0
63.44406,170.7
63.45478,0.0
63.4655,170.6
63.47621,0.0
63.48693,170.68
63.49764,0.0
63.50836,170.42
63.51907,0.0
63.52979,170.56
63.54051,0.0
63.55122,170.66
63.56194,0.0
63.57265,170.52
63.58337,0.0
63.59408,170.46
63.6048,0.0
63.61552,170.68
63.62623,0.0
63.63695,170.66
63.64766,0.0
63.65838,170.78
63.6691,0.0
63.67981,170.66
63.69053,0.0
63.70124,170.5
63.71196,0.0
63.72267,170.72
63.73339,0.0
63.74411,170.88
63.75482,0.0
63.76554,170.68
63.77625,0.0
63.78697,170.74
63.79769,0.0
63.8084,170.68
63.81912,0.0
63.82983,170.64
63.84055,0.0
63.85126,170.42
63.86198,0.0
63.8727,170.38
63.88341,0.0
63.89413,170.74
63.90484,0.0
63.91556,170.74
63.92628,0.0
63.93699,170.4
63.94771,0.0
63.95842,170.68
63.96914,0.0
63.97985,170.66
63.99057,0.0
64.00129,170.8
64.012,0.0
64.02272,170.66
64.03343,0.0
64.04415,170.64
64.05486,0.0
64.06558,170.56
64.0763,0.0
64.08701,170.34
64.09773,0.0
64.10844,170.26
64.11916,0.0
64.12988,170.48
64.14059,0.0
64.15131,170.8
64.16202,0.0
64.17274,170.96
64.18345,0.0
64.19417,170.8
64.20489,0.0
64.2156,170.46
64.22632,0.0
64.23703,170.42
64.24775,0.0
64.25847,170.74
64.26918,0.0
64.2799,170.68
64.29061,0.0
64.30133,170.56
64.31204,0.0
64.32276,170.54
64.33348,0.0
64.34419,170.58
64.35491,0.0
64.36562,170.48
64.37634,0.0
64.38706,170.56
64.39777,0.0
64.40849,170.38
64.4192,0.0
64.42992,170.6
64.44063,0.0
64.45135,170.72
64.46207,0.0
64.47278,170.7
64.4835,0.0
64.49421,170.62
64.50493,0.0
64.51565,170.72
64.52636,0.0
64.53708,170.5
64.54779,0.0
64.55851,170.52
64.56922,0.0
64.57994,170.6
64.59066,0.0
64.60137,170.48
64.61209,0.0
64.6228,170.3
64.63352,0.0
64.64423,170.4
64.65495,0.0
64.66567,170.68
64.67638,0.0
64.6871,170.44
64.69781,0.0
64.70853,170.5
64.71925,0.0
64.72996,170.7
64.74068,0.0
64.75139,170.76
64.76211,0.0
64.77282,170.76
64.78354,0.0
64.79426,170.62
64.80497,0.0
64.81569,170.4
64.8264,0.0
64.83712,170.42
64.84784,0.0
64.85855,170.6
64.86927,0.0
64.87998,170.64
64.8907,0.0
64.90141,170.58
64.91213,0.0
64.92285,170.52
64.93356,0.0
64.94428,170.7
64.95499,0.0
64.96571,170.46
64.97643,0.0
64.98714,170.46
64.99786,0.0
65.00857,170.62
65.01929,0.0
65.03,170.58
65.04072,0.0
65.05144,170.64
65.06215,0.0
65.07287,170.74
65.08358,0.0
65.0943,170.5
65.10502,0.0
65.11573,170.42
65.12645,0.0
65.13716,170.4
65.14788,0.0
65.15859,170.5
65.16931,0.0
65.18003,170.5
65.19074,0.0
65.20146,170.2
65.21217,0.0
65.22289,170.32
65.2336,0.0
65.24432,170.72
65.25504,0.0
65.26575,170.82
65.27647,0.0
65.28718,170.78
65.2979,0.0
65.30862,170.52
65.31933,0.0
65.33005,170.56
65.34076,0.0
65.35148,170.48
65.36219,0.0
65.37291,170.62
65.38363,0.0
65.39434,170.56
65.40506,0.0
65.41577,170.4
65.42649,0.0
65.43721,170.58
65.44792,0.0
65.45864,170.74
65.46935,0.0
65.48007,170.62
65.49078,0.0
65.5015,170.72
65.51222,0.0
65.52293,170.72
65.53365,0.0
65.54436,171.0
65.55508,0.0
65.5658,170.68
65.57651,0.0
65.58723,170.58
65.59794,0.0
65.60866,170.96
65.61937,0.0
65.63009,170.66
65.64081,0.0
65.65152,170.68
65.66224,0.0
65.67295,170.58
65.68367,0.0
65.69438,170.62
65.7051,0.0
65.71582,170.74
65.72653,0.0
65.73725,170.6
65.74796,0.0
65.75868,170.86
65.7694,0.0
65.78011,170.94
65.79083,0.0
65.80154,170.9
65.81226,0.0
65.82297,170.72
65.83369,0.0
65.84441,170.54
65.85512,0.0
65.86584,170.6
65.87655,0.0
65.88727,170.7
65.89799,0.0
65.9087,170.78
65.91942,0.0
65.93013,170.86
65.94085,0.0
65.95156,170.82
65.96228,0.0
65.973,170.64
65.98371,0.0
65.99443,170.68
66.00514,0.0
66.01586,170.76
66.02658,0.0
66.03729,170.9
66.04801,0.0
66.05872,171.14
66.06944,0.0
66.08015,171.08
66.09087,0.0
66.10159,171.22
66.1123,0.0
66.12302,171.08
66.13373,0.0
66.14445,171.06
66.15517,0.0
66.16588,170.86
66.1766,0.0
66.18731,171.04
66.19803,0.0
66.20874,171.56
66.21946,0.0
66.23018,171.52
66.24089,0.0
66.25161,171.68
66.26232,0.0
66.27304,172.12
66.28375,0.0
66.29447,172.46
66.30519,0.0
66.3159,172.59
66.32662,327.68
66.33733,173.0
66.34805,327.68
66.35877,173.33
66.36948,0.0
66.3802,173.66
66.39091,0.0
66.40163,173.99
66.41234,0.0
66.42306,174.07
66.43378,327.68
66.44449,173.84
66.45521,327.68
66.46592,173.56
66.47664,327.68
66.48736,173.5
66.49807,327.68
66.50879,173.08
66.5195,0.0
66.53022,173.14
66.54093,327.68
66.55165,173.0
66.56237,327.68
66.57308,172.97
66.5838,327.68
66.59451,173.1
66.60523,0.0
66.61595,173.12
66.62666,0.0
66.63738,173.19
66.64809,0.0
66.65881,173.0
66.66952,327.68
66.68024,172.84
66.69096,0.0
66.70167,172.61
66.71239,0.0
66.7231,172.16
66.73382,0.0
66.74453,171.89
66.75525,0.0
66.76597,171.59
66.77668,0.0
66.7874,171.46
66.79811,0.0
66.80883,171.22
66.81955,0.0
66.83026,171.08
66.84098,0.0
66.85169,170.76
66.86241,0.0
66.87312,170.62
66.88384,0.0
66.89456,170.74
66.90527,0.0
66.91599,170.84
66.9267,0.0
66.93742,170.86
66.94814,0.0
66.95885,170.5
66.96957,0.0
66.98028,170.7
66.991,0.0
67.00171,170.46
67.01243,0.0
67.02315,170.8
67.03386,0.0
67.04458,170.96
67.05529,0.0
67.06601,170.74
67.07673,0.0
67.08744,170.72
67.09816,0.0
67.10887,170.62
67.11959,0.0
67.1303,170.78
67.14102,0.0
67.15174,170.92
67.16245,0.0
67.17317,170.82
67.18388,0.0
67.1946,170.48
67.20532,0.0
67.21603,170.6
67.22675,0.0
67.23746,170.66
67.24818,0.0
67.25889,170.58
67.26961,0.0
67.28033,170.56
67.29104,0.0
67.30176,170.52
67.31247,0.0
67.32319,170.48
67.3339,0.0
67.34462,170.6
67.35534,0.0
67.36605,170.72
67.37677,0.0
67.38748,170.62
67.3982,0.0
67.40892,170.26
67.41963,0.0
67.43035,170.66
67.44106,0.0
67.45178,170.8
67.46249,0.0
67.47321,170.62
67.48393,0.0
67.49464,170.5
67.50536,0.0
67.51607,170.52
67.52679,0.0
67.53751,170.46
67.54822,0.0
67.55894,170.76
67.56965,0.0
67.58037,170.74
67.59108,0.0
67.6018,170.5
67.61252,0.0
67.62323,170.7
67.63395,0.0
67.64466,170.76
67.65538,0.0
67.6661,170.66
67.67681,0.0
67.68753,170.84
67.69824,0.0
67.70896,170.86
67.71967,0.0
67.73039,170.82
67.74111,0.0
67.75182,170.82
67.76254,0.0
67.77325,170.9
67.78397,0.0
67.79468,171.04
67.8054,0.0
67.81612,170.76
67.82683,0.0
67.83755,171.12
67.84826,0.0
67.85898,171.24
67.8697,0.0
67.88041,171.3
67.89113,0.0
67.90184,171.24
67.91256,0.0
67.92327,171.0
67.93399,0.0
67.94471,171.1
67.95542,0.0
67.96614,171.22
67.97685,0.0
67.98757,171.22
67.99829,0.0
68.009,170.96
68.01972,0.0
68.03043,171.28
68.04115,0.0
68.05186,171.14
68.06258,0.0
68.0733,171.04
68.08401,0.0
68.09473,171.28
68.10544,0.0
68.11616,171.34
68.12688,0.0
68.13759,171.42
68.14831,0.0
68.15902,171.36
68.16974,0.0
68.18045,171.2
68.19117,0.0
68.20189,171.2
68.2126,0.0
68.22332,171.46
68.23403,0.0
68.24475,171.44
68.25547,0.0
68.26618,170.98
68.2769,0.0
68.28761,170.9
68.29833,0.0
68.30904,171.06
68.31976,0.0
68.33048,170.82
68.34119,0.0
68.35191,170.9
68.36262,0.0
68.37334,170.84
68.38405,0.0
68.39477,170.98
68.40549,0.0
68.4162,170.98
68.42692,0.0
68.43763,170.82
68.44835,0.0
68.45907,170.6
68.46978,0.0
68.4805,170.72
68.49121,0.0
68.50193,170.54
68.51264,0.0
68.52336,170.66
68.53408,0.0
68.54479,170.58
68.55551,0.0
68.56622,170.62
68.57694,0.0
68.58766,170.66
68.59837,0.0
68.60909,170.68
68.6198,0.0
68.63052,170.7
68.64123,0.0
68.65195,170.8
68.66267,0.0
68.67338,170.58
68.6841,0.0
68.69481,170.48
68.70553,0.0
68.71625,170.34
68.72696,0.0
68.73768,170.58
68.74839,0.0
68.75911,170.62
68.76982,0.0
68.78054,170.74
68.79126,0.0
68.80197,170.66
68.81269,0.0
68.8234,170.7
68.83412,0.0
68.84483,170.44
68.85555,0.0
68.86627,170.46
68.87698,0.0
68.8877,170.4
68.89841,0.0
68.90913,170.52
68.91985,0.0
68.93056,170.8
68.94128,0.0
68.95199,170.5
68.96271,0.0
68.97342,170.36
68.98414,0.0
68.99486,170.36
69.00557,0.0
69.01629,170.42
69.027,0.0
69.03772,170.58
69.04844,0.0
69.05915,170.46
69.06987,0.0
69.08058,170.38
69.0913,0.0
69.10201,170.6
69.11273,0.0
69.12345,170.7
69.13416,0.0
69.14488,170.6
69.15559,0.0
69.16631,170.44
69.17703,0.0
69.18774,170.54
69.19846,0.0
69.20917,170.68
69.21989,0.0
69.2306,170.68
69.24132,0.0
69.25204,170.66
69.26275,0.0
69.27347,170.6
69.28418,0.0
69.2949,170.78
69.30562,0.0
69.31633,170.58
69.32705,0.0
69.33776,170.6
69.34848,0.0
69.35919,170.56
69.36991,0.0
69.38063,170.46
69.39134,0.0
69.40206,170.38
69.41277,0.0
69.42349,170.44
69.4342,0.0
69.44492,170.56
69.45564,0.0
69.46635,170.6
69.47707,0.0
69.48778,170.64
69.4985,0.0
69.50922,170.68
69.51993,0.0
69.53065,170.62
69.54136,0.0
69.55208,170.46
69.56279,0.0
69.57351,170.4
69.58423,0.0
69.59494,170.62
69.60566,0.0
69.61637,170.54
69.62709,0.0
69.63781,170.5
69.64852,0.0
69.65924,170.82
69.66995,0.0
69.68067,170.78
69.69138,0.0
69.7021,170.72
69.71282,0.0
69.72353,170.68
69.73425,0.0
69.74496,170.6
69.75568,0.0
69.7664,170.8
69.77711,0.0
69.78783,170.92
69.79854,0.0
69.80926,170.64
69.81997,0.0
69.83069,170.8
69.84141,0.0
69.85212,170.7
69.86284,0.0
69.87355,171.16
69.88427,0.0
69.89498,171.06
69.9057,0.0
69.91642,170.96
69.92713,0.0
69.93785,170.88
69.94856,0.0
69.95928,170.86
69.97,0.0
69.98071,171.14
69.99143,0.0
70.00214,171.2
70.01286,0.0
70.02357,171.04
70.03429,0.0
70.04501,171.06
70.05572,0.0
70.06644,170.96
70.07715,0.0
70.08787,170.92
70.09859,0.0
70.1093,170.94
70.12002,0.0
70.13073,170.9
70.14145,0.0
70.15216,170.98
70.16288,0.0
70.1736,170.96
70.18431,0.0
70.19503,170.82
70.20574,0.0
70.21646,170.94
70.22718,0.0
70.23789,171.08
70.24861,0.0
70.25932,170.94
70.27004,0.0
70.28075,170.84
70.29147,0.0
70.30219,170.7
70.3129,0.0
70.32362,170.54
70.33433,0.0
70.34505,170.64
70.35577,0.0
70.36648,170.82
70.3772,0.0
70.38791,170.78
70.39863,0.0
70.40934,170.72
70.42006,0.0
70.43078,170.72
70.44149,0.0
70.45221,170.84
70.46292,0.0
70.47364,170.84
70.48435,0.0
70.49507,170.78
70.50579,0.0
70.5165,170.84
70.52722,0.0
70.53793,170.96
70.54865,0.0
70.55937,170.8
70.57008,0.0
70.5808,170.72
70.59151,0.0
70.60223,170.72
70.61294,0.0
70.62366,170.84
70.63438,0.0
70.64509,170.8
70.65581,0.0
70.66652,171.16
70.67724,0.0
70.68796,171.42
70.69867,0.0
70.70939,171.42
70.7201,0.0
70.73082,170.94
70.74153,0.0
70.75225,171.24
70.76297,0.0
70.77368,171.42
70.7844,0.0
70.79511,171.48
70.80583,0.0
70.81655,171.36
70.82726,0.0
70.83798,171.67
70.84869,0.0
70.85941,171.75
70.87012,0.0
70.88084,171.8
70.89156,0.0
70.90227,172.08
70.91299,0.0
70.9237,172.37
70.93442,0.0
70.94514,172.6
70.95585,0.0
70.96657,172.79
70.97728,327.68
70.988,173.17
70.99871,327.68
71.00943,173.55
71.02015,327.68
71.03086,173.96
71.04158,491.52
71.05229,174.24
71.06301,491.52
71.07372,174.34
71.08444,163.84
71.09516,174.43
71.10587,327.68
71.11659,174.43
71.1273,163.84
71.13802,174.34
71.14874,491.52
71.15945,174.28
71.17017,491.52
71.18088,174.16
71.1916,0.0
71.20231,174.14
71.21303,491.52
71.22375,174.11
71.23446,491.52
71.24518,174.12
71.25589,491.52
71.26661,174.15
71.27733,0.0
71.28804,174.16
71.29876,0.0
71.30947,174.14
71.32019,327.68
71.3309,174.12
71.34162,0.0
71.35234,173.94
71.36305,0.0
71.37377,173.65
71.38448,0.0
71.3952,173.5
71.40592,0.0
71.41663,173.33
71.42735,327.68
71.43806,173.1
71.44878,0.0
71.45949,173.02
71.47021,327.68
71.48093,172.83
71.49164,0.0
71.50236,172.68
71.51307,0.0
71.52379,172.47
71.5345,0.0
71.54522,172.36
71.55594,0.0
71.56665,172.16
71.57737,0.0
71.58808,172.02
71.5988,0.0
71.60952,171.71
71.62023,0.0
71.63095,171.68
71.64166,0.0
71.65238,171.6
71.66309,0.0
71.67381,171.55
71.68453,0.0
71.69524,171.59
71.70596,0.0
71.71667,171.59
71.72739,0.0
71.73811,171.5
71.74882,0.0
71.75954,171.16
71.77025,0.0
71.78097,171.16
71.79168,0.0
71.8024,171.14
71.81312,0.0
71.82383,171.44
71.83455,0.0
71.84526,171.52
71.85598,0.0
71.8667,171.14
71.87741,0.0
71.88813,170.94
71.89884,0.0
71.90956,171.22
71.92027,0.0
71.93099,171.24
71.94171,0.0
71.95242,171.4
71.96314,0.0
71.97385,170.88
71.98457,0.0
71.99529,171.08
72.006,0.0
72.01672,171.5
72.02743,0.0
72.03815,171.6
72.04886,0.0
72.05958,171.87
72.0703,0.0
72.08101,171.98
72.09173,0.0
72.10244,172.14
72.11316,0.0
72.12387,172.6
72.13459,0.0
72.14531,172.62
72.15602,0.0
72.16674,172.63
72.17745,0.0
72.18817,172.36
72.19889,0.0
72.2096,172.32
72.22032,0.0
72.23103,172.21
72.24175,0.0
72.25246,171.96
72.26318,0.0
72.2739,171.69
72.28461,0.0
72.29533,171.66
72.30604,0.0
72.31676,171.56
72.32748,0.0
72.33819,171.83
72.34891,0.0
72.35962,171.93
72.37034,0.0
72.38105,171.91
72.39177,0.0
72.40249,171.65
72.4132,0.0
72.42392,171.79
72.43463,0.0
72.44535,171.58
72.45607,0.0
72.46678,171.54
72.4775,0.0
72.48821,171.1
72.49893,0.0
72.50964,171.34
72.52036,0.0
72.53108,170.96
72.54179,0.0
72.55251,170.8
72.56322,0.0
72.57394,170.66
72.58465,0.0
72.59537,170.72
72.60609,0.0
72.6168,170.88
72.62752,0.0
72.63823,170.64
72.64895,0.0
72.65967,170.74
72.67038,0.0
72.6811,170.76
72.69181,0.0
72.70253,170.58
72.71324,0.0
72.72396,170.66
72.73468,0.0
72.74539,170.68
72.75611,0.0
72.76682,170.76
72.77754,0.0
72.78826,170.92
72.79897,0.0
72.80969,170.68
72.8204,0.0
72.83112,170.8
72.84183,0.0
72.85255,170.62
72.86327,0.0
72.87398,170.68
72.8847,0.0
72.89541,170.92
72.90613,0.0
72.91685,170.76
72.92756,0.0
72.93828,170.82
72.94899,0.0
72.95971,170.7
72.97042,0.0
72.98114,170.6
72.99186,0.0
73.00257,170.5
73.01329,0.0
73.024,170.46
73.03472,0.0
73.04544,170.66
73.05615,0.0
73.06687,170.58
73.07758,0.0
73.0883,170.4
73.09901,0.0
73.10973,170.36
73.12045,0.0
73.13116,170.46
73.14188,0.0
73.15259,170.7
73.16331,0.0
73.17402,170.66
73.18474,0.0
73.19546,170.6
73.20617,0.0
73.21689,170.72
73.2276,0.0
73.23832,170.78
73.24904,0.0
73.25975,170.62
73.27047,0.0
73.28118,170.3
73.2919,0.0
73.30261,170.44
73.31333,0.0
73.32405,170.6
73.33476,0.0
73.34548,170.46
73.35619,0.0
73.36691,170.38
73.37763,0.0
73.38834,170.68
73.39906,0.0
73.40977,170.76
73.42049,0.0
73.4312,170.6
73.44192,0.0
73.45264,170.54
73.46335,0.0
73.47407,170.72
73.48478,0.0
73.4955,170.52
73.50622,0.0
73.51693,170.4
73.52765,0.0
73.53836,170.48
73.54908,0.0
73.55979,170.36
73.57051,0.0
73.58123,170.16
73.59194,0.0
73.60266,170.3
73.61337,0.0
73.62409,170.52
73.6348,0.0
73.64552,170.76
73.65624,0.0
73.66695,170.82
73.67767,0.0
73.68838,170.6
73.6991,0.0
73.70982,170.56
73.72053,0.0
73.73125,170.58
73.74196,0.0
73.75268,170.44
73.76339,0.0
73.77411,170.42
73.78483,0.0
73.79554,170.6
73.80626,0.0
73.81697,170.62
73.82769,0.0
73.83841,170.66
73.84912,0.0
73.85984,170.6
73.87055,0.0
73.88127,170.56
73.89198,0.0
73.9027,170.56
73.91342,0.0
73.92413,170.54
73.93485,0.0
73.94556,170.62
73.95628,0.0
73.967,170.54
73.97771,0.0
73.98843,170.48
73.99914,0.0
74.00986,170.62
74.02057,0.0
74.03129,170.82
74.04201,0.0
74.05272,170.78
74.06344,0.0
74.07415,170.74
74.08487,0.0
74.09559,170.9
74.1063,0.0
74.11702,170.96
74.12773,0.0
74.13845,171.02
74.14916,0.0
74.15988,170.98
74.1706,0.0
74.18131,170.7
74.19203,0.0
74.20274,170.92
74.21346,0.0
74.22417,170.8
74.23489,0.0
74.24561,170.86
74.25632,0.0
74.26704,171.18
74.27775,0.0
74.28847,170.98
74.29919,0.0
74.3099,170.74
74.32062,0.0
74.33133,170.68
74.34205,0.0
74.35276,170.96
74.36348,0.0
74.3742,171.02
74.38491,0.0
74.39563,170.78
74.40634,0.0
74.41706,170.92
74.42778,0.0
74.43849,171.02
74.44921,0.0
74.45992,171.16
74.47064,0.0
74.48135,171.32
74.49207,0.0
74.50279,171.4
74.5135,0.0
74.52422,171.59
74.53493,0.0
74.54565,171.68
74.55637,0.0
74.56708,171.48
74.5778,0.0
74.58851,171.42
74.59923,0.0
74.60994,171.46
74.62066,0.0
74.63138,171.12
74.64209,0.0
74.65281,171.24
74.66352,0.0
74.67424,171.08
74.68495,0.0
74.69567,170.94
74.70639,0.0
74.7171,170.96
74.72782,0.0
74.73853,171.26
74.74925,0.0
74.75997,171.26
74.77068,0.0
74.7814,171.28
74.79211,0.0
74.80283,171.08
74.81354,0.0
74.82426,170.86
74.83498,0.0
74.84569,170.76
74.85641,0.0
74.86712,170.72
74.87784,0.0
74.88856,170.82
74.89927,0.0
74.90999,170.58
74.9207,0.0
74.93142,170.78
74.94213,0.0
74.95285,170.66
74.96357,0.0
74.97428,170.84
74.985,0.0
74.99571,170.76
75.00643,0.0
75.01715,170.74
75.02786,0.0
75.03858,170.6
75.04929,0.0
75.06001,170.62
75.07072,0.0
75.08144,170.68
75.09216,0.0
75.10287,170.74
75.11359,0.0
75.1243,170.56
75.13502,0.0
75.14574,170.48
75.15645,0.0
75.16717,170.54
75.17788,0.0
75.1886,170.46
75.19931,0.0
75.21003,170.6
75.22075,0.0
75.23146,170.52
75.24218,0.0
75.25289,170.54
75.26361,0.0
75.27432,170.9
75.28504,0.0
75.29576,170.74
75.30647,0.0
75.31719,170.54
75.3279,0.0
75.33862,170.58
75.34934,0.0
75.36005,170.66
75.37077,0.0
75.38148,170.62
75.3922,0.0
75.40291,170.72
75.41363,0.0
75.42435,170.76
75.43506,0.0
75.44578,170.84
75.45649,0.0
75.46721,170.7
75.47793,0.0
75.48864,170.42
75.49936,0.0
75.51007,170.48
75.52079,0.0
75.5315,170.54
75.54222,0.0
75.55294,170.4
75.56365,0.0
75.57437,170.54
75.58508,0.0
75.5958,170.28
75.60652,0.0
75.61723,170.3
75.62795,0.0
75.63866,170.52
75.64938,0.0
75.66009,170.56
75.67081,0.0
75.68153,170.52
75.69224,0.0
75.70296,170.48
75.71367,0.0
75.72439,170.58
75.73511,0.0
75.74582,170.46
75.75654,0.0
75.76725,170.64
75.77797,0.0
75.78868,170.5
75.7994,0.0
75.81012,170.44
75.82083,0.0
75.83155,170.58
75.84226,0.0
75.85298,170.72
75.86369,0.0
75.87441,170.74
75.88513,0.0
75.89584,170.66
75.90656,0.0
75.91727,170.72
75.92799,0.0
75.93871,170.72
75.94942,0.0
75.96014,170.54
75.97085,0.0
75.98157,170.5
75.99228,0.0
76.003,170.66
76.01372,0.0
76.02443,170.82
76.03515,0.0
76.04586,170.58
76.05658,0.0
76.0673,170.8
76.07801,0.0
76.08873,170.54
76.09944,0.0
76.11016,170.8
76.12087,0.0
76.13159,170.84
76.14231,0.0
76.15302,170.4
76.16374,0.0
76.17445,170.66
76.18517,0.0
76.19589,170.7
76.2066,0.0
76.21732,170.72
76.22803,0.0
76.23875,170.7
76.24946,0.0
76.26018,170.88
76.2709,0.0
76.28161,170.9
76.29233,0.0
76.30304,170.88
76.31376,0.0
76.32447,171.1
76.33519,0.0
76.34591,171.4
76.35662,0.0
76.36734,171.53
76.37805,0.0
76.38877,171.74
76.39949,0.0
76.4102,172.1
76.42092,0.0
76.43163,172.18
76.44235,0.0
76.45306,172.44
76.46378,0.0
76.4745,172.61
76.48521,0.0
76.49593,172.66
76.50664,0.0
76.51736,172.7
76.52808,0.0
76.53879,172.65
76.54951,0.0
76.56022,171.94
76.57094,0.0
76.58165,171.95
76.59237,0.0
76.60309,171.86
76.6138,0.0
76.62452,171.81
76.63523,0.0
76.64595,171.73
76.65667,0.0
76.66738,171.87
76.6781,0.0
76.68881,171.95
76.69953,0.0
76.71024,172.01
76.72096,0.0
76.73168,171.86
76.74239,0.0
76.75311,171.86
76.76382,0.0
76.77454,171.77
76.78526,0.0
76.79597,171.68
76.80669,0.0
76.8174,171.65
76.82812,0.0
76.83883,171.6
76.84955,0.0
76.86027,171.54
76.87098,0.0
76.8817,171.56
76.89241,0.0
76.90313,171.14
76.91384,0.0
76.92456,171.32
76.93528,0.0
76.94599,171.0
76.95671,0.0
76.96742,171.06
76.97814,0.0
76.98886,171.1
76.99957,0.0
77.01029,171.12
77.021,0.0
77.03172,171.08
77.04243,0.0
77.05315,171.14
77.06387,0.0
77.07458,171.02
77.0853,0.0
77.09601,170.74
77.10673,0.0
77.11745,170.8
77.12816,0.0
77.13888,170.76
77.14959,0.0
77.16031,170.64
77.17102,0.0
77.18174,170.48
77.19246,0.0
77.20317,170.6
77.21389,0.0
77.2246,170.62
77.23532,0.0
77.24604,170.82
77.25675,0.0
77.26747,170.72
77.27818,0.0
77.2889,170.52
77.29961,0.0
77.31033,170.76
77.32105,0.0
77.33176,170.48
77.34248,0.0
77.35319,170.28
77.36391,0.0
77.37462,170.6
77.38534,0.0
77.39606,170.84
77.40677,0.0
77.41749,170.56
77.4282,0.0
77.43892,170.54
77.44964,0.0
77.46035,170.38
77.47107,0.0
77.48178,169.92
77.4925,0.0
77.50321,170.36
77.51393,0.0
77.52465,170.58
77.53536,0.0
77.54608,170.48
77.55679,0.0
77.56751,170.32
77.57823,0.0
77.58894,170.52
77.59966,0.0
77.61037,170.38
77.62109,0.0
77.6318,170.32
77.64252,0.0
77.65324,170.54
77.66395,0.0
77.67467,170.3
77.68538,0.0
77.6961,170.2
77.70682,0.0
77.71753,170.36
77.72825,0.0
77.73896,170.34
77.74968,0.0
77.76039,170.36
77.77111,0.0
77.78183,170.34
77.79254,0.0
77.80326,170.44
77.81397,0.0
77.82469,170.26
77.83541,0.0
77.84612,170.44
77.85684,0.0
77.86755,170.5
77.87827,0.0
77.88898,170.32
77.8997,0.0
77.91042,170.36
77.92113,0.0
77.93185,170.58
77.94256,0.0
77.95328,170.38
77.96399,0.0
77.97471,170.48
77.98543,0.0
77.99614,170.6
78.00686,0.0
78.01757,170.38
78.02829,0.0
78.03901,170.04
78.04972,0.0
78.06044,170.24
78.07115,0.0
78.08187,170.36
78.09258,0.0
78.1033,170.56
78.11402,0.0
78.12473,170.56
78.13545,0.0
78.14616,170.46
78.15688,0.0
78.1676,170.56
78.17831,0.0
78.18903,170.68
78.19974,0.0
78.21046,170.66
78.22117,0.0
78.23189,170.66
78.24261,0.0
78.25332,170.58
78.26404,0.0
78.27475,170.52
78.28547,0.0
78.29619,170.42
78.3069,0.0
78.31762,170.58
78.32833,0.0
78.33905,170.5
78.34976,0.0
78.36048,170.48
78.3712,0.0
78.38191,170.5
78.39263,0.0
78.40334,170.44
78.41406,0.0
78.42477,170.42
78.43549,0.0
78.44621,170.34
78.45692,0.0
78.46764,170.38
78.47835,0.0
78.48907,170.42
78.49979,0.0
78.5105,170.56
78.52122,0.0
78.53193,170.48
78.54265,0.0
78.55336,170.5
78.56408,0.0
78.5748,170.5
78.58551,0.0
78.59623,170.5
78.60694,0.0
78.61766,170.62
78.62838,0.0
78.63909,170.54
78.64981,0.0
78.66052,170.56
78.67124,0.0
78.68195,170.56
78.69267,0.0
78.70339,170.36
78.7141,0.0
78.72482,170.5
78.73553,0.0
78.74625,170.38
78.75697,0.0
78.76768,170.64
78.7784,0.0
78.78911,170.38
78.79983,0.0
78.81054,170.24
78.82126,0.0
78.83198,170.34
78.84269,0.0
78.85341,170.26
78.86412,0.0
78.87484,170.2
78.88556,0.0
78.89627,170.5
78.90699,0.0
78.9177,170.5
78.92842,0.0
78.93913,170.6
78.94985,0.0
78.96057,170.54
78.97128,0.0
78.982,170.2
78.99271,0.0
79.00343,170.3
79.01414,0.0
79.02486,170.16
79.03558,0.0
79.04629,170.28
79.05701,0.0
79.06772,170.2
79.07844,0.0
79.08916,170.44
79.09987,0.0
79.11059,170.58
79.1213,0.0
79.13202,170.56
79.14273,0.0
79.15345,170.42
79.16417,0.0
79.17488,170.48
79.1856,0.0
79.19631,170.26
79.20703,0.0
79.21775,170.38
79.22846,0.0
79.23918,170.48
79.24989,0.0
79.26061,170.34
79.27132,0.0
79.28204,170.56
79.29276,0.0
79.30347,170.56
79.31419,0.0
79.3249,170.44
79.33562,0.0
79.34634,170.5
79.35705,0.0
79.36777,170.36
79.37848,0.0
79.3892,170.36
79.39991,0.0
79.41063,170.4
79.42135,0.0
79.43206,170.34
79.44278,0.0
79.45349,170.42
79.46421,0.0
79.47492,170.46
79.48564,0.0
79.49636,170.38
79.50707,0.0
79.51779,170.46
79.5285,0.0
79.53922,170.38
79.54994,0.0
79.56065,170.0
79.57137,0.0
79.58208,170.38
79.5928,0.0
79.60351,170.4
79.61423,0.0
79.62495,170.58
79.63566,0.0
79.64638,170.54
79.65709,0.0
79.66781,170.5
79.67853,0.0
79.68924,170.4
79.69996,0.0
79.71067,170.36
79.72139,0.0
79.7321,170.6
79.74282,0.0
79.75354,170.58
79.76425,0.0
79.77497,170.42
79.78568,0.0
79.7964,170.26
79.80712,0.0
79.81783,170.26
79.82855,0.0
79.83926,170.32
79.84998,0.0
79.86069,170.52
79.87141,0.0
79.88213,170.5
79.89284,0.0
79.90356,170.56
79.91427,0.0
79.92499,170.4
79.93571,0.0
79.94642,170.38
79.95714,0.0
79.96785,170.68
79.97857,0.0
79.98928,170.68
80.0,0.0
80.01072,170.58
80.02143,0.0
80.03215,170.42
80.04286,0.0
80.05358,170.04
80.06429,0.0
80.07501,170.32
80.08573,0.0
80.09644,170.3
80.10716,0.0
80.11787,170.4
80.12859,0.0
80.13931,170.42
80.15002,0.0
80.16074,170.24
80.17145,0.0
80.18217,170.28
80.19288,0.0
80.2036,170.7
80.21432,0.0
80.22503,170.36
80.23575,0.0
80.24646,170.46
80.25718,0.0
80.2679,170.64
80.27861,0.0
80.28933,170.54
80.30004,0.0
80.31076,170.38
80.32147,0.0
80.33219,170.48
80.34291,0.0
80.35362,170.78
80.36434,0.0
80.37505,170.5
80.38577,0.0
80.39649,170.32
80.4072,0.0
80.41792,170.32
80.42863,0.0
80.43935,170.42
80.45006,0.0
80.46078,170.48
80.4715,0.0
80.48221,170.44
80.49293,0.0
80.50364,170.4
80.51436,0.0
80.52508,170.42
80.53579,0.0
80.54651,170.32
80.55722,0.0
80.56794,170.66
80.57865,0.0
80.58937,170.56
80.60009,0.0
80.6108,170.58
80.62152,0.0
80.63223,170.4
80.64295,0.0
80.65366,170.34
80.66438,0.0
80.6751,170.44
80.68581,0.0
80.69653,170.5
80.70724,0.0
80.71796,170.28
80.72868,0.0
80.73939,170.58
80.75011,0.0
80.76082,170.56
80.77154,0.0
80.78225,170.7
80.79297,0.0
80.80369,170.68
80.8144,0.0
80.82512,170.84
80.83583,0.0
80.84655,170.96
80.85727,0.0
80.86798,171.18
80.8787,0.0
80.88941,171.53
80.90013,0.0
80.91084,171.58
80.92156,0.0
80.93228,171.62
80.94299,0.0
80.95371,171.77
80.96442,0.0
80.97514,171.94
80.98586,0.0
80.99657,172.0
81.00729,0.0
81.018,172.19
81.02872,0.0
81.03943,172.26
81.05015,0.0
81.06087,172.02
81.07158,0.0
81.0823,171.86
81.09301,0.0
81.10373,171.74
81.11444,0.0
81.12516,171.6
81.13588,0.0
81.14659,171.46
81.15731,0.0
81.16802,171.5
81.17874,0.0
81.18946,171.58
81.20017,0.0
81.21089,171.6
81.2216,0.0
81.23232,171.52
81.24303,0.0
81.25375,171.59
81.26447,0.0
81.27518,171.58
81.2859,0.0
81.29661,171.6
81.30733,0.0
81.31805,171.3
81.32876,0.0
81.33948,171.18
81.35019,0.0
81.36091,170.9
81.37162,0.0
81.38234,171.06
81.39306,0.0
81.40377,170.66
81.41449,0.0
81.4252,170.66
81.43592,0.0
81.44664,170.82
81.45735,0.0
81.46807,170.66
81.47878,0.0
81.4895,170.8
81.50021,0.0
81.51093,170.8
81.52165,0.0
81.53236,170.64
81.54308,0.0
81.55379,170.92
81.56451,0.0
81.57523,170.72
81.58594,0.0
81.59666,170.88
81.60737,0.0
81.61809,171.0
81.6288,0.0
81.63952,170.9
81.65024,0.0
81.66095,170.88
81.67167,0.0
81.68238,170.98
81.6931,0.0
81.70381,171.02
81.71453,0.0
81.72525,171.0
81.73596,0.0
81.74668,170.9
81.75739,0.0
81.76811,170.88
81.77883,0.0
81.78954,170.94
81.80026,0.0
81.81097,170.7
81.82169,0.0
81.8324,170.92
81.84312,0.0
81.85384,170.58
81.86455,0.0
81.87527,170.56
81.88598,0.0
81.8967,170.9
81.90742,0.0
81.91813,170.72
81.92885,0.0
81.93956,170.52
81.95028,0.0
81.96099,170.6
81.97171,0.0
81.98243,170.58
81.99314,0.0
82.00386,170.68
82.01457,0.0
82.02529,170.7
82.03601,0.0
82.04672,170.56
82.05744,0.0
82.06815,170.6
82.07887,0.0
82.08958,170.48
82.1003,0.0
82.11102,170.44
82.12173,0.0
82.13245,170.3
82.14316,0.0
82.15388,170.6
82.16459,0.0
82.17531,170.52
82.18603,0.0
82.19674,170.56
82.20746,0.0
82.21817,170.4
82.22889,0.0
82.23961,170.28
82.25032,0.0
82.26104,170.36
82.27175,0.0
82.28247,170.48
82.29318,0.0
82.3039,170.4
82.31462,0.0
82.32533,170.34
82.33605,0.0
82.34676,170.52
82.35748,0.0
82.3682,170.44
82.37891,0.0
82.38963,170.36
82.40034,0.0
82.41106,170.3
82.42177,0.0
82.43249,170.42
82.44321,0.0
82.45392,170.42
82.46464,0.0
82.47535,170.46
82.48607,0.0
82.49679,170.5
82.5075,0.0
82.51822,170.58
82.52893,0.0
82.53965,170.4
82.55036,0.0
82.56108,170.44
82.5718,0.0
82.58251,170.38
82.59323,0.0
82.60394,170.36
82.61466,0.0
82.62538,170.46
82.63609,0.0
82.64681,170.44
82.65752,0.0
82.66824,170.42
82.67895,0.0
82.68967,170.64
82.70039,0.0
82.7111,170.36
82.72182,0.0
82.73253,170.2
82.74325,0.0
82.75396,170.3
82.76468,0.0
82.7754,170.2
82.78611,0.0
82.79683,170.34
82.80754,0.0
82.81826,170.44
82.82898,0.0
82.83969,170.46
82.85041,0.0
82.86112,170.48
82.87184,0.0
82.88255,170.08
82.89327,0.0
82.90399,170.28
82.9147,0.0
82.92542,170.16
82.93613,0.0
82.94685,170.32
82.95757,0.0
82.96828,170.46
82.979,0.0
82.98971,170.56
83.00043,0.0
83.01114,170.3
83.02186,0.0
83.03258,170.44
83.04329,0.0
83.05401,170.36
83.06472,0.0
83.07544,170.32
83.08616,0.0
83.09687,170.32
83.10759,0.0
83.1183,170.24
83.12902,0.0
83.13973,170.28
83.15045,0.0
83.16117,170.46
83.17188,0.0
83.1826,170.62
83.19331,0.0
83.20403,170.44
83.21474,0.0
83.22546,170.3
83.23618,0.0
83.24689,170.52
83.25761,0.0
83.26832,170.46
83.27904,0.0
83.28976,170.52
83.30047,0.0
83.31119,170.34
83.3219,0.0
83.33262,170.32
83.34333,0.0
83.35405,170.48
83.36477,0.0
83.37548,170.12
83.3862,0.0
83.39691,170.28
83.40763,0.0
83.41835,169.92
83.42906,0.0
83.43978,170.28
83.45049,0.0
83.46121,170.44
83.47192,0.0
83.48264,170.4
83.49336,0.0
83.50407,170.5
83.51479,0.0
83.5255,170.6
83.53622,0.0
83.54694,170.34
83.55765,0.0
83.56837,170.44
83.57908,0.0
83.5898,170.54
83.60051,0.0
83.61123,170.4
83.62195,0.0
83.63266,170.62
83.64338,0.0
83.65409,170.4
83.66481,0.0
83.67553,170.36
83.68624,0.0
83.69696,170.44
83.70767,0.0
83.71839,170.62
83.7291,0.0
83.73982,170.48
83.75054,0.0
83.76125,170.78
83.77197,0.0
83.78268,170.82
83.7934,0.0
83.80411,170.66
83.81483,0.0
83.82555,170.7
83.83626,0.0
83.84698,170.66
83.85769,0.0
83.86841,170.76
83.87913,0.0
83.88984,171.02
83.90056,0.0
83.91127,171.53
83.92199,0.0
83.9327,171.61
83.94342,0.0
83.95414,171.56
83.96485,0.0
83.97557,171.65
83.98628,0.0
83.997,171.73
84.00772,0.0
84.01843,171.55
84.02915,0.0
84.03986,171.3
84.05058,0.0
84.06129,171.18
84.07201,0.0
84.08273,171.04
84.09344,0.0
84.10416,170.98
84.11487,0.0
84.12559,170.86
84.13631,0.0
84.14702,170.94
84.15774,0.0
84.16845,170.96
84.17917,0.0
84.18988,170.98
84.2006,0.0
84.21132,171.1
84.22203,0.0
84.23275,171.26
84.24346,0.0
84.25418,171.3
84.26489,0.0
84.27561,170.92
84.28633,0.0
84.29704,171.0
84.30776,0.0
84.31847,171.02
84.32919,0.0
84.33991,170.84
84.35062,0.0
84.36134,170.68
84.37205,0.0
84.38277,170.66
84.39348,0.0
84.4042,170.6
84.41492,0.0
84.42563,170.34
84.43635,0.0
84.44706,170.62
84.45778,0.0
84.4685,170.62
84.47921,0.0
84.48993,170.52
84.50064,0.0
84.51136,170.46
84.52207,0.0
84.53279,170.46
84.54351,0.0
84.55422,170.48
84.56494,0.0
84.57565,170.48
84.58637,0.0
84.59709,170.48
84.6078,0.0
84.61852,170.58
84.62923,0.0
84.63995,170.62
84.65066,0.0
84.66138,170.42
84.6721,0.0
84.68281,170.46
84.69353,0.0
84.70424,170.58
84.71496,0.0
84.72568,170.56
84.73639,0.0
84.74711,170.4
84.75782,0.0
84.76854,170.46
84.77925,0.0
84.78997,170.74
84.80069,0.0
84.8114,170.32
84.82212,0.0
84.83283,170.36
84.84355,0.0
84.85426,170.46
84.86498,0.0
84.8757,170.34
84.88641,0.0
84.89713,170.68
84.90784,0.0
84.91856,170.7
84.92928,0.0
84.93999,170.46
84.95071,0.0
84.96142,170.54
84.97214,0.0
84.98285,170.6
84.99357,0.0
85.00429,170.58
85.015,0.0
85.02572,170.44
85.03643,0.0
85.04715,170.54
85.05787,0.0
85.06858,170.66
85.0793,0.0
85.09001,170.6
85.10073,0.0
85.11144,170.46
85.12216,0.0
85.13288,170.5
85.14359,0.0
85.15431,170.36
85.16502,0.0
85.17574,170.48
85.18646,0.0
85.19717,170.34
85.20789,0.0
85.2186,170.56
85.22932,0.0
85.24003,170.52
85.25075,0.0
85.26147,170.4
85.27218,0.0
85.2829,170.4
85.29361,0.0
85.30433,170.4
85.31505,0.0
85.32576,170.44
85.33648,0.0
85.34719,170.84
85.35791,0.0
85.36862,170.98
85.37934,0.0
85.39006,170.66
85.40077,0.0
85.41149,170.54
85.4222,0.0
85.43292,170.26
85.44363,0.0
85.45435,170.44
85.46507,0.0
85.47578,170.72
85.4865,0.0
85.49721,170.3
85.50793,0.0
85.51865,170.44
85.52936,0.0
85.54008,170.66
85.55079,0.0
85.56151,170.68
85.57222,0.0
85.58294,170.58
85.59366,0.0
85.60437,170.3
85.61509,0.0
85.6258,170.28
85.63652,0.0
85.64724,170.48
85.65795,0.0
85.66867,170.78
85.67938,0.0
85.6901,170.66
85.70081,0.0
85.71153,170.76
85.72225,0.0
85.73296,170.62
85.74368,0.0
85.75439,170.6
85.76511,0.0
85.77583,170.5
85.78654,0.0
85.79726,170.28
85.80797,0.0
85.81869,170.44
85.8294,0.0
85.84012,170.5
85.85084,0.0
85.86155,170.26
85.87227,0.0
85.88298,170.34
85.8937,0.0
85.90441,170.36
85.91513,0.0
85.92585,170.48
85.93656,0.0
85.94728,170.52
85.95799,0.0
85.96871,170.34
85.97943,0.0
85.99014,170.82
86.00086,0.0
86.01157,170.72
86.02229,0.0
86.033,170.38
86.04372,0.0
86.05444,170.34
86.06515,0.0
86.07587,170.54
86.08658,0.0
86.0973,170.62
86.10802,0.0
86.11873,170.88
86.12945,0.0
86.14016,170.44
86.15088,0.0
86.16159,170.04
86.17231,0.0
86.18303,170.38
86.19374,0.0
86.20446,170.5
86.21517,0.0
86.22589,170.34
86.23661,0.0
86.24732,170.46
86.25804,0.0
86.26875,170.48
86.27947,0.0
86.29018,170.42
86.3009,0.0
86.31162,170.48
86.32233,0.0
86.33305,170.6
86.34376,0.0
86.35448,170.58
86.3652,0.0
86.37591,170.28
86.38663,0.0
86.39734,170.46
86.40806,0.0
86.41877,170.7
86.42949,0.0
86.44021,170.76
86.45092,0.0
86.46164,170.48
86.47235,0.0
86.48307,170.44
86.49378,0.0
86.5045,170.34
86.51522,0.0
86.52593,170.54
86.53665,0.0
86.54736,170.46
86.55808,0.0
86.5688,170.38
86.57951,0.0
86.59023,170.6
86.60094,0.0
86.61166,170.48
86.62237,0.0
86.63309,170.58
86.64381,0.0
86.65452,170.68
86.66524,0.0
86.67595,170.44
86.68667,0.0
86.69739,170.44
86.7081,0.0
86.71882,170.62
86.72953,0.0
86.74025,170.36
86.75096,0.0
86.76168,170.3
86.7724,0.0
86.78311,170.4
86.79383,0.0
86.80454,170.54
86.81526,0.0
86.82598,170.44
86.83669,0.0
86.84741,170.5
86.85812,0.0
86.86884,170.28
86.87955,0.0
86.89027,170.64
86.90099,0.0
86.9117,170.48
86.92242,0.0
86.93313,170.78
86.94385,0.0
86.95456,170.58
86.96528,0.0
86.976,170.52
86.98671,0.0
86.99743,170.46
87.00814,0.0
87.01886,170.64
87.02958,0.0
87.04029,170.6
87.05101,0.0
87.06172,170.42
87.07244,0.0
87.08315,170.3
87.09387,0.0
87.10459,170.42
87.1153,0.0
87.12602,170.58
87.13673,0.0
87.14745,170.84
87.15817,0.0
87.16888,170.6
87.1796,0.0
87.19031,170.64
87.20103,0.0
87.21174,170.54
87.22246,0.0
87.23318,170.52
87.24389,0.0
87.25461,170.62
87.26532,0.0
87.27604,170.52
87.28676,0.0
87.29747,170.56
87.30819,0.0
87.3189,170.56
87.32962,0.0
87.34033,170.82
87.35105,0.0
87.36177,170.72
87.37248,0.0
87.3832,170.82
87.39391,0.0
87.40463,170.52
87.41535,0.0
87.42606,170.68
87.43678,0.0
87.44749,170.62
87.45821,0.0
87.46892,170.62
87.47964,0.0
87.49036,170.42
87.50107,0.0
87.51179,170.74
87.5225,0.0
87.53322,170.72
87.54393,0.0
87.55465,170.84
87.56537,0.0
87.57608,170.8
87.5868,0.0
87.59751,170.74
87.60823,0.0
87.61895,170.78
87.62966,0.0
87.64038,170.88
87.65109,0.0
87.66181,170.92
87.67252,0.0
87.68324,171.18
87.69396,0.0
87.70467,171.22
87.71539,0.0
87.7261,171.16
87.73682,0.0
87.74754,171.1
87.75825,0.0
87.76897,171.54
87.77968,0.0
87.7904,171.7
87.80111,0.0
87.81183,171.88
87.82255,0.0
87.83326,172.1
87.84398,0.0
87.85469,172.59
87.86541,327.68
87.87613,172.85
87.88684,0.0
87.89756,173.1
87.90827,327.68
87.91899,173.31
87.9297,0.0
87.94042,173.52
87.95114,0.0
87.96185,173.65
87.97257,327.68
87.98328,173.37
87.994,327.68
88.00471,173.19
88.01543,0.0
88.02615,172.93
88.03686,0.0
88.04758,172.69
88.05829,0.0
88.06901,172.4
88.07973,0.0
88.09044,172.17
88.10116,0.0
88.11187,172.03
88.12259,0.0
88.1333,172.1
88.14402,0.0
88.15474,172.37
88.16545,0.0
88.17617,172.61
88.18688,0.0
88.1976,172.54
88.20832,0.0
88.21903,172.56
88.22975,0.0
88.24046,172.72
88.25118,0.0
88.26189,172.64
88.27261,0.0
88.28333,172.39
88.29404,0.0
88.30476,172.16
88.31547,0.0
88.32619,171.88
88.33691,0.0
88.34762,171.69
88.35834,0.0
88.36905,171.6
88.37977,0.0
88.39048,171.55
88.4012,0.0
88.41192,171.26
88.42263,0.0
88.43335,171.2
88.44406,0.0
88.45478,171.02
88.4655,0.0
88.47621,170.94
88.48693,0.0
88.49764,170.72
88.50836,0.0
88.51907,170.76
88.52979,0.0
88.54051,170.76
88.55122,0.0
88.56194,170.98
88.57265,0.0
88.58337,171.08
88.59408,0.0
88.6048,170.94
88.61552,0.0
88.62623,171.16
88.63695,0.0
88.64766,171.2
88.65838,0.0
88.6691,171.24
88.67981,0.0
88.69053,170.96
88.70124,0.0
88.71196,171.08
88.72267,0.0
88.73339,171.28
88.74411,0.0
88.75482,171.22
88.76554,0.0
88.77625,171.4
88.78697,0.0
88.79769,171.5
88.8084,0.0
88.81912,171.53
88.82983,0.0
88.84055,171.54
88.85126,0.0
88.86198,171.58
88.8727,0.0
88.88341,171.79
88.89413,0.0
88.90484,172.06
88.91556,0.0
88.92628,172.02
88.93699,0.0
88.94771,172.06
88.95842,0.0
88.96914,172.07
88.97985,0.0
88.99057,172.0
89.00129,0.0
89.012,171.88
89.02272,0.0
89.03343,171.82
89.04415,0.0
89.05486,171.73
89.06558,0.0
89.0763,171.79
89.08701,0.0
89.09773,171.62
89.10844,0.0
89.11916,171.57
89.12988,0.0
89.14059,171.66
89.15131,0.0
89.16202,171.65
89.17274,0.0
89.18345,171.78
89.19417,0.0
89.20489,171.79
89.2156,0.0
89.22632,171.94
89.23703,0.0
89.24775,171.94
89.25847,0.0
89.26918,171.97
89.2799,0.0
89.29061,172.09
89.30133,0.0
89.31204,172.1
89.32276,0.0
89.33348,171.99
89.34419,0.0
89.35491,172.0
89.36562,0.0
89.37634,172.14
89.38706,0.0
89.39777,172.33
89.40849,0.0
89.4192,172.7
89.42992,327.68
89.44063,172.8
89.45135,0.0
89.46207,172.88
89.47278,0.0
89.4835,173.07
89.49421,0.0
89.50493,173.19
89.51565,327.68
89.52636,173.46
89.53708,0.0
89.54779,173.54
89.55851,0.0
89.56922,173.52
89.57994,327.68
89.59066,173.61
89.60137,327.68
89.61209,173.83
89.6228,0.0
89.63352,173.89
89.64423,0.0
89.65495,174.01
89.66567,327.68
89.67638,173.92
89.6871,0.0
89.69781,173.82
89.70853,0.0
89.71925,173.79
89.72996,327.68
89.74068,173.73
89.75139,0.0
89.76211,173.57
89.77282,327.68
89.78354,173.49
89.79426,327.68
89.80497,173.3
89.81569,327.68
89.8264,173.34
89.83712,327.68
89.84784,173.44
89.85855,327.68
89.86927,173.33
89.87998,327.68
89.8907,173.32
89.90141,327.68
89.91213,173.1
89.92285,327.68
89.93356,172.98
89.94428,327.68
89.95499,173.01
89.96571,0.0
89.97643,172.99
89.98714,327.68
89.99786,172.98
90.00857,0.0
90.01929,172.73
90.03,0.0
90.04072,172.55
90.05144,0.0
90.06215,172.33
90.07287,0.0
90.08358,172.3
90.0943,0.0
90.10502,172.21
90.11573,0.0
90.12645,172.08
90.13716,0.0
90.14788,171.89
90.15859,0.0
90.16931,171.69
90.18003,0.0
90.19074,171.72
90.20146,0.0
90.21217,171.55
90.22289,0.0
90.2336,171.53
90.24432,0.0
90.25504,171.42
90.26575,0.0
90.27647,171.3
90.28718,0.0
90.2979,171.16
90.30862,0.0
90.31933,170.96
90.33005,0.0
90.34076,170.96
90.35148,0.0
90.36219,171.22
90.37291,0.0
90.38363,171.24
90.39434,0.0
90.40506,171.2
90.41577,0.0
90.42649,170.86
90.43721,0.0
90.44792,170.86
90.45864,0.0
90.46935,170.72
90.48007,0.0
90.49078,170.9
90.5015,0.0
90.51222,170.68
90.52293,0.0
90.53365,170.74
90.54436,0.0
90.55508,170.74
90.5658,0.0
90.57651,170.54
90.58723,0.0
90.59794,170.68
90.60866,0.0
90.61937,170.98
90.63009,0.0
90.64081,170.86
90.65152,0.0
90.66224,170.5
90.67295,0.0
90.68367,170.64
90.69438,0.0
90.7051,170.84
90.71582,0.0
90.72653,170.82
90.73725,0.0
90.74796,170.46
90.75868,0.0
90.7694,170.64
90.78011,0.0
90.79083,170.58
90.80154,0.0
90.81226,170.5
90.82297,0.0
90.83369,170.54
90.84441,0.0
90.85512,170.6
90.86584,0.0
90.87655,170.8
90.88727,0.0
90.89799,170.96
90.9087,0.0
90.91942,170.98
90.93013,0.0
90.94085,171.16
90.95156,0.0
90.96228,171.14
90.973,0.0
90.98371,171.36
90.99443,0.0
91.00514,171.63
91.01586,0.0
91.02658,171.54
91.03729,0.0
91.04801,171.62
91.05872,0.0
91.06944,171.65
91.08015,0.0
91.09087,171.3
91.10159,0.0
91.1123,171.04
91.12302,0.0
91.13373,170.8
91.14445,0.0
91.15517,170.64
91.16588,0.0
91.1766,170.68
91.18731,0.0
91.19803,170.8
91.20874,0.0
91.21946,170.86
91.23018,0.0
91.24089,171.0
91.25161,0.0
91.26232,171.16
91.27304,0.0
91.28375,171.24
91.29447,0.0
91.30519,171.14
91.3159,0.0
91.32662,171.02
91.33733,0.0
91.34805,171.1
91.35877,0.0
91.36948,171.06
91.3802,0.0
91.39091,170.78
91.40163,0.0
91.41234,170.46
91.42306,0.0
91.43378,170.62
91.44449,0.0
91.45521,170.48
91.46592,0.0
91.47664,170.68
91.48736,0.0
91.49807,170.7
91.50879,0.0
91.5195,170.36
91.53022,0.0
91.54093,170.5
91.55165,0.0
91.56237,170.74
91.57308,0.0
91.5838,170.62
91.59451,0.0
91.60523,170.62
91.61595,0.0
91.62666,170.54
91.63738,0.0
91.64809,170.5
91.65881,0.0
91.66952,170.72
91.68024,0.0
91.69096,170.62
91.70167,0.0
91.71239,170.56
91.7231,0.0
91.73382,170.6
91.74453,0.0
91.75525,170.38
91.76597,0.0
91.77668,170.38
91.7874,0.0
91.79811,170.48
91.80883,0.0
91.81955,170.32
91.83026,0.0
91.84098,170.46
91.85169,0.0
91.86241,170.44
91.87312,0.0
91.88384,170.46
91.89456,0.0
91.90527,170.52
91.91599,0.0
91.9267,170.48
91.93742,0.0
91.94814,170.36
91.95885,0.0
91.96957,170.4
91.98028,0.0
91.991,170.56
92.00171,0.0
92.01243,170.66
92.02315,0.0
92.03386,170.38
92.04458,0.0
92.05529,170.6
92.06601,0.0
92.07673,170.5
92.08744,0.0
92.09816,170.26
92.10887,0.0
92.11959,170.52
92.1303,0.0
92.14102,170.54
92.15174,0.0
92.16245,170.44
92.17317,0.0
92.18388,170.48
92.1946,0.0
92.20532,170.46
92.21603,0.0
92.22675,170.56
92.23746,0.0
92.24818,170.34
92.25889,0.0
92.26961,170.46
92.28033,0.0
92.29104,170.7
92.30176,0.0
92.31247,170.62
92.32319,0.0
92.3339,170.34
92.34462,0.0
92.35534,170.32
92.36605,0.0
92.37677,170.3
92.38748,0.0
92.3982,170.2
92.40892,0.0
92.41963,170.4
92.43035,0.0
92.44106,170.68
92.45178,0.0
92.46249,170.62
92.47321,0.0
92.48393,170.4
92.49464,0.0
92.50536,170.52
92.51607,0.0
92.52679,170.72
92.53751,0.0
92.54822,170.4
92.55894,0.0
92.56965,170.2
92.58037,0.0
92.59108,170.28
92.6018,0.0
92.61252,170.0
92.62323,0.0
92.63395,169.92
92.64466,0.0
92.65538,170.34
92.6661,0.0
92.67681,170.56
92.68753,0.0
92.69824,170.52
92.70896,0.0
92.71967,170.4
92.73039,0.0
92.74111,170.4
92.75182,0.0
92.76254,170.38
92.77325,0.0
92.78397,170.36
92.79468,0.0
92.8054,170.42
92.81612,0.0
92.82683,170.7
92.83755,0.0
92.84826,170.34
92.85898,0.0
92.8697,170.04
92.88041,0.0
92.89113,170.08
92.90184,0.0
92.91256,170.24
92.92327,0.0
92.93399,170.36
92.94471,0.0
92.95542,170.32
92.96614,0.0
92.97685,170.48
92.98757,0.0
92.99829,170.42
93.009,0.0
93.01972,170.38
93.03043,0.0
93.04115,170.58
93.05186,0.0
93.06258,170.56
93.0733,0.0
93.08401,170.32
93.09473,0.0
93.10544,170.16
93.11616,0.0
93.12688,170.28
93.13759,0.0
93.14831,170.12
93.15902,0.0
93.16974,170.4
93.18045,0.0
93.19117,170.44
93.20189,0.0
93.2126,170.38
93.22332,0.0
93.23403,170.44
93.24475,0.0
93.25547,170.46
93.26618,0.0
93.2769,170.4
93.28761,0.0
93.29833,170.04
93.30904,0.0
93.31976,170.0
93.33048,0.0
93.34119,170.24
93.35191,0.0
93.36262,170.24
93.37334,0.0
93.38405,170.08
93.39477,0.0
93.40549,170.34
93.4162,0.0
93.42692,170.52
93.43763,0.0
93.44835,170.52
93.45907,0.0
93.46978,170.48
93.4805,0.0
93.49121,170.32
93.50193,0.0
93.51264,170.26
93.52336,0.0
93.53408,170.42
93.54479,0.0
93.55551,170.46
93.56622,0.0
93.57694,170.38
93.58766,0.0
93.59837,170.56
93.60909,0.0
93.6198,170.32
93.63052,0.0
93.64123,170.16
93.65195,0.0
93.66267,170.32
93.67338,0.0
93.6841,170.44
93.69481,0.0
93.70553,170.2
93.71625,0.0
93.72696,170.36
93.73768,0.0
93.74839,170.24
93.75911,0.0
93.76982,170.12
93.78054,0.0
93.79126,170.52
93.80197,0.0
93.81269,170.38
93.8234,0.0
93.83412,170.38
93.84483,0.0
93.85555,170.46
93.86627,0.0
93.87698,170.5
93.8877,0.0
93.89841,170.52
93.90913,0.0
93.91985,170.48
93.93056,0.0
93.94128,170.46
93.95199,0.0
93.96271,170.52
93.97342,0.0
93.98414,170.58
93.99486,0.0
94.00557,170.64
94.01629,0.0
94.027,170.44
94.03772,0.0
94.04844,170.34
94.05915,0.0
94.06987,170.3
94.08058,0.0
94.0913,170.62
94.10201,0.0
94.11273,170.5
94.12345,0.0
94.13416,170.12
94.14488,0.0
94.15559,170.16
94.16631,0.0
94.17703,170.38
94.18774,0.0
94.19846,170.32
94.20917,0.0
94.21989,170.34
94.2306,0.0
94.24132,170.38
94.25204,0.0
94.26275,170.3
94.27347,0.0
94.28418,170.3
94.2949,0.0
94.30562,170.4
94.31633,0.0
94.32705,170.4
94.33776,0.0
94.34848,170.3
94.35919,0.0
94.36991,170.48
94.38063,0.0
94.39134,170.66
94.40206,0.0
94.41277,170.5
94.42349,0.0
94.4342,170.5
94.44492,0.0
94.45564,170.56
94.46635,0.0
94.47707,170.6
94.48778,0.0
94.4985,170.48
94.50922,0.0
94.51993,170.56
94.53065,0.0
94.54136,170.36
94.55208,0.0
94.56279,170.42
94.57351,0.0
94.58423,170.34
94.59494,0.0
94.60566,170.4
94.61637,0.0
94.62709,170.56
94.63781,0.0
94.64852,170.46
94.65924,0.0
94.66995,170.42
94.68067,0.0
94.69138,170.44
94.7021,0.0
94.71282,170.44
94.72353,0.0
94.73425,170.34
94.74496,0.0
94.75568,170.58
94.7664,0.0
94.77711,170.42
94.78783,0.0
94.79854,170.5
94.80926,0.0
94.81997,170.62
94.83069,0.0
94.84141,170.56
94.85212,0.0
94.86284,170.6
94.87355,0.0
94.88427,170.48
94.89498,0.0
94.9057,170.26
94.91642,0.0
94.92713,170.54
94.93785,0.0
94.94856,170.36
94.95928,0.0
94.97,170.3
94.98071,0.0
94.99143,170.42
95.00214,0.0
95.01286,170.42
95.02357,0.0
95.03429,170.7
95.04501,0.0
95.05572,170.76
95.06644,0.0
95.07715,170.5
95.08787,0.0
95.09859,170.54
95.1093,0.0
95.12002,170.42
95.13073,0.0
95.14145,170.72
95.15216,0.0
95.16288,170.76
95.1736,0.0
95.18431,170.7
95.19503,0.0
95.20574,170.68
95.21646,0.0
95.22718,170.86
95.23789,0.0
95.24861,170.76
95.25932,0.0
95.27004,170.5
95.28075,0.0
95.29147,170.5
95.30219,0.0
95.3129,170.76
95.32362,0.0
95.33433,170.7
95.34505,0.0
95.35577,170.74
95.36648,0.0
95.3772,170.98
95.38791,0.0
95.39863,171.08
95.40934,0.0
95.42006,171.18
95.43078,0.0
95.44149,171.56
95.45221,0.0
95.46292,171.79
95.47364,0.0
95.48435,172.14
95.49507,0.0
95.50579,172.23
95.5165,0.0
95.52722,172.4
95.53793,0.0
95.54865,172.74
95.55937,0.0
95.57008,172.59
95.5808,0.0
95.59151,172.67
95.60223,0.0
95.61294,172.52
95.62366,0.0
95.63438,172.54
95.64509,0.0
95.65581,172.66
95.66652,0.0
95.67724,172.59
95.68796,0.0
95.69867,172.46
95.70939,0.0
95.7201,172.43
95.73082,0.0
95.74153,172.15
95.75225,0.0
95.76297,172.0
95.77368,0.0
95.7844,172.05
95.79511,0.0
95.80583,171.97
95.81655,0.0
95.82726,172.02
95.83798,0.0
95.84869,172.09
95.85941,0.0
95.87012,172.0
95.88084,0.0
95.89156,171.9
95.90227,0.0
95.91299,171.74
95.9237,0.0
95.93442,171.6
95.94514,0.0
95.95585,171.76
95.96657,0.0
95.97728,171.73
95.988,0.0
95.99871,171.7
96.00943,0.0
96.02015,171.55
96.03086,0.0
96.04158,171.2
96.05229,0.0
96.06301,171.24
96.07372,0.0
96.08444,171.1
96.09516,0.0
96.10587,171.18
96.11659,0.0
96.1273,170.9
96.13802,0.0
96.14874,170.9
96.15945,0.0
96.17017,170.9
96.18088,0.0
96.1916,170.66
96.20231,0.0
96.21303,170.36
96.22375,0.0
96.23446,170.46
96.24518,0.0
96.25589,170.64
96.26661,0.0
96.27733,170.64
96.28804,0.0
96.29876,170.62
96.30947,0.0
96.32019,170.66
96.3309,0.0
96.34162,170.68
96.35234,0.0
96.36305,170.4
96.37377,0.0
96.38448,170.38
96.3952,0.0
96.40592,170.48
96.41663,0.0
96.42735,170.66
96.43806,0.0
96.44878,170.56
96.45949,0.0
96.47021,170.5
96.48093,0.0
96.49164,170.64
96.50236,0.0
96.51307,170.76
96.52379,0.0
96.5345,170.46
96.54522,0.0
96.55594,170.78
96.56665,0.0
96.57737,170.68
96.58808,0.0
96.5988,170.72
96.60952,0.0
96.62023,170.68
96.63095,0.0
96.64166,170.42
96.65238,0.0
96.66309,170.42
96.67381,0.0
96.68453,170.58
96.69524,0.0
96.70596,170.56
96.71667,0.0
96.72739,170.58
96.73811,0.0
96.74882,170.58
96.75954,0.0
96.77025,170.72
96.78097,0.0
96.79168,170.66
96.8024,0.0
96.81312,170.52
96.82383,0.0
96.83455,170.44
96.84526,0.0
96.85598,170.28
96.8667,0.0
96.87741,170.28
96.88813,0.0
96.89884,170.36
96.90956,0.0
96.92027,170.3
96.93099,0.0
96.94171,170.54
96.95242,0.0
96.96314,170.44
96.97385,0.0
96.98457,170.26
96.99529,0.0
97.006,170.38
97.01672,0.0
97.02743,170.28
97.03815,0.0
97.04886,170.5
97.05958,0.0
97.0703,170.6
97.08101,0.0
97.09173,170.46
97.10244,0.0
97.11316,170.54
97.12387,0.0
97.13459,170.7
97.14531,0.0
97.15602,170.62
97.16674,0.0
97.17745,170.58
97.18817,0.0
97.19889,170.42
97.2096,0.0
97.22032,170.62
97.23103,0.0
97.24175,170.66
97.25246,0.0
97.26318,170.4
97.2739,0.0
97.28461,170.36
97.29533,0.0
97.30604,170.64
97.31676,0.0
97.32748,170.6
97.33819,0.0
97.34891,170.42
97.35962,0.0
97.37034,170.6
97.38105,0.0
97.39177,170.64
97.40249,0.0
97.4132,170.44
97.42392,0.0
97.43463,170.16
97.44535,0.0
97.45607,170.3
97.46678,0.0
97.4775,170.2
97.48821,0.0
97.49893,170.34
97.50964,0.0
97.52036,170.46
97.53108,0.0
97.54179,170.32
97.55251,0.0
97.56322,170.3
97.57394,0.0
97.58465,170.46
97.59537,0.0
97.60609,170.5
97.6168,0.0
97.62752,170.32
97.63823,0.0
97.64895,170.48
97.65967,0.0
97.67038,170.3
97.6811,0.0
97.69181,170.36
97.70253,0.0
97.71324,170.5
97.72396,0.0
97.73468,170.52
97.74539,0.0
97.75611,170.52
97.76682,0.0
97.77754,170.36
97.78826,0.0
97.79897,170.42
97.80969,0.0
97.8204,170.34
97.83112,0.0
97.84183,170.32
97.85255,0.0
97.86327,170.58
97.87398,0.0
97.8847,170.6
97.89541,0.0
97.90613,170.52
97.91685,0.0
97.92756,170.54
97.93828,0.0
97.94899,170.38
97.95971,0.0
97.97042,170.82
97.98114,0.0
97.99186,170.68
98.00257,0.0
98.01329,170.3
98.024,0.0
98.03472,170.38
98.04544,0.0
98.05615,170.54
98.06687,0.0
98.07758,170.48
98.0883,0.0
98.09901,170.42
98.10973,0.0
98.12045,170.24
98.13116,0.0
98.14188,170.5
98.15259,0.0
98.16331,170.46
98.17402,0.0
98.18474,170.44
98.19546,0.0
98.20617,170.42
98.21689,0.0
98.2276,170.72
98.23832,0.0
98.24904,170.72
98.25975,0.0
98.27047,170.6
98.28118,0.0
98.2919,170.52
98.30261,0.0
98.31333,170.4
98.32405,0.0
98.33476,170.62
98.34548,0.0
98.35619,170.78
98.36691,0.0
98.37763,171.04
98.38834,0.0
98.39906,170.46
98.40977,0.0
98.42049,170.48
98.4312,0.0
98.44192,170.62
98.45264,0.0
98.46335,170.58
98.47407,0.0
98.48478,170.6
98.4955,0.0
98.50622,170.7
98.51693,0.0
98.52765,170.6
98.53836,0.0
98.54908,170.72
98.55979,0.0
98.57051,170.8
98.58123,0.0
98.59194,170.62
98.60266,0.0
98.61337,170.64
98.62409,0.0
98.6348,170.78
98.64552,0.0
98.65624,170.8
98.66695,0.0
98.67767,170.92
98.68838,0.0
98.6991,170.86
98.70982,0.0
98.72053,171.0
98.73125,0.0
98.74196,170.72
98.75268,0.0
98.76339,170.9
98.77411,0.0
98.78483,171.02
98.79554,0.0
98.80626,171.08
98.81697,0.0
98.82769,171.14
98.83841,0.0
98.84912,170.88
98.85984,0.0
98.87055,170.78
98.88127,0.0
98.89198,170.74
98.9027,0.0
98.91342,170.92
98.92413,0.0
98.93485,171.18
98.94556,0.0
98.95628,171.18
98.967,0.0
98.97771,171.4
98.98843,0.0
98.99914,171.48
99.00986,0.0
99.02057,171.22
99.03129,0.0
99.04201,171.38
99.05272,0.0
99.06344,171.42
99.07415,0.0
99.08487,171.44
99.09559,0.0
99.1063,171.55
99.11702,0.0
99.12773,171.62
99.13845,0.0
99.14916,171.86
99.15988,0.0
99.1706,171.9
99.18131,0.0
99.19203,171.95
99.20274,0.0
99.21346,172.01
99.22417,0.0
99.23489,172.07
99.24561,0.0
99.25632,172.12
99.26704,0.0
99.27775,172.43
99.28847,0.0
99.29919,172.65
99.3099,0.0
99.32062,172.59
99.33133,327.68
99.34205,172.9
99.35276,327.68
99.36348,173.17
99.3742,0.0
99.38491,173.33
99.39563,327.68
99.40634,173.59
99.41706,0.0
99.42778,173.81
99.43849,327.68
99.44921,174.05
99.45992,327.68
99.47064,174.05
99.48135,327.68
99.49207,174.07
99.50279,0.0
99.5135,174.19
99.52422,491.52
99.53493,174.22
99.54565,163.84
99.55637,174.14
99.56708,327.68
99.5778,174.02
99.58851,327.68
99.59923,173.91
99.60994,0.0
99.62066,173.96
99.63138,0.0
99.64209,174.06
99.65281,0.0
99.66352,173.7
99.67424,327.68
99.68495,173.72
99.69567,327.68
99.70639,173.7
99.7171,0.0
99.72782,173.77
99.73853,0.0
99.74925,173.55
99.75997,0.0
99.77068,173.48
99.7814,327.68
99.79211,173.46
99.80283,327.68
99.81354,173.44
99.82426,327.68
99.83498,173.42
99.84569,327.68
99.85641,173.29
99.86712,327.68
99.87784,173.3
99.88856,327.68
99.89927,173.15
99.90999,0.0
99.9207,173.07
99.93142,327.68
99.94213,173.03
99.95285,327.68
99.96357,172.83
99.97428,0.0
99.985,172.55
99.99571,0.0
100.00643,172.43
100.01715,0.0
100.02786,172.26
100.03858,0.0
100.04929,172.18
100.06001,0.0
100.07072,172.18
100.08144,0.0
100.09216,172.04
100.10287,0.0
100.11359,171.87
100.1243,0.0
100.13502,171.81
100.14574,0.0
100.15645,171.66
100.16717,0.0
100.17788,171.38
100.1886,0.0
100.19931,171.38
100.21003,0.0
100.22075,171.34
100.23146,0.0
100.24218,171.08
100.25289,0.0
100.26361,171.06
100.27432,0.0
100.28504,171.12
100.29576,0.0
100.30647,171.3
100.31719,0.0
100.3279,171.08
100.33862,0.0
100.34934,171.06
100.36005,0.0
100.37077,170.96
100.38148,0.0
100.3922,171.04
100.40291,0.0
100.41363,171.18
100.42435,0.0
100.43506,170.94
100.44578,0.0
100.45649,170.72
100.46721,0.0
100.47793,170.44
100.48864,0.0
100.49936,170.86
100.51007,0.0
100.52079,170.9
100.5315,0.0
100.54222,170.64
100.55294,0.0
100.56365,171.0
100.57437,0.0
100.58508,170.78
100.5958,0.0
100.60652,170.78
100.61723,0.0
100.62795,170.48
100.63866,0.0
100.64938,170.46
100.66009,0.0
100.67081,170.44
100.68153,0.0
100.69224,170.36
100.70296,0.0
100.71367,170.74
100.72439,0.0
100.73511,171.1
100.74582,0.0
100.75654,170.96
100.76725,0.0
100.77797,170.78
100.78868,0.0
100.7994,170.52
100.81012,0.0
100.82083,170.52
100.83155,0.0
100.84226,170.6
100.85298,0.0
100.86369,170.88
100.87441,0.0
100.88513,170.6
100.89584,0.0
100.90656,170.56
100.91727,0.0
100.92799,170.66
100.93871,0.0
100.94942,170.56
100.96014,0.0
100.97085,170.7
100.98157,0.0
100.99228,170.62
101.003,0.0
101.01372,170.64
101.02443,0.0
101.03515,170.68
101.04586,0.0
101.05658,170.84
101.0673,0.0
101.07801,170.94
101.08873,0.0
101.09944,171.22
101.11016,0.0
101.12087,170.84
101.13159,0.0
101.14231,170.72
101.15302,0.0
101.16374,170.98
101.17445,0.0
101.18517,171.2
101.19589,0.0
101.2066,170.94
101.21732,0.0
101.22803,171.06
101.23875,0.0
101.24946,171.06
101.26018,0.0
101.2709,170.88
101.28161,0.0
101.29233,170.82
101.30304,0.0
101.31376,170.62
101.32447,0.0
101.33519,170.7
101.34591,0.0
101.35662,170.68
101.36734,0.0
101.37805,170.64
101.38877,0.0
101.39949,170.62
101.4102,0.0
101.42092,170.56
101.43163,0.0
101.44235,170.72
101.45306,0.0
101.46378,170.58
101.4745,0.0
101.48521,170.48
101.49593,0.0
101.50664,170.6
101.51736,0.0
101.52808,170.64
101.53879,0.0
101.54951,170.76
101.56022,0.0
101.57094,170.92
101.58165,0.0
101.59237,170.8
101.60309,0.0
101.6138,170.56
101.62452,0.0
101.63523,170.5
101.64595,0.0
101.65667,170.58
101.66738,0.0
101.6781,170.72
101.68881,0.0
101.69953,170.66
101.71024,0.0
101.72096,170.46
101.73168,0.0
101.74239,170.56
101.75311,0.0
101.76382,170.44
101.77454,0.0
101.78526,170.68
101.79597,0.0
101.80669,170.58
101.8174,0.0
101.82812,170.4
101.83883,0.0
101.84955,170.46
101.86027,0.0
101.87098,170.64
101.8817,0.0
101.89241,170.56
101.90313,0.0
101.91384,170.3
101.92456,0.0
101.93528,169.88
101.94599,0.0
101.95671,170.5
101.96742,0.0
101.97814,170.6
101.98886,0.0
101.99957,170.3
102.01029,0.0
102.021,170.56
102.03172,0.0
102.04243,170.6
102.05315,0.0
102.06387,170.82
102.07458,0.0
102.0853,170.66
102.09601,0.0
102.10673,170.7
102.11745,0.0
102.12816,170.66
102.13888,0.0
102.14959,170.72
102.16031,0.0
102.17102,170.72
102.18174,0.0
102.19246,170.54
102.20317,0.0
102.21389,170.5
102.2246,0.0
102.23532,170.46
102.24604,0.0
102.25675,170.6
102.26747,0.0
102.27818,170.7
102.2889,0.0
102.29961,170.8
102.31033,0.0
102.32105,170.58
102.33176,0.0
102.34248,170.52
102.35319,0.0
102.36391,170.56
102.37462,0.0
102.38534,170.94
102.39606,0.0
102.40677,170.84
102.41749,0.0
102.4282,170.68
102.43892,0.0
102.44964,170.34
102.46035,0.0
102.47107,170.66
102.48178,0.0
102.4925,170.44
102.50321,0.0
102.51393,170.34
102.52465,0.0
102.53536,170.44
102.54608,0.0
102.55679,170.72
102.56751,0.0
102.57823,170.72
102.58894,0.0
102.59966,170.62
102.61037,0.0
102.62109,170.52
102.6318,0.0
102.64252,170.42
102.65324,0.0
102.66395,170.48
102.67467,0.0
102.68538,170.68
102.6961,0.0
102.70682,170.62
102.71753,0.0
102.72825,170.68
102.73896,0.0
102.74968,170.88
102.76039,0.0
102.77111,170.76
102.78183,0.0
102.79254,170.96
102.80326,0.0
102.81397,171.18
102.82469,0.0
102.83541,171.04
102.84612,0.0
102.85684,171.24
102.86755,0.0
102.87827,171.58
102.88898,0.0
102.8997,171.57
102.91042,0.0
102.92113,171.7
102.93185,0.0
102.94256,172.1
102.95328,0.0
102.96399,172.48
102.97471,0.0
102.98543,172.85
102.99614,327.68
103.00686,173.02
103.01757,327.68
103.02829,173.09
103.03901,0.0
103.04972,173.11
103.06044,327.68
103.07115,173.11
103.08187,327.68
103.09258,173.07
103.1033,0.0
103.11402,172.9
103.12473,0.0
103.13545,172.55
103.14616,0.0
103.15688,172.34
103.1676,0.0
103.17831,172.05
103.18903,0.0
103.19974,172.01
103.21046,0.0
103.22117,171.88
103.23189,0.0
103.24261,171.91
103.25332,0.0
103.26404,171.83
103.27475,0.0
103.28547,171.91
103.29619,0.0
103.3069,172.11
103.31762,0.0
103.32833,172.19
103.33905,0.0
103.34976,172.14
103.36048,0.0
103.3712,172.47
103.38191,0.0
103.39263,172.31
103.40334,0.0
103.41406,172.35
103.42477,0.0
103.43549,171.96
103.44621,0.0
103.45692,171.97
103.46764,0.0
103.47835,171.77
103.48907,0.0
103.49979,171.44
103.5105,0.0
103.52122,171.26
103.53193,0.0
103.54265,171.16
103.55336,0.0
103.56408,171.16
103.5748,0.0
103.58551,171.0
103.59623,0.0
103.60694,170.74
103.61766,0.0
103.62838,170.76
103.63909,0.0
103.64981,170.6
103.66052,0.0
103.67124,170.58
103.68195,0.0
103.69267,170.9
103.70339,0.0
103.7141,170.76
103.72482,0.0
103.73553,170.72
103.74625,0.0
103.75697,170.8
103.76768,0.0
103.7784,170.46
103.78911,0.0
103.79983,170.6
103.81054,0.0
103.82126,170.66
103.83198,0.0
103.84269,170.9
103.85341,0.0
103.86412,170.78
103.87484,0.0
103.88556,170.68
103.89627,0.0
103.90699,170.52
103.9177,0.0
103.92842,170.58
103.93913,0.0
103.94985,170.72
103.96057,0.0
103.97128,170.66
103.982,0.0
103.99271,170.58
104.00343,0.0
104.01414,170.42
104.02486,0.0
104.03558,170.66
104.04629,0.0
104.05701,170.64
104.06772,0.0
104.07844,170.62
104.08916,0.0
104.09987,170.7
104.11059,0.0
104.1213,170.48
104.13202,0.0
104.14273,170.2
104.15345,0.0
104.16417,170.32
104.17488,0.0
104.1856,170.6
104.19631,0.0
104.20703,170.58
104.21775,0.0
104.22846,170.56
104.23918,0.0
104.24989,170.42
104.26061,0.0
104.27132,170.4
104.28204,0.0
104.29276,170.2
104.30347,0.0
104.31419,170.32
104.3249,0.0
104.33562,170.48
104.34634,0.0
104.35705,170.5
104.36777,0.0
104.37848,170.4
104.3892,0.0
104.39991,170.5
104.41063,0.0
104.42135,170.62
104.43206,0.0
104.44278,170.46
104.45349,0.0
104.46421,170.5
104.47492,0.0
104.48564,170.46
104.49636,0.0
104.50707,170.44
104.51779,0.0
104.5285,170.12
104.53922,0.0
104.54994,170.52
104.56065,0.0
104.57137,170.48
104.58208,0.0
104.5928,170.36
104.60351,0.0
104.61423,170.4
104.62495,0.0
104.63566,170.32
104.64638,0.0
104.65709,170.46
104.66781,0.0
104.67853,170.56
104.68924,0.0
104.69996,170.68
104.71067,0.0
104.72139,170.36
104.7321,0.0
104.74282,170.16
104.75354,0.0
104.76425,170.32
104.77497,0.0
104.78568,170.44
104.7964,0.0
104.80712,170.62
104.81783,0.0
104.82855,170.54
104.83926,0.0
104.84998,170.32
104.86069,0.0
104.87141,170.16
104.88213,0.0
104.89284,170.12
104.90356,0.0
104.91427,170.44
104.92499,0.0
104.93571,170.6
104.94642,0.0
104.95714,170.52
104.96785,0.0
104.97857,170.5
104.98928,0.0
105.0,170.52
105.01072,0.0
105.02143,170.62
105.03215,0.0
105.04286,170.7
105.05358,0.0
105.06429,170.54
105.07501,0.0
105.08573,170.4
105.09644,0.0
105.10716,170.32
105.11787,0.0
105.12859,170.52
105.13931,0.0
105.15002,170.5
105.16074,0.0
105.17145,170.44
105.18217,0.0
105.19288,170.16
105.2036,0.0
105.21432,170.28
105.22503,0.0
105.23575,170.32
105.24646,0.0
105.25718,170.72
105.2679,0.0
105.27861,170.6
105.28933,0.0
105.30004,170.44
105.31076,0.0
105.32147,170.4
105.33219,0.0
105.34291,170.46
105.35362,0.0
105.36434,170.42
105.37505,0.0
105.38577,170.48
105.39649,0.0
105.4072,170.5
105.41792,0.0
105.42863,170.24
105.43935,0.0
105.45006,170.3
105.46078,0.0
105.4715,170.44
105.48221,0.0
105.49293,170.44
105.50364,0.0
105.51436,170.34
105.52508,0.0
105.53579,170.6
105.54651,0.0
105.55722,170.56
105.56794,0.0
105.57865,170.2
105.58937,0.0
105.60009,170.38
105.6108,0.0
105.62152,170.38
105.63223,0.0
105.64295,170.42
105.65366,0.0
105.66438,170.24
105.6751,0.0
105.68581,170.52
105.69653,0.0
105.70724,170.54
105.71796,0.0
105.72868,170.58
105.73939,0.0
105.75011,170.48
105.76082,0.0
105.77154,170.48
105.78225,0.0
105.79297,170.34
105.80369,0.0
105.8144,170.34
105.82512,0.0
105.83583,170.36
105.84655,0.0
105.85727,170.44
105.86798,0.0
105.8787,170.54
105.88941,0.0
105.90013,170.52
105.91084,0.0
105.92156,170.46
105.93228,0.0
105.94299,170.4
105.95371,0.0
105.96442,170.42
105.97514,0.0
105.98586,170.66
105.99657,0.0
106.00729,170.68
106.018,0.0
106.02872,170.58
106.03943,0.0
106.05015,170.42
106.06087,0.0
106.07158,170.44
106.0823,0.0
106.09301,170.3
106.10373,0.0
106.11444,170.38
106.12516,0.0
106.13588,170.32
106.14659,0.0
106.15731,170.46
106.16802,0.0
106.17874,170.4
106.18946,0.0
106.20017,170.68
106.21089,0.0
106.2216,170.74
106.23232,0.0
106.24303,170.5
106.25375,0.0
106.26447,170.5
106.27518,0.0
106.2859,170.74
106.29661,0.0
106.30733,170.74
106.31805,0.0
106.32876,170.56
106.33948,0.0
106.35019,170.4
106.36091,0.0
106.37162,170.44
106.38234,0.0
106.39306,170.56
106.40377,0.0
106.41449,170.56
106.4252,0.0
106.43592,170.56
106.44664,0.0
106.45735,170.74
106.46807,0.0
106.47878,170.5
106.4895,0.0
106.50021,170.46
106.51093,0.0
106.52165,170.6
106.53236,0.0
106.54308,170.52
106.55379,0.0
106.56451,170.64
106.57523,0.0
106.58594,170.9
106.59666,0.0
106.60737,170.96
106.61809,0.0
106.6288,171.0
106.63952,0.0
106.65024,171.16
106.66095,0.0
106.67167,171.06
106.68238,0.0
106.6931,170.84
106.70381,0.0
106.71453,170.9
106.72525,0.0
106.73596,170.88
106.74668,0.0
106.75739,171.0
106.76811,0.0
106.77883,171.4
106.78954,0.0
106.80026,171.28
106.81097,0.0
106.82169,171.52
106.8324,0.0
106.84312,171.58
106.85384,0.0
106.86455,171.4
106.87527,0.0
106.88598,171.42
106.8967,0.0
106.90742,171.61
106.91813,0.0
106.92885,171.6
106.93956,0.0
106.95028,171.59
106.96099,0.0
106.97171,171.68
106.98243,0.0
106.99314,171.69
107.00386,0.0
107.01457,171.66
107.02529,0.0
107.03601,171.8
107.04672,0.0
107.05744,171.84
107.06815,0.0
107.07887,171.99
107.08958,0.0
107.1003,171.92
107.11102,0.0
107.12173,171.97
107.13245,0.0
107.14316,171.84
107.15388,0.0
107.16459,171.89
107.17531,0.0
107.18603,171.99
107.19674,0.0
107.20746,171.87
107.21817,0.0
107.22889,171.76
107.23961,0.0
107.25032,171.71
107.26104,0.0
107.27175,171.65
107.28247,0.0
107.29318,171.63
107.3039,0.0
107.31462,171.64
107.32533,0.0
107.33605,171.73
107.34676,0.0
107.35748,171.92
107.3682,0.0
107.37891,172.06
107.38963,0.0
107.40034,171.84
107.41106,0.0
107.42177,171.84
107.43249,0.0
107.44321,171.91
107.45392,0.0
107.46464,171.92
107.47535,0.0
107.48607,171.75
107.49679,0.0
107.5075,171.58
107.51822,0.0
107.52893,171.53
107.53965,0.0
107.55036,171.54
107.56108,0.0
107.5718,171.42
107.58251,0.0
107.59323,171.46
107.60394,0.0
107.61466,171.18
107.62538,0.0
107.63609,170.88
107.64681,0.0
107.65752,170.82
107.66824,0.0
107.67895,170.92
107.68967,0.0
107.70039,170.98
107.7111,0.0
107.72182,171.14
107.73253,0.0
107.74325,171.18
107.75396,0.0
107.76468,171.2
107.7754,0.0
107.78611,171.1
107.79683,0.0
107.80754,170.9
107.81826,0.0
107.82898,170.96
107.83969,0.0
107.85041,171.06
107.86112,0.0
107.87184,170.98
107.88255,0.0
107.89327,170.88
107.90399,0.0
107.9147,170.96
107.92542,0.0
107.93613,170.88
107.94685,0.0
107.95757,170.62
107.96828,0.0
107.979,170.62
107.98971,0.0
108.00043,170.62
108.01114,0.0
108.02186,170.52
108.03258,0.0
108.04329,170.5
108.05401,0.0
108.06472,170.5
108.07544,0.0
108.08616,170.46
108.09687,0.0
108.10759,170.48
108.1183,0.0
108.12902,170.3
108.13973,0.0
108.15045,170.36
108.16117,0.0
108.17188,170.48
108.1826,0.0
108.19331,170.38
108.20403,0.0
108.21474,170.34
108.22546,0.0
108.23618,170.54
108.24689,0.0
108.25761,170.52
108.26832,0.0
108.27904,170.38
108.28976,0.0
108.30047,170.38
108.31119,0.0
108.3219,170.4
108.33262,0.0
108.34333,170.5
108.35405,0.0
108.36477,170.46
108.37548,0.0
108.3862,170.32
108.39691,0.0
108.40763,170.5
108.41835,0.0
108.42906,170.44
108.43978,0.0
108.45049,170.24
108.46121,0.0
108.47192,170.0
108.48264,0.0
108.49336,170.46
108.50407,0.0
108.51479,170.32
108.5255,0.0
108.53622,170.4
108.54694,0.0
108.55765,170.54
108.56837,0.0
108.57908,170.36
108.5898,0.0
108.60051,170.16
108.61123,0.0
108.62195,170.26
108.63266,0.0
108.64338,170.2
108.65409,0.0
108.66481,170.38
108.67553,0.0
108.68624,170.26
108.69696,0.0
108.70767,170.38
108.71839,0.0
108.7291,170.34
108.73982,0.0
108.75054,170.32
108.76125,0.0
108.77197,170.16
108.78268,0.0
108.7934,170.42
108.80411,0.0
108.81483,170.44
108.82555,0.0
108.83626,170.42
108.84698,0.0
108.85769,170.54
108.86841,0.0
108.87913,170.28
108.88984,0.0
108.90056,170.28
108.91127,0.0
108.92199,170.32
108.9327,0.0
108.94342,170.28
108.95414,0.0
108.96485,170.12
108.97557,0.0
108.98628,170.2
108.997,0.0
109.00772,170.52
109.01843,0.0
109.02915,170.6
109.03986,0.0
109.05058,170.3
109.06129,0.0
109.07201,170.4
109.08273,0.0
109.09344,170.4
109.10416,0.0
109.11487,170.08
109.12559,0.0
109.13631,170.26
109.14702,0.0
109.15774,170.42
109.16845,0.0
109.17917,170.54
109.18988,0.0
109.2006,170.46
109.21132,0.0
109.22203,170.32
109.23275,0.0
109.24346,170.56
109.25418,0.0
109.26489,170.52
109.27561,0.0
109.28633,170.58
109.29704,0.0
109.30776,170.44
109.31847,0.0
109.32919,170.12
109.33991,0.0
109.35062,170.34
109.36134,0.0
109.37205,170.6
109.38277,0.0
109.39348,170.72
109.4042,0.0
109.41492,170.62
109.42563,0.0
109.43635,170.38
109.44706,0.0
109.45778,170.36
109.4685,0.0
109.47921,170.52
109.48993,0.0
109.50064,170.46
109.51136,0.0
109.52207,170.5
109.53279,0.0
109.54351,170.38
109.55422,0.0
109.56494,170.38
109.57565,0.0
109.58637,170.34
109.59709,0.0
109.6078,170.4
109.61852,0.0
109.62923,170.58
109.63995,0.0
109.65066,170.54
109.66138,0.0
109.6721,170.46
109.68281,0.0
109.69353,170.62
109.70424,0.0
109.71496,170.46
109.72568,0.0
109.73639,170.36
109.74711,0.0
109.75782,170.6
109.76854,0.0
109.77925,170.62
109.78997,0.0
109.80069,170.54
109.8114,0.0
109.82212,170.62
109.83283,0.0
109.84355,170.82
109.85426,0.0
109.86498,170.72
109.8757,0.0
109.88641,170.84
109.89713,0.0
109.90784,171.0
109.91856,0.0
109.92928,171.32
109.93999,0.0
109.95071,171.34
109.96142,0.0
109.97214,171.32
109.98285,0.0
109.99357,171.12
110.00429,0.0
110.015,171.53
110.02572,0.0
110.03643,171.61
110.04715,0.0
110.05787,171.59
110.06858,0.0
110.0793,171.4
110.09001,0.0
110.10073,171.59
110.11144,0.0
110.12216,171.56
110.13288,0.0
110.14359,171.44
110.15431,0.0
110.16502,171.2
110.17574,0.0
110.18646,170.84
110.19717,0.0
110.20789,170.9
110.2186,0.0
110.22932,170.78
110.24003,0.0
110.25075,170.74
110.26147,0.0
110.27218,170.88
110.2829,0.0
110.29361,170.98
110.30433,0.0
110.31505,171.02
110.32576,0.0
110.33648,170.92
110.34719,0.0
110.35791,171.02
110.36862,0.0
110.37934,171.16
110.39006,0.0
110.40077,171.2
110.41149,0.0
110.4222,171.16
110.43292,0.0
110.44363,170.8
110.45435,0.0
110.46507,170.9
110.47578,0.0
110.4865,171.16
110.49721,0.0
110.50793,171.22
110.51865,0.0
110.52936,170.96
110.54008,0.0
110.55079,170.78
110.56151,0.0
110.57222,170.64
110.58294,0.0
110.59366,170.4
110.60437,0.0
110.61509,170.72
110.6258,0.0
110.63652,170.46
110.64724,0.0
110.65795,170.32
110.66867,0.0
110.67938,170.5
110.6901,0.0
110.70081,170.36
110.71153,0.0
110.72225,170.36
110.73296,0.0
110.74368,170.34
110.75439,0.0
110.76511,170.2
110.77583,0.0
110.78654,170.4
110.79726,0.0
110.80797,170.6
110.81869,0.0
110.8294,170.38
110.84012,0.0
110.85084,170.3
110.86155,0.0
110.87227,170.58
110.88298,0.0
110.8937,170.48
110.90441,0.0
110.91513,170.54
110.92585,0.0
110.93656,170.46
110.94728,0.0
110.95799,170.38
110.96871,0.0
110.97943,170.24
110.99014,0.0
111.00086,170.16
111.01157,0.0
111.02229,170.42
111.033,0.0
111.04372,170.24
111.05444,0.0
111.06515,170.26
111.07587,0.0
111.08658,170.24
111.0973,0.0
111.10802,170.28
111.11873,0.0
111.12945,170.26
111.14016,0.0
111.15088,169.92
111.16159,0.0
111.17231,169.8
111.18303,0.0
111.19374,170.32
111.20446,0.0
111.21517,170.44
111.22589,0.0
111.23661,170.32
111.24732,0.0
111.25804,170.16
111.26875,0.0
111.27947,170.34
111.29018,0.0
111.3009,170.4
111.31162,0.0
111.32233,170.46
111.33305,0.0
111.34376,170.34
111.35448,0.0
111.3652,170.52
111.37591,0.0
111.38663,170.42
111.39734,0.0
111.40806,170.46
111.41877,0.0
111.42949,170.52
111.44021,0.0
111.45092,170.48
111.46164,0.0
111.47235,170.5
111.48307,0.0
111.49378,170.46
111.5045,0.0
111.51522,170.4
111.52593,0.0
111.53665,170.5
111.54736,0.0
111.55808,170.4
111.5688,0.0
111.57951,170.38
111.59023,0.0
111.60094,170.5
111.61166,0.0
111.62237,170.46
111.63309,0.0
111.64381,170.42
111.65452,0.0
111.66524,170.58
111.67595,0.0
111.68667,170.56
111.69739,0.0
111.7081,170.3
111.71882,0.0
111.72953,170.34
111.74025,0.0
111.75096,170.3
111.76168,0.0
111.7724,170.28
111.78311,0.0
111.79383,170.62
111.80454,0.0
111.81526,170.44
111.82598,0.0
111.83669,170.26
111.84741,0.0
111.85812,170.44
111.86884,0.0
111.87955,170.76
111.89027,0.0
111.90099,170.74
111.9117,0.0
111.92242,170.84
111.93313,0.0
111.94385,170.86
111.95456,0.0
111.96528,170.9
111.976,0.0
111.98671,170.78
111.99743,0.0
112.00814,170.78
112.01886,0.0
112.02958,171.14
112.04029,0.0
112.05101,171.18
112.06172,0.0
112.07244,171.48
112.08315,0.0
112.09387,171.46
112.10459,0.0
112.1153,171.4
112.12602,0.0
112.13673,171.2
112.14745,0.0
112.15817,171.16
112.16888,0.0
112.1796,171.04
112.19031,0.0
112.20103,170.82
112.21174,0.0
112.22246,170.8
112.23318,0.0
112.24389,170.9
112.25461,0.0
112.26532,170.88
112.27604,0.0
112.28676,170.8
112.29747,0.0
112.30819,170.56
112.3189,0.0
112.32962,170.66
112.34033,0.0
112.35105,170.78
112.36177,0.0
112.37248,170.9
112.3832,0.0
112.39391,170.88
112.40463,0.0
112.41535,170.78
112.42606,0.0
112.43678,170.9
112.44749,0.0
112.45821,170.82
112.46892,0.0
112.47964,170.68
112.49036,0.0
112.50107,170.68
112.51179,0.0
112.5225,170.62
112.53322,0.0
112.54393,170.62
112.55465,0.0
112.56537,170.66
112.57608,0.0
112.5868,170.72
112.59751,0.0
112.60823,170.74
112.61895,0.0
112.62966,170.6
112.64038,0.0
112.65109,170.42
112.66181,0.0
112.67252,170.3
112.68324,0.0
112.69396,170.24
112.70467,0.0
112.71539,170.6
112.7261,0.0
112.73682,170.54
112.74754,0.0
112.75825,170.58
112.76897,0.0
112.77968,170.3
112.7904,0.0
112.80111,170.36
112.81183,0.0
112.82255,170.64
112.83326,0.0
112.84398,170.56
112.85469,0.0
112.86541,170.46
112.87613,0.0
112.88684,170.46
112.89756,0.0
112.90827,170.46
112.91899,0.0
112.9297,170.46
112.94042,0.0
112.95114,170.34
112.96185,0.0
112.97257,170.42
112.98328,0.0
112.994,170.5
113.00471,0.0
113.01543,170.54
113.02615,0.0
113.03686,170.38
113.04758,0.0
113.05829,170.58
113.06901,0.0
113.07973,170.66
113.09044,0.0
113.10116,170.64
113.11187,0.0
113.12259,170.56
113.1333,0.0
113.14402,170.44
113.15474,0.0
113.16545,170.64
113.17617,0.0
113.18688,170.64
113.1976,0.0
113.20832,170.36
113.21903,0.0
113.22975,170.38
113.24046,0.0
113.25118,170.4
113.26189,0.0
113.27261,170.42
113.28333,0.0
113.29404,170.52
113.30476,0.0
113.31547,170.62
113.32619,0.0
113.33691,170.62
113.34762,0.0
113.35834,170.42
113.36905,0.0
113.37977,170.68
113.39048,0.0
113.4012,170.42
113.41192,0.0
113.42263,170.38
113.43335,0.0
113.44406,170.42
113.45478,0.0
113.4655,170.64
113.47621,0.0
113.48693,170.66
113.49764,0.0
113.50836,170.66
113.51907,0.0
113.52979,170.72
113.54051,0.0
113.55122,170.82
113.56194,0.0
113.57265,170.98
113.58337,0.0
113.59408,171.2
113.6048,0.0
113.61552,171.46
113.62623,0.0
113.63695,171.52
113.64766,0.0
113.65838,171.61
113.6691,0.0
113.67981,171.55
113.69053,0.0
113.70124,171.46
113.71196,0.0
113.72267,171.22
113.73339,0.0
113.74411,171.36
113.75482,0.0
113.76554,171.16
113.77625,0.0
113.78697,170.9
113.79769,0.0
113.8084,170.94
113.81912,0.0
113.82983,170.86
113.84055,0.0
113.85126,170.9
113.86198,0.0
113.8727,170.84
113.88341,0.0
113.89413,170.78
113.90484,0.0
113.91556,170.98
113.92628,0.0
113.93699,170.66
113.94771,0.0
113.95842,170.64
113.96914,0.0
113.97985,170.86
113.99057,0.0
114.00129,170.98
114.012,0.0
114.02272,170.9
114.03343,0.0
114.04415,170.9
114.05486,0.0
114.06558,170.8
114.0763,0.0
114.08701,170.78
114.09773,0.0
114.10844,170.88
114.11916,0.0
114.12988,170.72
114.14059,0.0
114.15131,170.62
114.16202,0.0
114.17274,170.72
114.18345,0.0
114.19417,170.44
114.20489,0.0
114.2156,170.46
114.22632,0.0
114.23703,170.52
114.24775,0.0
114.25847,170.68
114.26918,0.0
114.2799,170.58
114.29061,0.0
114.30133,170.38
114.31204,0.0
114.32276,170.48
114.33348,0.0
114.34419,170.16
114.35491,0.0
114.36562,170.56
114.37634,0.0
114.38706,170.6
114.39777,0.0
114.40849,170.46
114.4192,0.0
114.42992,170.58
114.44063,0.0
114.45135,170.54
114.46207,0.0
114.47278,170.42
114.4835,0.0
114.49421,170.6
114.50493,0.0
114.51565,170.74
114.52636,0.0
114.53708,170.92
114.54779,0.0
114.55851,171.02
114.56922,0.0
114.57994,170.68
114.59066,0.0
114.60137,170.84
114.61209,0.0
114.6228,170.84
114.63352,0.0
114.64423,170.68
114.65495,0.0
114.66567,170.72
114.67638,0.0
114.6871,170.58
114.69781,0.0
114.70853,170.48
114.71925,0.0
114.72996,170.6
114.74068,0.0
114.75139,170.56
114.76211,0.0
114.77282,170.66
114.78354,0.0
114.79426,170.46
114.80497,0.0
114.81569,170.52
114.8264,0.0
114.83712,170.84
114.84784,0.0
114.85855,170.78
114.86927,0.0
114.87998,170.66
114.8907,0.0
114.90141,170.6
114.91213,0.0
114.92285,170.76
114.93356,0.0
114.94428,170.7
114.95499,0.0
114.96571,170.68
114.97643,0.0
114.98714,170.48
114.99786,0.0
115.00857,170.42
115.01929,0.0
115.03,170.36
115.04072,0.0
115.05144,170.44
115.06215,0.0
115.07287,170.32
115.08358,0.0
115.0943,170.32
115.10502,0.0
115.11573,170.16
115.12645,0.0
115.13716,170.44
115.14788,0.0
115.15859,170.66
115.16931,0.0
115.18003,170.46
115.19074,0.0
115.20146,170.4
115.21217,0.0
115.22289,170.42
115.2336,0.0
115.24432,170.6
115.25504,0.0
115.26575,170.44
115.27647,0.0
115.28718,170.42
115.2979,0.0
115.30862,170.56
115.31933,0.0
115.33005,170.3
115.34076,0.0
115.35148,170.08
115.36219,0.0
115.37291,170.2
115.38363,0.0
115.39434,170.2
115.40506,0.0
115.41577,170.4
115.42649,0.0
115.43721,170.56
115.44792,0.0
115.45864,170.48
115.46935,0.0
115.48007,170.44
115.49078,0.0
115.5015,170.26
115.51222,0.0
115.52293,170.26
115.53365,0.0
115.54436,170.24
115.55508,0.0
115.5658,170.5
115.57651,0.0
115.58723,170.12
115.59794,0.0
115.60866,170.54
115.61937,0.0
115.63009,170.52
115.64081,0.0
115.65152,170.48
115.66224,0.0
115.67295,170.28
115.68367,0.0
115.69438,170.32
115.7051,0.0
115.71582,170.44
115.72653,0.0
115.73725,170.42
115.74796,0.0
115.75868,170.54
115.7694,0.0
115.78011,170.46
115.79083,0.0
115.80154,170.42
115.81226,0.0
115.82297,170.36
115.83369,0.0
115.84441,170.16
115.85512,0.0
115.86584,170.28
115.87655,0.0
115.88727,170.58
115.89799,0.0
115.9087,170.48
115.91942,0.0
115.93013,170.28
115.94085,0.0
115.95156,170.32
115.96228,0.0
115.973,170.24
115.98371,0.0
115.99443,170.3
116.00514,0.0
116.01586,170.3
116.02658,0.0
116.03729,170.44
116.04801,0.0
116.05872,170.56
116.06944,0.0
116.08015,170.38
116.09087,0.0
116.10159,170.64
116.1123,0.0
116.12302,170.68
116.13373,0.0
116.14445,170.52
116.15517,0.0
116.16588,170.54
116.1766,0.0
116.18731,170.6
116.19803,0.0
116.20874,170.4
116.21946,0.0
116.23018,170.36
116.24089,0.0
116.25161,170.54
116.26232,0.0
116.27304,170.46
116.28375,0.0
116.29447,170.66
116.30519,0.0
116.3159,170.74
116.32662,0.0
116.33733,170.6
116.34805,0.0
116.35877,170.52
116.36948,0.0
116.3802,170.72
116.39091,0.0
116.40163,170.66
116.41234,0.0
116.42306,170.6
116.43378,0.0
116.44449,170.6
116.45521,0.0
116.46592,170.5
116.47664,0.0
116.48736,170.32
116.49807,0.0
116.50879,170.36
116.5195,0.0
116.53022,170.64
116.54093,0.0
116.55165,170.72
116.56237,0.0
116.57308,170.7
116.5838,0.0
116.59451,170.56
116.60523,0.0
116.61595,170.44
116.62666,0.0
116.63738,170.54
116.64809,0.0
116.65881,170.86
116.66952,0.0
116.68024,170.92
116.69096,0.0
116.70167,170.76
116.71239,0.0
116.7231,170.68
116.73382,0.0
116.74453,170.88
116.75525,0.0
116.76597,170.78
116.77668,0.0
116.7874,170.76
116.79811,0.0
116.80883,171.04
116.81955,0.0
116.83026,171.14
116.84098,0.0
116.85169,171.16
116.86241,0.0
116.87312,171.22
116.88384,0.0
116.89456,171.46
116.90527,0.0
116.91599,171.44
116.9267,0.0
116.93742,171.62
116.94814,0.0
116.95885,171.78
116.96957,0.0
116.98028,172.05
116.991,0.0
117.00171,171.97
117.01243,0.0
117.02315,172.05
117.03386,0.0
117.04458,172.12
117.05529,0.0
117.06601,172.17
117.07673,0.0
117.08744,172.13
117.09816,0.0
117.10887,172.13
117.11959,0.0
117.1303,172.23
117.14102,0.0
117.15174,172.2
117.16245,0.0
117.17317,172.12
117.18388,0.0
117.1946,172.24
117.20532,0.0
117.21603,172.15
117.22675,0.0
117.23746,172.34
117.24818,0.0
117.25889,172.53
117.26961,0.0
117.28033,172.62
117.29104,0.0
117.30176,172.64
117.31247,327.68
117.32319,172.81
117.3339,327.68
117.34462,172.96
117.35534,0.0
117.36605,173.21
117.37677,0.0
117.38748,173.37
117.3982,327.68
117.40892,173.25
117.41963,0.0
117.43035,173.44
117.44106,327.68
117.45178,173.53
117.46249,327.68
117.47321,173.52
117.48393,327.68
117.49464,173.39
117.50536,0.0
117.51607,173.42
117.52679,0.0
117.53751,173.21
117.54822,327.68
117.55894,173.09
117.56965,327.68
117.58037,173.02
117.59108,327.68
117.6018,172.93
117.61252,0.0
117.62323,172.83
117.63395,0.0
117.64466,172.85
117.65538,0.0
117.6661,172.74
117.67681,0.0
117.68753,172.63
117.69824,0.0
117.70896,172.8
117.71967,0.0
117.73039,172.58
117.74111,0.0
117.75182,172.54
117.76254,0.0
117.77325,172.42
117.78397,0.0
117.79468,172.41
117.8054,0.0
117.81612,172.62
117.82683,0.0
117.83755,172.45
117.84826,0.0
117.85898,172.52
117.8697,0.0
117.88041,172.44
117.89113,0.0
117.90184,172.38
117.91256,0.0
117.92327,172.29
117.93399,0.0
117.94471,172.07
117.95542,0.0
117.96614,171.73
117.97685,0.0
117.98757,171.78
117.99829,0.0
118.009,171.93
118.01972,0.0
118.03043,171.71
118.04115,0.0
118.05186,171.55
118.06258,0.0
118.0733,171.66
118.08401,0.0
118.09473,171.53
118.10544,0.0
118.11616,171.02
118.12688,0.0
118.13759,170.98
118.14831,0.0
118.15902,170.82
118.16974,0.0
118.18045,170.96
118.19117,0.0
118.20189,171.02
118.2126,0.0
118.22332,171.12
118.23403,0.0
118.24475,170.94
118.25547,0.0
118.26618,170.78
118.2769,0.0
118.28761,170.38
118.29833,0.0
118.30904,170.62
118.31976,0.0
118.33048,170.48
118.34119,0.0
118.35191,170.86
118.36262,0.0
118.37334,170.68
118.38405,0.0
118.39477,170.78
118.40549,0.0
118.4162,170.98
118.42692,0.0
118.43763,170.74
118.44835,0.0
118.45907,170.78
118.46978,0.0
118.4805,170.72
118.49121,0.0
118.50193,170.72
118.51264,0.0
118.52336,170.68
118.53408,0.0
118.54479,170.7
118.55551,0.0
118.56622,170.76
118.57694,0.0
118.58766,170.62
118.59837,0.0
118.60909,170.52
118.6198,0.0
118.63052,170.64
118.64123,0.0
118.65195,170.46
118.66267,0.0
118.67338,170.74
118.6841,0.0
118.69481,170.4
118.70553,0.0
118.71625,170.74
118.72696,0.0
118.73768,170.82
118.74839,0.0
118.75911,170.72
118.76982,0.0
118.78054,170.7
118.79126,0.0
118.80197,170.46
118.81269,0.0
118.8234,170.58
118.83412,0.0
118.84483,170.42
118.85555,0.0
118.86627,170.54
118.87698,0.0
118.8877,170.56
118.89841,0.0
118.90913,170.54
118.91985,0.0
118.93056,170.46
118.94128,0.0
118.95199,170.58
118.96271,0.0
118.97342,170.72
118.98414,0.0
118.99486,170.6
119.00557,0.0
119.01629,170.54
119.027,0.0
119.03772,170.48
119.04844,0.0
119.05915,170.56
119.06987,0.0
119.08058,170.96
119.0913,0.0
119.10201,170.56
119.11273,0.0
119.12345,170.5
119.13416,0.0
119.14488,170.5
119.15559,0.0
119.16631,170.68
119.17703,0.0
119.18774,170.54
119.19846,0.0
119.20917,170.5
119.21989,0.0
119.2306,170.52
119.24132,0.0
119.25204,170.6
119.26275,0.0
119.27347,170.5
119.28418,0.0
119.2949,170.56
119.30562,0.0
119.31633,170.7
119.32705,0.0
119.33776,170.68
119.34848,0.0
119.35919,170.6
119.36991,0.0
119.38063,170.52
119.39134,0.0
119.40206,170.5
119.41277,0.0
119.42349,170.64
119.4342,0.0
119.44492,170.7
119.45564,0.0
119.46635,170.38
119.47707,0.0
119.48778,170.48
119.4985,0.0
119.50922,170.54
119.51993,0.0
119.53065,170.44
119.54136,0.0
119.55208,170.64
119.56279,0.0
119.57351,170.46
119.58423,0.0
119.59494,170.4
119.60566,0.0
119.61637,170.52
119.62709,0.0
119.63781,170.62
119.64852,0.0
119.65924,170.84
119.66995,0.0
119.68067,170.6
119.69138,0.0
119.7021,170.42
119.71282,0.0
119.72353,170.64
119.73425,0.0
119.74496,170.52
119.75568,0.0
119.7664,170.66
119.77711,0.0
119.78783,170.48
119.79854,0.0
119.80926,170.36
119.81997,0.0
119.83069,170.28
119.84141,0.0
119.85212,170.48
119.86284,0.0
119.87355,170.74
119.88427,0.0
119.89498,170.78
119.9057,0.0
119.91642,170.88
119.92713,0.0
119.93785,170.98
119.94856,0.0
119.95928,170.84
119.97,0.0
119.98071,170.66
119.99143,0.0
120.00214,170.7
120.01286,0.0
120.02357,170.48
120.03429,0.0
120.04501,170.7
120.05572,0.0
120.06644,170.66
120.07715,0.0
120.08787,170.54
120.09859,0.0
120.1093,170.56
120.12002,0.0
120.13073,170.66
120.14145,0.0
120.15216,170.8
120.16288,0.0
120.1736,170.62
120.18431,0.0
120.19503,170.54
120.20574,0.0
120.21646,170.86
120.22718,0.0
120.23789,170.84
120.24861,0.0
120.25932,170.78
120.27004,0.0
120.28075,170.94
120.29147,0.0
120.30219,170.9
120.3129,0.0
120.32362,170.7
120.33433,0.0
120.34505,170.88
120.35577,0.0
120.36648,171.12
120.3772,0.0
120.38791,171.28
120.39863,0.0
120.40934,171.36
120.42006,0.0
120.43078,171.34
120.44149,0.0
120.45221,171.53
120.46292,0.0
120.47364,171.2
120.48435,0.0
120.49507,171.42
120.50579,0.0
120.5165,171.53
120.52722,0.0
120.53793,171.55
120.54865,0.0
120.55937,171.9
120.57008,0.0
120.5808,172.02
120.59151,0.0
120.60223,172.01
120.61294,0.0
120.62366,172.2
120.63438,0.0
120.64509,172.37
120.65581,0.0
120.66652,172.55
120.67724,327.68
120.68796,172.88
120.69867,327.68
120.70939,172.97
120.7201,327.68
120.73082,173.1
120.74153,327.68
120.75225,173.2
120.76297,0.0
120.77368,173.23
120.7844,327.68
120.79511,173.33
120.80583,0.0
120.81655,173.32
120.82726,0.0
120.83798,173.24
120.84869,327.68
120.85941,173.18
120.87012,0.0
120.88084,173.16
120.89156,0.0
120.90227,173.01
120.91299,327.68
120.9237,173.04
120.93442,327.68
120.94514,173.01
120.95585,327.68
120.96657,173.0
120.97728,327.68
120.988,172.9
120.99871,327.68
121.00943,172.88
121.02015,327.68
121.03086,172.92
121.04158,0.0
121.05229,172.75
121.06301,0.0
121.07372,172.65
121.08444,0.0
121.09516,172.6
121.10587,0.0
121.11659,172.56
121.1273,0.0
121.13802,172.5
121.14874,0.0
121.15945,172.57
121.17017,0.0
121.18088,172.71
121.1916,0.0
121.20231,172.58
121.21303,0.0
121.22375,172.56
121.23446,0.0
121.24518,172.33
121.25589,0.0
121.26661,172.28
121.27733,0.0
121.28804,172.11
121.29876,0.0
121.30947,172.05
121.32019,0.0
121.3309,172.01
121.34162,0.0
121.35234,171.88
121.36305,0.0
121.37377,171.82
121.38448,0.0
121.3952,171.76
121.40592,0.0
121.41663,171.69
121.42735,0.0
121.43806,171.55
121.44878,0.0
121.45949,171.54
121.47021,0.0
121.48093,171.56
121.49164,0.0
121.50236,171.3
121.51307,0.0
121.52379,171.12
121.5345,0.0
121.54522,171.08
121.55594,0.0
121.56665,170.84
121.57737,0.0
121.58808,171.02
121.5988,0.0
121.60952,170.78
121.62023,0.0
121.63095,170.96
121.64166,0.0
121.65238,170.82
121.66309,0.0
121.67381,170.72
121.68453,0.0
121.69524,170.78
121.70596,0.0
121.71667,170.6
121.72739,0.0
121.73811,170.62
121.74882,0.0
121.75954,170.64
121.77025,0.0
121.78097,170.58
121.79168,0.0
121.8024,170.76
121.81312,0.0
121.82383,170.98
121.83455,0.0
121.84526,170.72
121.85598,0.0
121.8667,170.7
121.87741,0.0
121.88813,170.6
121.89884,0.0
121.90956,170.74
121.92027,0.0
121.93099,170.7
121.94171,0.0
121.95242,170.76
121.96314,0.0
121.97385,170.78
121.98457,0.0
121.99529,170.66
122.006,0.0
122.01672,170.52
122.02743,0.0
122.03815,170.58
122.04886,0.0
122.05958,170.5
122.0703,0.0
122.08101,170.28
122.09173,0.0
122.10244,170.26
122.11316,0.0
122.12387,170.44
122.13459,0.0
122.14531,170.64
122.15602,0.0
122.16674,170.56
122.17745,0.0
122.18817,170.5
122.19889,0.0
122.2096,170.38
122.22032,0.0
122.23103,170.16
122.24175,0.0
122.25246,170.26
122.26318,0.0
122.2739,170.58
122.28461,0.0
122.29533,170.58
122.30604,0.0
122.31676,170.4
122.32748,0.0
122.33819,170.46
122.34891,0.0
122.35962,170.58
122.37034,0.0
122.38105,170.32
122.39177,0.0
122.40249,170.36
122.4132,0.0
122.42392,170.52
122.43463,0.0
122.44535,170.48
122.45607,0.0
122.46678,170.48
122.4775,0.0
122.48821,170.38
122.49893,0.0
122.50964,170.36
122.52036,0.0
122.53108,170.44
122.54179,0.0
122.55251,170.58
122.56322,0.0
122.57394,170.6
122.58465,0.0
122.59537,170.38
122.60609,0.0
122.6168,170.36
122.62752,0.0
122.63823,170.46
122.64895,0.0
122.65967,170.38
122.67038,0.0
122.6811,170.58
122.69181,0.0
122.70253,170.48
122.71324,0.0
122.72396,170.4
122.73468,0.0
122.74539,170.36
122.75611,0.0
122.76682,169.96
122.77754,0.0
122.78826,170.08
122.79897,0.0
122.80969,170.42
122.8204,0.0
122.83112,170.5
122.84183,0.0
122.85255,170.24
122.86327,0.0
122.87398,170.04
122.8847,0.0
122.89541,170.04
122.90613,0.0
122.91685,170.4
122.92756,0.0
122.93828,170.5
122.94899,0.0
122.95971,170.5
122.97042,0.0
122.98114,170.0
122.99186,0.0
123.00257,170.28
123.01329,0.0
123.024,170.42
123.03472,0.0
123.04544,169.96
123.05615,0.0
123.06687,170.08
123.07758,0.0
123.0883,170.48
123.09901,0.0
123.10973,170.4
123.12045,0.0
123.13116,170.3
123.14188,0.0
123.15259,170.32
123.16331,0.0
123.17402,170.34
123.18474,0.0
123.19546,170.34
123.20617,0.0
123.21689,170.3
123.2276,0.0
123.23832,170.08
123.24904,0.0
123.25975,170.52
123.27047,0.0
123.28118,170.2
123.2919,0.0
123.30261,170.12
123.31333,0.0
123.32405,170.3
123.33476,0.0
123.34548,170.0
123.35619,0.0
123.36691,170.32
123.37763,0.0
123.38834,170.36
123.39906,0.0
123.40977,170.48
123.42049,0.0
123.4312,170.56
123.44192,0.0
123.45264,170.56
123.46335,0.0
123.47407,170.4
123.48478,0.0
123.4955,170.36
123.50622,0.0
123.51693,170.4
123.52765,0.0
123.53836,170.38
123.54908,0.0
123.55979,170.42
123.57051,0.0
123.58123,170.5
123.59194,0.0
123.60266,170.4
123.61337,0.0
123.62409,170.2
123.6348,0.0
123.64552,170.36
123.65624,0.0
123.66695,170.52
123.67767,0.0
123.68838,170.7
123.6991,0.0
123.70982,170.9
123.72053,0.0
123.73125,170.82
123.74196,0.0
123.75268,170.64
123.76339,0.0
123.77411,170.88
123.78483,0.0
123.79554,170.8
123.80626,0.0
123.81697,171.22
123.82769,0.0
123.83841,171.28
123.84912,0.0
123.85984,171.22
123.87055,0.0
123.88127,171.36
123.89198,0.0
123.9027,171.46
123.91342,0.0
123.92413,171.02
123.93485,0.0
123.94556,171.16
123.95628,0.0
123.967,170.96
123.97771,0.0
123.98843,170.82
123.99914,0.0
124.00986,170.76
124.02057,0.0
124.03129,170.68
124.04201,0.0
124.05272,170.74
124.06344,0.0
124.07415,170.78
124.08487,0.0
124.09559,170.54
124.1063,0.0
124.11702,170.48
124.12773,0.0
124.13845,170.46
124.14916,0.0
124.15988,170.64
124.1706,0.0
124.18131,170.88
124.19203,0.0
124.20274,170.76
124.21346,0.0
124.22417,170.7
124.23489,0.0
124.24561,170.72
124.25632,0.0
124.26704,170.86
124.27775,0.0
124.28847,170.72
124.29919,0.0
124.3099,170.56
124.32062,0.0
124.33133,170.68
124.34205,0.0
124.35276,170.74
124.36348,0.0
124.3742,170.74
124.38491,0.0
124.39563,170.7
124.40634,0.0
124.41706,170.48
124.42778,0.0
124.43849,170.34
124.44921,0.0
124.45992,170.24
124.47064,0.0
124.48135,170.5
124.49207,0.0
124.50279,170.72
124.5135,0.0
124.52422,170.76
124.53493,0.0
124.54565,170.82
124.55637,0.0
124.56708,170.9
124.5778,0.0
124.58851,170.68
124.59923,0.0
124.60994,170.74
124.62066,0.0
124.63138,170.82
124.64209,0.0
124.65281,170.78
124.66352,0.0
124.67424,170.58
124.68495,0.0
124.69567,170.42
124.70639,0.0
124.7171,170.48
124.72782,0.0
124.73853,170.46
124.74925,0.0
124.75997,170.42
124.77068,0.0
124.7814,170.56
124.79211,0.0
124.80283,170.44
124.81354,0.0
124.82426,170.3
124.83498,0.0
124.84569,170.46
124.85641,0.0
124.86712,170.42
124.87784,0.0
124.88856,170.66
124.89927,0.0
124.90999,170.66
124.9207,0.0
124.93142,170.56
124.94213,0.0
124.95285,170.58
124.96357,0.0
124.97428,170.68
124.985,0.0
124.99571,170.5
125.00643,0.0
125.01715,170.54
125.02786,0.0
125.03858,170.3
125.04929,0.0
125.06001,170.38
125.07072,0.0
125.08144,170.5
125.09216,0.0
125.10287,170.4
125.11359,0.0
125.1243,170.52
125.13502,0.0
125.14574,170.52
125.15645,0.0
125.16717,170.4
125.17788,0.0
125.1886,170.2
125.19931,0.0
125.21003,170.54
125.22075,0.0
125.23146,170.34
125.24218,0.0
125.25289,170.34
125.26361,0.0
125.27432,170.42
125.28504,0.0
125.29576,170.44
125.30647,0.0
125.31719,170.36
125.3279,0.0
125.33862,170.34
125.34934,0.0
125.36005,170.4
125.37077,0.0
125.38148,170.5
125.3922,0.0
125.40291,170.44
125.41363,0.0
125.42435,170.2
125.43506,0.0
125.44578,170.4
125.45649,0.0
125.46721,170.36
125.47793,0.0
125.48864,170.46
125.49936,0.0
125.51007,170.32
125.52079,0.0
125.5315,170.36
125.54222,0.0
125.55294,170.16
125.56365,0.0
125.57437,170.16
125.58508,0.0
125.5958,170.2
125.60652,0.0
125.61723,170.16
125.62795,0.0
125.63866,170.46
125.64938,0.0
125.66009,170.38
125.67081,0.0
125.68153,170.32
125.69224,0.0
125.70296,170.38
125.71367,0.0
125.72439,170.34
125.73511,0.0
125.74582,170.16
125.75654,0.0
125.76725,170.38
125.77797,0.0
125.78868,170.64
125.7994,0.0
125.81012,170.42
125.82083,0.0
125.83155,170.42
125.84226,0.0
125.85298,170.26
125.86369,0.0
125.87441,170.38
125.88513,0.0
125.89584,170.46
125.90656,0.0
125.91727,170.3
125.92799,0.0
125.93871,170.08
125.94942,0.0
125.96014,170.38
125.97085,0.0
125.98157,170.2
125.99228,0.0
126.003,170.4
126.01372,0.0
126.02443,170.48
126.03515,0.0
126.04586,170.38
126.05658,0.0
126.0673,170.38
126.07801,0.0
126.08873,170.2
126.09944,0.0
126.11016,170.36
126.12087,0.0
126.13159,170.42
126.14231,0.0
126.15302,170.42
126.16374,0.0
126.17445,170.2
126.18517,0.0
126.19589,170.2
126.2066,0.0
126.21732,170.5
126.22803,0.0
126.23875,170.38
126.24946,0.0
126.26018,170.26
126.2709,0.0
126.28161,170.34
126.29233,0.0
126.30304,170.26
126.31376,0.0
126.32447,170.32
126.33519,0.0
126.34591,170.6
126.35662,0.0
126.36734,170.5
126.37805,0.0
126.38877,170.6
126.39949,0.0
126.4102,170.44
126.42092,0.0
126.43163,170.08
126.44235,0.0
126.45306,170.6
126.46378,0.0
126.4745,170.52
126.48521,0.0
126.49593,170.58
126.50664,0.0
126.51736,170.4
126.52808,0.0
126.53879,170.56
126.54951,0.0
126.56022,170.54
126.57094,0.0
126.58165,170.36
126.59237,0.0
126.60309,170.24
126.6138,0.0
126.62452,170.52
126.63523,0.0
126.64595,170.4
126.65667,0.0
126.66738,170.34
126.6781,0.0
126.68881,170.48
126.69953,0.0
126.71024,170.54
126.72096,0.0
126.73168,170.68
126.74239,0.0
126.75311,170.62
126.76382,0.0
126.77454,170.7
126.78526,0.0
126.79597,170.8
126.80669,0.0
126.8174,170.84
126.82812,0.0
126.83883,170.94
126.84955,0.0
126.86027,170.82
126.87098,0.0
126.8817,171.0
126.89241,0.0
126.90313,170.78
126.91384,0.0
126.92456,170.84
126.93528,0.0
126.94599,170.78
126.95671,0.0
126.96742,170.94
126.97814,0.0
126.98886,170.82
126.99957,0.0
127.01029,170.76
127.021,0.0
127.03172,170.76
127.04243,0.0
127.05315,170.86
127.06387,0.0
127.07458,171.06
127.0853,0.0
127.09601,171.18
127.10673,0.0
127.11745,171.02
127.12816,0.0
127.13888,171.38
127.14959,0.0
127.16031,171.48
127.17102,0.0
127.18174,170.98
127.19246,0.0
127.20317,170.82
127.21389,0.0
127.2246,170.86
127.23532,0.0
127.24604,170.68
127.25675,0.0
127.26747,171.08
127.27818,0.0
127.2889,170.7
127.29961,0.0
127.31033,170.52
127.32105,0.0
127.33176,170.48
127.34248,0.0
127.35319,170.6
127.36391,0.0
127.37462,170.6
127.38534,0.0
127.39606,170.64
127.40677,0.0
127.41749,170.62
127.4282,0.0
127.43892,170.68
127.44964,0.0
127.46035,170.6
127.47107,0.0
127.48178,170.44
127.4925,0.0
127.50321,170.5
127.51393,0.0
127.52465,170.7
127.53536,0.0
127.54608,170.72
127.55679,0.0
127.56751,170.9
127.57823,0.0
127.58894,170.86
127.59966,0.0
127.61037,170.7
127.62109,0.0
127.6318,170.64
127.64252,0.0
127.65324,170.38
127.66395,0.0
127.67467,170.28
127.68538,0.0
127.6961,170.5
127.70682,0.0
127.71753,170.62
127.72825,0.0
127.73896,170.44
127.74968,0.0
127.76039,170.48
127.77111,0.0
127.78183,170.38
127.79254,0.0
127.80326,170.48
127.81397,0.0
127.82469,170.36
127.83541,0.0
127.84612,170.46
127.85684,0.0
127.86755,170.28
127.87827,0.0
127.88898,170.2
127.8997,0.0
127.91042,170.48
127.92113,0.0
127.93185,170.42
127.94256,0.0
127.95328,170.38
127.96399,0.0
127.97471,170.48
127.98543,0.0
127.99614,170.2
128.00686,0.0
128.01757,170.42
128.02829,0.0
128.03901,170.5
128.04972,0.0
128.06044,170.4
128.07115,0.0
128.08187,170.44
128.09258,0.0
128.1033,170.58
128.11402,0.0
128.12473,170.42
128.13545,0.0
128.14616,170.44
128.15688,0.0
128.1676,170.3
128.17831,0.0
128.18903,170.36
128.19974,0.0
128.21046,170.32
128.22117,0.0
128.23189,170.24
128.24261,0.0
128.25332,170.38
128.26404,0.0
128.27475,170.26
128.28547,0.0
128.29619,170.48
128.3069,0.0
128.31762,170.46
128.32833,0.0
128.33905,170.42
128.34976,0.0
128.36048,170.48
128.3712,0.0
128.38191,170.38
128.39263,0.0
128.40334,170.26
128.41406,0.0
128.42477,170.28
128.43549,0.0
128.44621,170.4
128.45692,0.0
128.46764,170.42
128.47835,0.0
128.48907,170.38
128.49979,0.0
128.5105,170.26
128.52122,0.0
128.53193,170.42
128.54265,0.0
128.55336,170.66
128.56408,0.0
128.5748,170.56
128.58551,0.0
128.59623,170.34
128.60694,0.0
128.61766,170.32
128.62838,0.0
128.63909,170.58
128.64981,0.0
128.66052,170.56
128.67124,0.0
128.68195,170.52
128.69267,0.0
128.70339,170.72
128.7141,0.0
128.72482,170.84
128.73553,0.0
128.74625,170.9
128.75697,0.0
128.76768,170.58
128.7784,0.0
128.78911,170.94
128.79983,0.0
128.81054,170.82
128.82126,0.0
128.83198,170.56
128.84269,0.0
128.85341,170.88
128.86412,0.0
128.87484,170.8
128.88556,0.0
128.89627,170.48
128.90699,0.0
128.9177,170.48
128.92842,0.0
128.93913,170.32
128.94985,0.0
128.96057,170.26
128.97128,0.0
128.982,170.32
128.99271,0.0
129.00343,170.4
129.01414,0.0
129.02486,170.26
129.03558,0.0
129.04629,170.42
129.05701,0.0
129.06772,170.66
129.07844,0.0
129.08916,170.64
129.09987,0.0
129.11059,170.6
129.1213,0.0
129.13202,170.58
129.14273,0.0
129.15345,170.56
129.16417,0.0
129.17488,170.78
129.1856,0.0
129.19631,170.52
129.20703,0.0
129.21775,170.84
129.22846,0.0
129.23918,170.8
129.24989,0.0
129.26061,170.56
129.27132,0.0
129.28204,170.36
129.29276,0.0
129.30347,170.54
129.31419,0.0
129.3249,170.76
129.33562,0.0
129.34634,170.7
129.35705,0.0
129.36777,170.56
129.37848,0.0
129.3892,170.7
129.39991,0.0
129.41063,170.62
129.42135,0.0
129.43206,170.62
129.44278,0.0
129.45349,170.66
129.46421,0.0
129.47492,170.56
129.48564,0.0
129.49636,170.68
129.50707,0.0
129.51779,170.82
129.5285,0.0
129.53922,170.68
129.54994,0.0
129.56065,170.94
129.57137,0.0
129.58208,171.14
129.5928,0.0
129.60351,170.94
129.61423,0.0
129.62495,171.36
129.63566,0.0
129.64638,171.18
129.65709,0.0
129.66781,171.3
129.67853,0.0
129.68924,170.86
129.69996,0.0
129.71067,170.66
129.72139,0.0
129.7321,170.8
129.74282,0.0
129.75354,170.92
129.76425,0.0
129.77497,170.62
129.78568,0.0
129.7964,170.4
129.80712,0.0
129.81783,170.58
129.82855,0.0
129.83926,170.84
129.84998,0.0
129.86069,170.76
129.87141,0.0
129.88213,170.74
129.89284,0.0
129.90356,170.84
129.91427,0.0
129.92499,171.0
129.93571,0.0
129.94642,171.28
129.95714,0.0
129.96785,171.34
129.97857,0.0
129.98928,171.46
130.0,0.0
130.01072,171.64
130.02143,0.0
130.03215,171.26
130.04286,0.0
130.05358,170.96
130.06429,0.0
130.07501,170.64
130.08573,0.0
130.09644,170.64
130.10716,0.0
130.11787,170.62
130.12859,0.0
130.13931,170.78
130.15002,0.0
130.16074,170.56
130.17145,0.0
130.18217,170.66
130.19288,0.0
130.2036,170.48
130.21432,0.0
130.22503,170.32
130.23575,0.0
130.24646,170.64
130.25718,0.0
130.2679,170.64
130.27861,0.0
130.28933,170.6
130.30004,0.0
130.31076,170.44
130.32147,0.0
130.33219,170.34
130.34291,0.0
130.35362,170.34
130.36434,0.0
130.37505,170.6
130.38577,0.0
130.39649,170.74
130.4072,0.0
130.41792,170.66
130.42863,0.0
130.43935,170.7
130.45006,0.0
130.46078,170.48
130.4715,0.0
130.48221,170.5
130.49293,0.0
130.50364,170.68
130.51436,0.0
130.52508,170.58
130.53579,0.0
130.54651,170.42
130.55722,0.0
130.56794,170.54
130.57865,0.0
130.58937,170.68
130.60009,0.0
130.6108,170.54
130.62152,0.0
130.63223,170.48
130.64295,0.0
130.65366,170.28
130.66438,0.0
130.6751,170.48
130.68581,0.0
130.69653,170.32
130.70724,0.0
130.71796,170.32
130.72868,0.0
130.73939,170.32
130.75011,0.0
130.76082,170.34
130.77154,0.0
130.78225,170.62
130.79297,0.0
130.80369,170.56
130.8144,0.0
130.82512,170.54
130.83583,0.0
130.84655,170.46
130.85727,0.0
130.86798,170.58
130.8787,0.0
130.88941,170.48
130.90013,0.0
130.91084,170.62
130.92156,0.0
130.93228,170.42
130.94299,0.0
130.95371,170.54
130.96442,0.0
130.97514,170.3
130.98586,0.0
130.99657,170.32
131.00729,0.0
131.018,170.36
131.02872,0.0
131.03943,170.38
131.05015,0.0
131.06087,170.36
131.07158,0.0
131.0823,170.38
131.09301,0.0
131.10373,170.48
131.11444,0.0
131.12516,170.72
131.13588,0.0
131.14659,170.36
131.15731,0.0
131.16802,170.08
131.17874,0.0
131.18946,170.38
131.20017,0.0
131.21089,170.56
131.2216,0.0
131.23232,170.6
131.24303,0.0
131.25375,170.46
131.26447,0.0
131.27518,170.12
131.2859,0.0
131.29661,170.34
131.30733,0.0
131.31805,170.5
131.32876,0.0
131.33948,170.36
131.35019,0.0
131.36091,169.92
131.37162,0.0
131.38234,170.42
131.39306,0.0
131.40377,170.66
131.41449,0.0
131.4252,170.44
131.43592,0.0
131.44664,170.08
131.45735,0.0
131.46807,170.32
131.47878,0.0
131.4895,170.2
131.50021,0.0
131.51093,170.16
131.52165,0.0
131.53236,170.26
131.54308,0.0
131.55379,170.16
131.56451,0.0
131.57523,170.58
131.58594,0.0
131.59666,170.16
131.60737,0.0
131.61809,170.42
131.6288,0.0
131.63952,170.38
131.65024,0.0
131.66095,170.34
131.67167,0.0
131.68238,170.42
131.6931,0.0
131.70381,170.5
131.71453,0.0
131.72525,170.4
131.73596,0.0
131.74668,170.32
131.75739,0.0
131.76811,170.16
131.77883,0.0
131.78954,170.0
131.80026,0.0
131.81097,170.24
131.82169,0.0
131.8324,170.32
131.84312,0.0
131.85384,170.26
131.86455,0.0
131.87527,170.32
131.88598,0.0
131.8967,170.44
131.90742,0.0
131.91813,170.5
131.92885,0.0
131.93956,170.5
131.95028,0.0
131.96099,170.48
131.97171,0.0
131.98243,170.5
131.99314,0.0
132.00386,170.7
132.01457,0.0
132.02529,170.5
132.03601,0.0
132.04672,170.2
132.05744,0.0
132.06815,170.36
132.07887,0.0
132.08958,170.16
132.1003,0.0
132.11102,170.3
132.12173,0.0
132.13245,170.38
132.14316,0.0
132.15388,170.12
132.16459,0.0
132.17531,170.12
132.18603,0.0
132.19674,170.2
132.20746,0.0
132.21817,170.3
132.22889,0.0
132.23961,170.54
132.25032,0.0
132.26104,170.4
132.27175,0.0
132.28247,170.34
132.29318,0.0
132.3039,170.26
132.31462,0.0
132.32533,170.32
132.33605,0.0
132.34676,170.28
132.35748,0.0
132.3682,170.08
132.37891,0.0
132.38963,170.36
132.40034,0.0
132.41106,170.64
132.42177,0.0
132.43249,170.52
132.44321,0.0
132.45392,170.28
132.46464,0.0
132.47535,170.56
132.48607,0.0
132.49679,170.46
132.5075,0.0
132.51822,170.46
132.52893,0.0
132.53965,170.48
132.55036,0.0
132.56108,170.24
132.5718,0.0
132.58251,170.42
132.59323,0.0
132.60394,170.68
132.61466,0.0
132.62538,170.54
132.63609,0.0
132.64681,170.5
132.65752,0.0
132.66824,170.56
132.67895,0.0
132.68967,170.7
132.70039,0.0
132.7111,170.72
132.72182,0.0
132.73253,170.9
132.74325,0.0
132.75396,170.78
132.76468,0.0
132.7754,170.9
132.78611,0.0
132.79683,170.76
132.80754,0.0
132.81826,170.84
132.82898,0.0
132.83969,171.06
132.85041,0.0
132.86112,170.84
132.87184,0.0
132.88255,170.68
132.89327,0.0
132.90399,170.78
132.9147,0.0
132.92542,170.52
132.93613,0.0
132.94685,170.44
132.95757,0.0
132.96828,170.56
132.979,0.0
132.98971,170.5
133.00043,0.0
133.01114,170.52
133.02186,0.0
133.03258,170.78
133.04329,0.0
133.05401,170.58
133.06472,0.0
133.07544,170.4
133.08616,0.0
133.09687,170.54
133.10759,0.0
133.1183,170.8
133.12902,0.0
133.13973,170.82
133.15045,0.0
133.16117,170.82
133.17188,0.0
133.1826,170.7
133.19331,0.0
133.20403,170.7
133.21474,0.0
133.22546,170.78
133.23618,0.0
133.24689,170.74
133.25761,0.0
133.26832,170.8
133.27904,0.0
133.28976,170.84
133.30047,0.0
133.31119,170.48
133.3219,0.0
133.33262,170.48
133.34333,0.0
133.35405,170.36
133.36477,0.0
133.37548,170.34
133.3862,0.0
133.39691,170.4
133.40763,0.0
133.41835,170.42
133.42906,0.0
133.43978,170.36
133.45049,0.0
133.46121,170.5
133.47192,0.0
133.48264,170.48
133.49336,0.0
133.50407,170.48
133.51479,0.0
133.5255,170.4
133.53622,0.0
133.54694,170.28
133.55765,0.0
133.56837,170.48
133.57908,0.0
133.5898,170.44
133.60051,0.0
133.61123,170.24
133.62195,0.0
133.63266,170.46
133.64338,0.0
133.65409,170.46
133.66481,0.0
133.67553,170.42
133.68624,0.0
133.69696,170.32
133.70767,0.0
133.71839,170.26
133.7291,0.0
133.73982,170.32
133.75054,0.0
133.76125,170.44
133.77197,0.0
133.78268,170.24
133.7934,0.0
133.80411,170.3
133.81483,0.0
133.82555,170.38
133.83626,0.0
133.84698,170.08
133.85769,0.0
133.86841,170.38
133.87913,0.0
133.88984,170.32
133.90056,0.0
133.91127,170.26
133.92199,0.0
133.9327,170.38
133.94342,0.0
133.95414,170.4
133.96485,0.0
133.97557,170.3
133.98628,0.0
133.997,170.38
134.00772,0.0
134.01843,170.5
134.02915,0.0
134.03986,170.16
134.05058,0.0
134.06129,170.12
134.07201,0.0
134.08273,170.32
134.09344,0.0
134.10416,170.2
134.11487,0.0
134.12559,170.28
134.13631,0.0
134.14702,170.24
134.15774,0.0
134.16845,170.2
134.17917,0.0
134.18988,169.96
134.2006,0.0
134.21132,170.32
134.22203,0.0
134.23275,170.4
134.24346,0.0
134.25418,170.36
134.26489,0.0
134.27561,170.24
134.28633,0.0
134.29704,170.4
134.30776,0.0
134.31847,170.44
134.32919,0.0
134.33991,170.3
134.35062,0.0
134.36134,170.28
134.37205,0.0
134.38277,170.38
134.39348,0.0
134.4042,169.96
134.41492,0.0
134.42563,169.88
134.43635,0.0
134.44706,170.4
134.45778,0.0
134.4685,170.56
134.47921,0.0
134.48993,170.4
134.50064,0.0
134.51136,169.88
134.52207,0.0
134.53279,170.36
134.54351,0.0
134.55422,170.38
134.56494,0.0
134.57565,170.42
134.58637,0.0
134.59709,170.28
134.6078,0.0
134.61852,170.32
134.62923,0.0
134.63995,170.36
134.65066,0.0
134.66138,170.28
134.6721,0.0
134.68281,170.04
134.69353,0.0
134.70424,170.2
134.71496,0.0
134.72568,170.24
134.73639,0.0
134.74711,170.28
134.75782,0.0
134.76854,170.4
134.77925,0.0
134.78997,170.32
134.80069,0.0
134.8114,170.24
134.82212,0.0
134.83283,170.28
134.84355,0.0
134.85426,170.08
134.86498,0.0
134.8757,170.2
134.88641,0.0
134.89713,170.36
134.90784,0.0
134.91856,170.32
134.92928,0.0
134.93999,170.28
134.95071,0.0
134.96142,170.24
134.97214,0.0
134.98285,170.4
134.99357,0.0
135.00429,169.92
135.015,0.0
135.02572,170.3
135.03643,0.0
135.04715,170.28
135.05787,0.0
135.06858,170.38
135.0793,0.0
135.09001,170.28
135.10073,0.0
135.11144,170.16
135.12216,0.0
135.13288,170.42
135.14359,0.0
135.15431,170.24
135.16502,0.0
135.17574,170.2
135.18646,0.0
135.19717,170.26
135.20789,0.0
135.2186,170.4
135.22932,0.0
135.24003,170.16
135.25075,0.0
135.26147,170.12
135.27218,0.0
135.2829,170.36
135.29361,0.0
135.30433,170.32
135.31505,0.0
135.32576,170.12
135.33648,0.0
135.34719,170.44
135.35791,0.0
135.36862,170.46
135.37934,0.0
135.39006,170.2
135.40077,0.0
135.41149,170.16
135.4222,0.0
135.43292,170.44
135.44363,0.0
135.45435,170.28
135.46507,0.0
135.47578,170.0
135.4865,0.0
135.49721,170.12
135.50793,0.0
135.51865,170.24
135.52936,0.0
135.54008,170.3
135.55079,0.0
135.56151,170.12
135.57222,0.0
135.58294,170.32
135.59366,0.0
135.60437,170.24
135.61509,0.0
135.6258,170.16
135.63652,0.0
135.64724,170.0
135.65795,0.0
135.66867,170.56
135.67938,0.0
135.6901,170.3
135.70081,0.0
135.71153,170.46
135.72225,0.0
135.73296,170.26
135.74368,0.0
135.75439,170.44
135.76511,0.0
135.77583,170.58
135.78654,0.0
135.79726,170.5
135.80797,0.0
135.81869,170.38
135.8294,0.0
135.84012,170.2
135.85084,0.0
135.86155,170.12
135.87227,0.0
135.88298,170.28
135.8937,0.0
135.90441,170.4
135.91513,0.0
135.92585,170.36
135.93656,0.0
135.94728,170.46
135.95799,0.0
135.96871,170.2
135.97943,0.0
135.99014,170.32
136.00086,0.0
136.01157,170.5
136.02229,0.0
136.033,170.28
136.04372,0.0
136.05444,170.24
136.06515,0.0
136.07587,170.38
136.08658,0.0
136.0973,170.48
136.10802,0.0
136.11873,170.28
136.12945,0.0
136.14016,170.26
136.15088,0.0
136.16159,170.54
136.17231,0.0
136.18303,170.46
136.19374,0.0
136.20446,170.32
136.21517,0.0
136.22589,170.28
136.23661,0.0
136.24732,170.28
136.25804,0.0
136.26875,170.34
136.27947,0.0
136.29018,170.16
136.3009,0.0
136.31162,170.16
136.32233,0.0
136.33305,170.4
136.34376,0.0
136.35448,170.28
136.3652,0.0
136.37591,170.34
136.38663,0.0
136.39734,170.12
136.40806,0.0
136.41877,170.38
136.42949,0.0
136.44021,170.5
136.45092,0.0
136.46164,170.38
136.47235,0.0
136.48307,170.64
136.49378,0.0
136.5045,170.72
136.51522,0.0
136.52593,170.78
136.53665,0.0
136.54736,170.7
136.55808,0.0
136.5688,170.78
136.57951,0.0
136.59023,171.42
136.60094,0.0
136.61166,171.42
136.62237,0.0
136.63309,171.62
136.64381,0.0
136.65452,171.69
136.66524,0.0
136.67595,171.69
136.68667,0.0
136.69739,171.7
136.7081,0.0
136.71882,171.52
136.72953,0.0
136.74025,171.5
136.75096,0.0
136.76168,171.4
136.7724,0.0
136.78311,171.14
136.79383,0.0
136.80454,170.94
136.81526,0.0
136.82598,170.96
136.83669,0.0
136.84741,170.98
136.85812,0.0
136.86884,170.88
136.87955,0.0
136.89027,170.78
136.90099,0.0
136.9117,170.54
136.92242,0.0
136.93313,170.84
136.94385,0.0
136.95456,170.68
136.96528,0.0
136.976,170.9
136.98671,0.0
136.99743,171.1
137.00814,0.0
137.01886,171.04
137.02958,0.0
137.04029,171.04
137.05101,0.0
137.06172,170.98
137.07244,0.0
137.08315,171.28
137.09387,0.0
137.10459,171.24
137.1153,0.0
137.12602,171.24
137.13673,0.0
137.14745,171.22
137.15817,0.0
137.16888,171.24
137.1796,0.0
137.19031,171.18
137.20103,0.0
137.21174,171.04
137.22246,0.0
137.23318,171.2
137.24389,0.0
137.25461,171.0
137.26532,0.0
137.27604,170.66
137.28676,0.0
137.29747,170.68
137.30819,0.0
137.3189,170.78
137.32962,0.0
137.34033,170.7
137.35105,0.0
137.36177,170.78
137.37248,0.0
137.3832,170.72
137.39391,0.0
137.40463,170.84
137.41535,0.0
137.42606,171.12
137.43678,0.0
137.44749,170.86
137.45821,0.0
137.46892,170.98
137.47964,0.0
137.49036,171.1
137.50107,0.0
137.51179,170.88
137.5225,0.0
137.53322,171.0
137.54393,0.0
137.55465,171.1
137.56537,0.0
137.57608,170.92
137.5868,0.0
137.59751,170.88
137.60823,0.0
137.61895,171.02
137.62966,0.0
137.64038,171.53
137.65109,0.0
137.66181,171.54
137.67252,0.0
137.68324,171.54
137.69396,0.0
137.70467,171.66
137.71539,0.0
137.7261,171.58
137.73682,0.0
137.74754,171.57
137.75825,0.0
137.76897,171.72
137.77968,0.0
137.7904,171.73
137.80111,0.0
137.81183,171.7
137.82255,0.0
137.83326,171.69
137.84398,0.0
137.85469,171.77
137.86541,0.0
137.87613,171.74
137.88684,0.0
137.89756,171.67
137.90827,0.0
137.91899,171.84
137.9297,0.0
137.94042,171.58
137.95114,0.0
137.96185,171.57
137.97257,0.0
137.98328,171.59
137.994,0.0
138.00471,171.77
138.01543,0.0
138.02615,171.66
138.03686,0.0
138.04758,171.59
138.05829,0.0
138.06901,171.58
138.07973,0.0
138.09044,171.5
138.10116,0.0
138.11187,171.64
138.12259,0.0
138.1333,171.61
138.14402,0.0
138.15474,171.68
138.16545,0.0
138.17617,171.53
138.18688,0.0
138.1976,171.55
138.20832,0.0
138.21903,171.65
138.22975,0.0
138.24046,171.66
138.25118,0.0
138.26189,171.54
138.27261,0.0
138.28333,171.44
138.29404,0.0
138.30476,171.3
138.31547,0.0
138.32619,171.2
138.33691,0.0
138.34762,171.08
138.35834,0.0
138.36905,171.44
138.37977,0.0
138.39048,171.62
138.4012,0.0
138.41192,171.34
138.42263,0.0
138.43335,171.44
138.44406,0.0
138.45478,171.48
138.4655,0.0
138.47621,171.4
138.48693,0.0
138.49764,171.32
138.50836,0.0
138.51907,171.32
138.52979,0.0
138.54051,171.22
138.55122,0.0
138.56194,171.2
138.57265,0.0
138.58337,171.16
138.59408,0.0
138.6048,171.02
138.61552,0.0
138.62623,170.86
138.63695,0.0
138.64766,170.74
138.65838,0.0
138.6691,170.66
138.67981,0.0
138.69053,170.76
138.70124,0.0
138.71196,170.76
138.72267,0.0
138.73339,170.88
138.74411,0.0
138.75482,170.5
138.76554,0.0
138.77625,170.58
138.78697,0.0
138.79769,170.82
138.8084,0.0
138.81912,170.78
138.82983,0.0
138.84055,170.78
138.85126,0.0
138.86198,170.6
138.8727,0.0
138.88341,170.64
138.89413,0.0
138.90484,170.64
138.91556,0.0
138.92628,170.54
138.93699,0.0
138.94771,170.56
138.95842,0.0
138.96914,170.6
138.97985,0.0
138.99057,170.44
139.00129,0.0
139.012,170.84
139.02272,0.0
139.03343,170.94
139.04415,0.0
139.05486,170.82
139.06558,0.0
139.0763,170.46
139.08701,0.0
139.09773,170.32
139.10844,0.0
139.11916,170.44
139.12988,0.0
139.14059,170.48
139.15131,0.0
139.16202,170.58
139.17274,0.0
139.18345,170.66
139.19417,0.0
139.20489,170.64
139.2156,0.0
139.22632,170.7
139.23703,0.0
139.24775,170.66
139.25847,0.0
139.26918,170.36
139.2799,0.0
139.29061,170.66
139.30133,0.0
139.31204,170.5
139.32276,0.0
139.33348,170.7
139.34419,0.0
139.35491,170.58
139.36562,0.0
139.37634,170.54
139.38706,0.0
139.39777,170.6
139.40849,0.0
139.4192,170.6
139.42992,0.0
139.44063,170.56
139.45135,0.0
139.46207,170.44
139.47278,0.0
139.4835,170.3
139.49421,0.0
139.50493,170.54
139.51565,0.0
139.52636,170.66
139.53708,0.0
139.54779,170.42
139.55851,0.0
139.56922,170.26
139.57994,0.0
139.59066,170.32
139.60137,0.0
139.61209,170.48
139.6228,0.0
139.63352,170.66
139.64423,0.0
139.65495,170.54
139.66567,0.0
139.67638,170.62
139.6871,0.0
139.69781,170.62
139.70853,0.0
139.71925,170.72
139.72996,0.0
139.74068,170.74
139.75139,0.0
139.76211,170.64
139.77282,0.0
139.78354,170.76
139.79426,0.0
139.80497,170.7
139.81569,0.0
139.8264,170.74
139.83712,0.0
139.84784,170.78
139.85855,0.0
139.86927,170.82
139.87998,0.0
139.8907,170.74
139.90141,0.0
139.91213,170.5
139.92285,0.0
139.93356,170.38
139.94428,0.0
139.95499,170.4
139.96571,0.0
139.97643,170.4
139.98714,0.0
139.99786,170.52
140.00857,0.0
140.01929,170.38
140.03,0.0
140.04072,170.12
140.05144,0.0
140.06215,170.46
140.07287,0.0
140.08358,170.42
140.0943,0.0
140.10502,170.48
140.11573,0.0
140.12645,170.5
140.13716,0.0
140.14788,170.56
140.15859,0.0
140.16931,170.78
140.18003,0.0
140.19074,170.78
140.20146,0.0
140.21217,170.48
140.22289,0.0
140.2336,170.62
140.24432,0.0
140.25504,170.52
140.26575,0.0
140.27647,170.62
140.28718,0.0
140.2979,170.28
140.30862,0.0
140.31933,170.36
140.33005,0.0
140.34076,170.34
140.35148,0.0
140.36219,170.34
140.37291,0.0
140.38363,170.48
140.39434,0.0
140.40506,170.42
140.41577,0.0
140.42649,170.2
140.43721,0.0
140.44792,170.26
140.45864,0.0
140.46935,170.26
140.48007,0.0
140.49078,170.44
140.5015,0.0
140.51222,170.16
140.52293,0.0
140.53365,170.04
140.54436,0.0
140.55508,169.96
140.5658,0.0
140.57651,170.34
140.58723,0.0
140.59794,170.04
140.60866,0.0
140.61937,170.26
140.63009,0.0
140.64081,170.16
140.65152,0.0
140.66224,170.28
140.67295,0.0
140.68367,169.96
140.69438,0.0
140.7051,170.3
140.71582,0.0
140.72653,170.34
140.73725,0.0
140.74796,170.26
140.75868,0.0
140.7694,170.42
140.78011,0.0
140.79083,170.5
140.80154,0.0
140.81226,170.38
140.82297,0.0
140.83369,170.4
140.84441,0.0
140.85512,170.42
140.86584,0.0
140.87655,170.56
140.88727,0.0
140.89799,170.32
140.9087,0.0
140.91942,170.38
140.93013,0.0
140.94085,170.34
140.95156,0.0
140.96228,170.2
140.973,0.0
140.98371,170.46
140.99443,0.0
141.00514,170.42
141.01586,0.0
141.02658,170.38
141.03729,0.0
141.04801,170.32
141.05872,0.0
141.06944,170.36
141.08015,0.0
141.09087,170.28
141.10159,0.0
141.1123,170.26
141.12302,0.0
141.13373,170.38
141.14445,0.0
141.15517,170.46
141.16588,0.0
141.1766,170.62
141.18731,0.0
141.19803,170.54
141.20874,0.0
141.21946,170.42
141.23018,0.0
141.24089,170.3
141.25161,0.0
141.26232,170.28
141.27304,0.0
141.28375,170.24
141.29447,0.0
141.30519,170.36
141.3159,0.0
141.32662,170.24
141.33733,0.0
141.34805,170.3
141.35877,0.0
141.36948,170.34
141.3802,0.0
141.39091,170.44
141.40163,0.0
141.41234,170.38
141.42306,0.0
141.43378,170.5
141.44449,0.0
141.45521,170.52
141.46592,0.0
141.47664,170.58
141.48736,0.0
141.49807,170.62
141.50879,0.0
141.5195,170.34
141.53022,0.0
141.54093,170.72
141.55165,0.0
141.56237,170.5
141.57308,0.0
141.5838,170.26
141.59451,0.0
141.60523,170.12
141.61595,0.0
141.62666,170.32
141.63738,0.0
141.64809,170.66
141.65881,0.0
141.66952,170.54
141.68024,0.0
141.69096,170.24
141.70167,0.0
141.71239,170.38
141.7231,0.0
141.73382,170.52
141.74453,0.0
141.75525,170.46
141.76597,0.0
141.77668,170.4
141.7874,0.0
141.79811,170.12
141.80883,0.0
141.81955,170.08
141.83026,0.0
141.84098,170.48
141.85169,0.0
141.86241,170.36
141.87312,0.0
141.88384,170.5
141.89456,0.0
141.90527,170.44
141.91599,0.0
141.9267,170.04
141.93742,0.0
141.94814,170.44
141.95885,0.0
141.96957,170.46
141.98028,0.0
141.991,170.56
142.00171,0.0
142.01243,170.58
142.02315,0.0
142.03386,170.26
142.04458,0.0
142.05529,170.26
142.06601,0.0
142.07673,170.34
142.08744,0.0
142.09816,170.46
142.10887,0.0
142.11959,170.2
142.1303,0.0
142.14102,170.24
142.15174,0.0
142.16245,170.24
142.17317,0.0
142.18388,170.2
142.1946,0.0
142.20532,170.08
142.21603,0.0
142.22675,170.36
142.23746,0.0
142.24818,170.5
142.25889,0.0
142.26961,170.46
142.28033,0.0
142.29104,170.34
142.30176,0.0
142.31247,170.34
142.32319,0.0
142.3339,170.54
142.34462,0.0
142.35534,170.48
142.36605,0.0
142.37677,170.36
142.38748,0.0
142.3982,170.68
142.40892,0.0
142.41963,170.76
142.43035,0.0
142.44106,170.54
142.45178,0.0
142.46249,170.72
142.47321,0.0
142.48393,170.92
142.49464,0.0
142.50536,171.16
142.51607,0.0
142.52679,171.4
142.53751,0.0
142.54822,171.53
142.55894,0.0
142.56965,171.67
142.58037,0.0
142.59108,171.72
142.6018,0.0
142.61252,171.81
142.62323,0.0
142.63395,171.91
142.64466,0.0
142.65538,171.87
142.6661,0.0
142.67681,171.83
142.68753,0.0
142.69824,171.69
142.70896,0.0
142.71967,171.61
142.73039,0.0
142.74111,171.68
142.75182,0.0
142.76254,171.5
142.77325,0.0
142.78397,171.38
142.79468,0.0
142.8054,171.44
142.81612,0.0
142.82683,171.38
142.83755,0.0
142.84826,171.22
142.85898,0.0
142.8697,171.22
142.88041,0.0
142.89113,170.96
142.90184,0.0
142.91256,170.86
142.92327,0.0
142.93399,170.96
142.94471,0.0
142.95542,170.98
142.96614,0.0
142.97685,170.9
142.98757,0.0
142.99829,170.98
143.009,0.0
143.01972,170.9
143.03043,0.0
143.04115,171.12
143.05186,0.0
143.06258,171.2
143.0733,0.0
143.08401,171.0
143.09473,0.0
143.10544,171.12
143.11616,0.0
143.12688,171.16
143.13759,0.0
143.14831,171.0
143.15902,0.0
143.16974,171.08
143.18045,0.0
143.19117,171.3
143.20189,0.0
143.2126,171.18
143.22332,0.0
143.23403,170.72
143.24475,0.0
143.25547,171.0
143.26618,0.0
143.2769,170.8
143.28761,0.0
143.29833,170.56
143.30904,0.0
143.31976,170.68
143.33048,0.0
143.34119,170.92
143.35191,0.0
143.36262,170.84
143.37334,0.0
143.38405,170.38
143.39477,0.0
143.40549,170.26
143.4162,0.0
143.42692,170.68
143.43763,0.0
143.44835,170.78
143.45907,0.0
143.46978,170.76
143.4805,0.0
143.49121,170.8
143.50193,0.0
143.51264,170.66
143.52336,0.0
143.53408,170.56
143.54479,0.0
143.55551,170.68
143.56622,0.0
143.57694,170.52
143.58766,0.0
143.59837,170.32
143.60909,0.0
143.6198,170.36
143.63052,0.0
143.64123,170.28
143.65195,0.0
143.66267,170.04
143.67338,0.0
143.6841,170.24
143.69481,0.0
143.70553,170.16
143.71625,0.0
143.72696,170.04
143.73768,0.0
143.74839,170.26
143.75911,0.0
143.76982,170.4
143.78054,0.0
143.79126,170.34
143.80197,0.0
143.81269,170.26
143.8234,0.0
143.83412,170.36
143.84483,0.0
143.85555,170.12
143.86627,0.0
143.87698,170.38
143.8877,0.0
143.89841,170.46
143.90913,0.0
143.91985,170.32
143.93056,0.0
143.94128,170.34
143.95199,0.0
143.96271,170.3
143.97342,0.0
143.98414,170.5
143.99486,0.0
144.00557,170.54
144.01629,0.0
144.027,170.42
144.03772,0.0
144.04844,170.26
144.05915,0.0
144.06987,170.16
144.08058,0.0
144.0913,170.34
144.10201,0.0
144.11273,170.4
144.12345,0.0
144.13416,170.2
144.14488,0.0
144.15559,170.32
144.16631,0.0
144.17703,170.24
144.18774,0.0
144.19846,170.26
144.20917,0.0
144.21989,170.26
144.2306,0.0
144.24132,170.2
144.25204,0.0
144.26275,170.52
144.27347,0.0
144.28418,170.52
144.2949,0.0
144.30562,170.5
144.31633,0.0
144.32705,170.2
144.33776,0.0
144.34848,170.44
144.35919,0.0
144.36991,170.62
144.38063,0.0
144.39134,170.64
144.40206,0.0
144.41277,170.34
144.42349,0.0
144.4342,170.2
144.44492,0.0
144.45564,170.26
144.46635,0.0
144.47707,170.44
144.48778,0.0
144.4985,170.4
144.50922,0.0
144.51993,170.3
144.53065,0.0
144.54136,170.32
144.55208,0.0
144.56279,170.4
144.57351,0.0
144.58423,170.44
144.59494,0.0
144.60566,170.62
144.61637,0.0
144.62709,170.36
144.63781,0.0
144.64852,170.28
144.65924,0.0
144.66995,170.4
144.68067,0.0
144.69138,170.38
144.7021,0.0
144.71282,170.36
144.72353,0.0
144.73425,170.24
144.74496,0.0
144.75568,170.38
144.7664,0.0
144.77711,170.38
144.78783,0.0
144.79854,170.36
144.80926,0.0
144.81997,170.36
144.83069,0.0
144.84141,170.36
144.85212,0.0
144.86284,170.48
144.87355,0.0
144.88427,170.38
144.89498,0.0
144.9057,170.44
144.91642,0.0
144.92713,170.42
144.93785,0.0
144.94856,170.36
144.95928,0.0
144.97,170.3
144.98071,0.0
144.99143,170.38
145.00214,0.0
145.01286,170.52
145.02357,0.0
145.03429,170.52
145.04501,0.0
145.05572,170.68
145.06644,0.0
145.07715,170.52
145.08787,0.0
145.09859,170.54
145.1093,0.0
145.12002,170.68
145.13073,0.0
145.14145,171.16
145.15216,0.0
145.16288,171.06
145.1736,0.0
145.18431,171.36
145.19503,0.0
145.20574,170.88
145.21646,0.0
145.22718,170.92
145.23789,0.0
145.24861,171.26
145.25932,0.0
145.27004,171.4
145.28075,0.0
145.29147,171.36
145.30219,0.0
145.3129,171.34
145.32362,0.0
145.33433,171.44
145.34505,0.0
145.35577,171.36
145.36648,0.0
145.3772,171.3
145.38791,0.0
145.39863,171.52
145.40934,0.0
145.42006,171.26
145.43078,0.0
145.44149,171.38
145.45221,0.0
145.46292,171.14
145.47364,0.0
145.48435,171.22
145.49507,0.0
145.50579,171.3
145.5165,0.0
145.52722,171.18
145.53793,0.0
145.54865,171.32
145.55937,0.0
145.57008,171.22
145.5808,0.0
145.59151,171.18
145.60223,0.0
145.61294,171.22
145.62366,0.0
145.63438,171.22
145.64509,0.0
145.65581,171.28
145.66652,0.0
145.67724,171.1
145.68796,0.0
145.69867,171.0
145.70939,0.0
145.7201,171.22
145.73082,0.0
145.74153,171.38
145.75225,0.0
145.76297,171.38
145.77368,0.0
145.7844,170.98
145.79511,0.0
145.80583,171.22
145.81655,0.0
145.82726,171.12
145.83798,0.0
145.84869,171.0
145.85941,0.0
145.87012,171.28
145.88084,0.0
145.89156,170.94
145.90227,0.0
145.91299,170.74
145.9237,0.0
145.93442,170.54
145.94514,0.0
145.95585,170.64
145.96657,0.0
145.97728,170.6
145.988,0.0
145.99871,170.46
146.00943,0.0
146.02015,170.88
146.03086,0.0
146.04158,170.86
146.05229,0.0
146.06301,170.62
146.07372,0.0
146.08444,170.72
146.09516,0.0
146.10587,170.68
146.11659,0.0
146.1273,170.82
146.13802,0.0
146.14874,170.72
146.15945,0.0
146.17017,170.66
146.18088,0.0
146.1916,170.64
146.20231,0.0
146.21303,170.72
146.22375,0.0
146.23446,170.84
146.24518,0.0
146.25589,170.7
146.26661,0.0
146.27733,170.52
146.28804,0.0
146.29876,170.48
146.30947,0.0
146.32019,170.3
146.3309,0.0
146.34162,170.3
146.35234,0.0
146.36305,170.28
146.37377,0.0
146.38448,170.6
146.3952,0.0
146.40592,170.42
146.41663,0.0
146.42735,170.58
146.43806,0.0
146.44878,170.52
146.45949,0.0
146.47021,170.5
146.48093,0.0
146.49164,170.54
146.50236,0.0
146.51307,170.5
146.52379,0.0
146.5345,170.4
146.54522,0.0
146.55594,170.34
146.56665,0.0
146.57737,170.4
146.58808,0.0
146.5988,170.42
146.60952,0.0
146.62023,170.34
146.63095,0.0
146.64166,170.42
146.65238,0.0
146.66309,170.28
146.67381,0.0
146.68453,170.16
146.69524,0.0
146.70596,169.92
146.71667,0.0
146.72739,170.26
146.73811,0.0
146.74882,170.38
146.75954,0.0
146.77025,170.34
146.78097,0.0
146.79168,170.26
146.8024,0.0
146.81312,170.28
146.82383,0.0
146.83455,169.96
146.84526,0.0
146.85598,170.12
146.8667,0.0
146.87741,170.3
146.88813,0.0
146.89884,170.2
146.90956,0.0
146.92027,170.2
146.93099,0.0
146.94171,169.96
146.95242,0.0
146.96314,170.16
146.97385,0.0
146.98457,170.2
146.99529,0.0
147.006,170.3
147.01672,0.0
147.02743,170.2
147.03815,0.0
147.04886,170.4
147.05958,0.0
147.0703,170.46
147.08101,0.0
147.09173,170.4
147.10244,0.0
147.11316,169.92
147.12387,0.0
147.13459,170.16
147.14531,0.0
147.15602,170.28
147.16674,0.0
147.17745,169.84
147.18817,0.0
147.19889,170.26
147.2096,0.0
147.22032,170.38
147.23103,0.0
147.24175,170.16
147.25246,0.0
147.26318,170.32
147.2739,0.0
147.28461,170.26
147.29533,0.0
147.30604,170.12
147.31676,0.0
147.32748,170.42
147.33819,0.0
147.34891,170.34
147.35962,0.0
147.37034,170.42
147.38105,0.0
147.39177,170.2
147.40249,0.0
147.4132,170.2
147.42392,0.0
147.43463,170.24
147.44535,0.0
147.45607,170.32
147.46678,0.0
147.4775,170.34
147.48821,0.0
147.49893,170.36
147.50964,0.0
147.52036,170.44
147.53108,0.0
147.54179,170.28
147.55251,0.0
147.56322,170.16
147.57394,0.0
147.58465,170.2
147.59537,0.0
147.60609,170.32
147.6168,0.0
147.62752,170.38
147.63823,0.0
147.64895,170.3
147.65967,0.0
147.67038,170.24
147.6811,0.0
147.69181,170.24
147.70253,0.0
147.71324,170.24
147.72396,0.0
147.73468,170.38
147.74539,0.0
147.75611,170.28
147.76682,0.0
147.77754,170.24
147.78826,0.0
147.79897,170.26
147.80969,0.0
147.8204,170.46
147.83112,0.0
147.84183,170.08
147.85255,0.0
147.86327,170.32
147.87398,0.0
147.8847,170.0
147.89541,0.0
147.90613,169.84
147.91685,0.0
147.92756,170.32
147.93828,0.0
147.94899,170.32
147.95971,0.0
147.97042,170.4
147.98114,0.0
147.99186,170.36
148.00257,0.0
148.01329,170.34
148.024,0.0
148.03472,170.3
148.04544,0.0
148.05615,170.08
148.06687,0.0
148.07758,170.2
148.0883,0.0
148.09901,170.48
148.10973,0.0
148.12045,170.36
148.13116,0.0
148.14188,170.36
148.15259,0.0
148.16331,170.28
148.17402,0.0
148.18474,170.42
148.19546,0.0
148.20617,170.46
148.21689,0.0
148.2276,170.2
148.23832,0.0
148.24904,170.12
148.25975,0.0
148.27047,170.58
148.28118,0.0
148.2919,170.48
148.30261,0.0
148.31333,170.36
148.32405,0.0
148.33476,170.4
148.34548,0.0
148.35619,170.16
148.36691,0.0
148.37763,170.36
148.38834,0.0
148.39906,170.08
148.40977,0.0
148.42049,170.32
148.4312,0.0
148.44192,170.44
148.45264,0.0
148.46335,170.54
148.47407,0.0
148.48478,170.38
148.4955,0.0
148.50622,170.24
148.51693,0.0
148.52765,170.12
148.53836,0.0
148.54908,170.38
148.55979,0.0
148.57051,170.64
148.58123,0.0
148.59194,170.62
148.60266,0.0
148.61337,170.48
148.62409,0.0
148.6348,170.62
148.64552,0.0
148.65624,170.34
148.66695,0.0
148.67767,170.5
148.68838,0.0
148.6991,170.66
148.70982,0.0
148.72053,170.54
148.73125,0.0
148.74196,170.6
148.75268,0.0
148.76339,170.86
148.77411,0.0
148.78483,170.64
148.79554,0.0
148.80626,170.42
148.81697,0.0
148.82769,170.16
148.83841,0.0
148.84912,170.38
148.85984,0.0
148.87055,170.52
148.88127,0.0
148.89198,170.36
148.9027,0.0
148.91342,170.48
148.92413,0.0
148.93485,170.44
148.94556,0.0
148.95628,170.12
148.967,0.0
148.97771,170.24
148.98843,0.0
148.99914,170.28
149.00986,0.0
149.02057,170.3
149.03129,0.0
149.04201,170.48
149.05272,0.0
149.06344,170.32
149.07415,0.0
149.08487,170.38
149.09559,0.0
149.1063,170.68
149.11702,0.0
149.12773,170.26
149.13845,0.0
149.14916,170.24
149.15988,0.0
149.1706,170.42
149.18131,0.0
149.19203,170.38
149.20274,0.0
149.21346,170.48
149.22417,0.0
149.23489,170.46
149.24561,0.0
149.25632,170.5
149.26704,0.0
149.27775,170.3
149.28847,0.0
149.29919,169.96
149.3099,0.0
149.32062,170.34
149.33133,0.0
149.34205,170.28
149.35276,0.0
149.36348,170.34
149.3742,0.0
149.38491,170.24
149.39563,0.0
149.40634,170.2
149.41706,0.0
149.42778,170.36
149.43849,0.0
149.44921,170.4
149.45992,0.0
149.47064,170.28
149.48135,0.0
149.49207,170.46
149.50279,0.0
149.5135,170.46
149.52422,0.0
149.53493,170.48
149.54565,0.0
149.55637,170.46
149.56708,0.0
149.5778,170.42
149.58851,0.0
149.59923,170.52
149.60994,0.0
149.62066,170.54
149.63138,0.0
149.64209,170.34
149.65281,0.0
149.66352,170.24
149.67424,0.0
149.68495,170.46
149.69567,0.0
149.70639,170.42
149.7171,0.0
149.72782,170.36
149.73853,0.0
149.74925,170.08
149.75997,0.0
149.77068,169.84
149.7814,0.0
149.79211,170.24
149.80283,0.0
149.81354,170.26
149.82426,0.0
149.83498,170.28
149.84569,0.0
149.85641,170.44
149.86712,0.0
149.87784,170.64
149.88856,0.0
149.89927,170.62
149.90999,0.0
149.9207,170.32
149.93142,0.0
149.94213,170.34
149.95285,0.0
149.96357,170.52
149.97428,0.0
149.985,170.48
149.99571,0.0
150.00643,170.64
150.01715,0.0
150.02786,170.64
150.03858,0.0
150.04929,170.68
150.06001,0.0
150.07072,170.46
150.08144,0.0
150.09216,170.5
150.10287,0.0
150.11359,170.62
150.1243,0.0
150.13502,170.64
150.14574,0.0
150.15645,170.7
150.16717,0.0
150.17788,170.58
150.1886,0.0
150.19931,170.88
150.21003,0.0
150.22075,170.64
150.23146,0.0
150.24218,170.88
150.25289,0.0
150.26361,170.86
150.27432,0.0
150.28504,170.66
150.29576,0.0
150.30647,170.72
150.31719,0.0
150.3279,170.64
150.33862,0.0
150.34934,170.64
150.36005,0.0
150.37077,170.54
150.38148,0.0
150.3922,170.68
150.40291,0.0
150.41363,170.56
150.42435,0.0
150.43506,170.42
150.44578,0.0
150.45649,170.86
150.46721,0.0
150.47793,170.78
150.48864,0.0
150.49936,170.68
150.51007,0.0
150.52079,170.52
150.5315,0.0
150.54222,170.52
150.55294,0.0
150.56365,170.48
150.57437,0.0
150.58508,170.48
150.5958,0.0
150.60652,170.72
150.61723,0.0
150.62795,170.5
150.63866,0.0
150.64938,170.32
150.66009,0.0
150.67081,170.44
150.68153,0.0
150.69224,170.66
150.70296,0.0
150.71367,170.48
150.72439,0.0
150.73511,170.36
150.74582,0.0
150.75654,170.36
150.76725,0.0
150.77797,170.38
150.78868,0.0
150.7994,170.26
150.81012,0.0
150.82083,170.26
150.83155,0.0
150.84226,170.38
150.85298,0.0
150.86369,170.38
150.87441,0.0
150.88513,170.46
150.89584,0.0
150.90656,170.52
150.91727,0.0
150.92799,170.46
150.93871,0.0
150.94942,170.28
150.96014,0.0
150.97085,170.34
150.98157,0.0
150.99228,170.36
151.003,0.0
151.01372,170.44
151.02443,0.0
151.03515,170.52
151.04586,0.0
151.05658,170.44
151.0673,0.0
151.07801,170.16
151.08873,0.0
151.09944,170.24
151.11016,0.0
151.12087,170.3
151.13159,0.0
151.14231,170.34
151.15302,0.0
151.16374,170.4
151.17445,0.0
151.18517,170.36
151.19589,0.0
151.2066,170.4
151.21732,0.0
151.22803,170.34
151.23875,0.0
151.24946,170.26
151.26018,0.0
151.2709,170.3
151.28161,0.0
151.29233,169.96
151.30304,0.0
151.31376,170.34
151.32447,0.0
151.33519,170.4
151.34591,0.0
151.35662,170.16
151.36734,0.0
151.37805,170.28
151.38877,0.0
151.39949,170.12
151.4102,0.0
151.42092,170.28
151.43163,0.0
151.44235,170.26
151.45306,0.0
151.46378,170.36
151.4745,0.0
151.48521,170.58
151.49593,0.0
151.50664,170.48
151.51736,0.0
151.52808,170.28
151.53879,0.0
151.54951,170.08
151.56022,0.0
151.57094,170.26
151.58165,0.0
151.59237,170.16
151.60309,0.0
151.6138,170.36
151.62452,0.0
151.63523,170.54
151.64595,0.0
151.65667,170.36
151.66738,0.0
151.6781,170.38
151.68881,0.0
151.69953,170.38
151.71024,0.0
151.72096,170.32
151.73168,0.0
151.74239,170.28
151.75311,0.0
151.76382,170.4
151.77454,0.0
151.78526,170.5
151.79597,0.0
151.80669,170.4
151.8174,0.0
151.82812,170.28
151.83883,0.0
151.84955,170.38
151.86027,0.0
151.87098,170.54
151.8817,0.0
151.89241,170.42
151.90313,0.0
151.91384,170.68
151.92456,0.0
151.93528,170.68
151.94599,0.0
151.95671,170.94
151.96742,0.0
151.97814,170.76
151.98886,0.0
151.99957,170.98
152.01029,0.0
152.021,171.14
152.03172,0.0
152.04243,171.06
152.05315,0.0
152.06387,171.08
152.07458,0.0
152.0853,171.14
152.09601,0.0
152.10673,170.98
152.11745,0.0
152.12816,171.16
152.13888,0.0
152.14959,171.16
152.16031,0.0
152.17102,171.2
152.18174,0.0
152.19246,171.12
152.20317,0.0
152.21389,170.82
152.2246,0.0
152.23532,170.8
152.24604,0.0
152.25675,170.68
152.26747,0.0
152.27818,170.82
152.2889,0.0
152.29961,170.34
152.31033,0.0
152.32105,170.38
152.33176,0.0
152.34248,170.84
152.35319,0.0
152.36391,170.32
152.37462,0.0
152.38534,170.36
152.39606,0.0
152.40677,170.58
152.41749,0.0
152.4282,170.58
152.43892,0.0
152.44964,170.72
152.46035,0.0
152.47107,170.88
152.48178,0.0
152.4925,170.72
152.50321,0.0
152.51393,170.68
152.52465,0.0
152.53536,170.78
152.54608,0.0
152.55679,170.86
152.56751,0.0
152.57823,171.0
152.58894,0.0
152.59966,171.14
152.61037,0.0
152.62109,170.94
152.6318,0.0
152.64252,170.78
152.65324,0.0
152.66395,170.58
152.67467,0.0
152.68538,170.38
152.6961,0.0
152.70682,170.46
152.71753,0.0
152.72825,170.52
152.73896,0.0
152.74968,170.44
152.76039,0.0
152.77111,170.52
152.78183,0.0
152.79254,170.64
152.80326,0.0
152.81397,170.62
152.82469,0.0
152.83541,170.62
152.84612,0.0
152.85684,170.64
152.86755,0.0
152.87827,170.46
152.88898,0.0
152.8997,170.26
152.91042,0.0
152.92113,170.26
152.93185,0.0
152.94256,170.3
152.95328,0.0
152.96399,170.36
152.97471,0.0
152.98543,170.4
152.99614,0.0
153.00686,170.42
153.01757,0.0
153.02829,170.4
153.03901,0.0
153.04972,170.44
153.06044,0.0
153.07115,170.48
153.08187,0.0
153.09258,170.42
153.1033,0.0
153.11402,170.32
153.12473,0.0
153.13545,170.26
153.14616,0.0
153.15688,170.48
153.1676,0.0
153.17831,170.3
153.18903,0.0
153.19974,170.0
153.21046,0.0
153.22117,170.4
153.23189,0.0
153.24261,170.12
153.25332,0.0
153.26404,170.34
153.27475,0.0
153.28547,170.36
153.29619,0.0
153.3069,170.44
153.31762,0.0
153.32833,170.26
153.33905,0.0
153.34976,170.28
153.36048,0.0
153.3712,170.2
153.38191,0.0
153.39263,170.36
153.40334,0.0
153.41406,170.5
153.42477,0.0
153.43549,170.32
153.44621,0.0
153.45692,170.26
153.46764,0.0
153.47835,170.08
153.48907,0.0
153.49979,170.28
153.5105,0.0
153.52122,170.04
153.53193,0.0
153.54265,170.16
153.55336,0.0
153.56408,170.2
153.5748,0.0
153.58551,170.24
153.59623,0.0
153.60694,170.34
153.61766,0.0
153.62838,170.28
153.63909,0.0
153.64981,170.16
153.66052,0.0
153.67124,170.26
153.68195,0.0
153.69267,170.16
153.70339,0.0
153.7141,169.96
153.72482,0.0
153.73553,170.08
153.74625,0.0
153.75697,170.44
153.76768,0.0
153.7784,170.5
153.78911,0.0
153.79983,170.54
153.81054,0.0
153.82126,170.56
153.83198,0.0
153.84269,170.58
153.85341,0.0
153.86412,170.36
153.87484,0.0
153.88556,170.24
153.89627,0.0
153.90699,170.32
153.9177,0.0
153.92842,170.34
153.93913,0.0
153.94985,170.34
153.96057,0.0
153.97128,170.36
153.982,0.0
153.99271,170.2
154.00343,0.0
154.01414,170.28
154.02486,0.0
154.03558,170.34
154.04629,0.0
154.05701,170.12
154.06772,0.0
154.07844,169.84
154.08916,0.0
154.09987,170.08
154.11059,0.0
154.1213,170.26
154.13202,0.0
154.14273,170.26
154.15345,0.0
154.16417,170.24
154.17488,0.0
154.1856,170.28
154.19631,0.0
154.20703,170.32
154.21775,0.0
154.22846,170.2
154.23918,0.0
154.24989,169.92
154.26061,0.0
154.27132,170.3
154.28204,0.0
154.29276,170.26
154.30347,0.0
154.31419,170.08
154.3249,0.0
154.33562,170.32
154.34634,0.0
154.35705,170.38
154.36777,0.0
154.37848,170.26
154.3892,0.0
154.39991,170.5
154.41063,0.0
154.42135,170.42
154.43206,0.0
154.44278,170.16
154.45349,0.0
154.46421,170.2
154.47492,0.0
154.48564,170.32
154.49636,0.0
154.50707,170.44
154.51779,0.0
154.5285,170.58
154.53922,0.0
154.54994,170.34
154.56065,0.0
154.57137,170.28
154.58208,0.0
154.5928,170.34
154.60351,0.0
154.61423,170.54
154.62495,0.0
154.63566,170.54
154.64638,0.0
154.65709,170.42
154.66781,0.0
154.67853,170.6
154.68924,0.0
154.69996,170.62
154.71067,0.0
154.72139,170.86
154.7321,0.0
154.74282,170.98
154.75354,0.0
154.76425,171.3
154.77497,0.0
154.78568,171.44
154.7964,0.0
154.80712,171.34
154.81783,0.0
154.82855,171.14
154.83926,0.0
154.84998,171.04
154.86069,0.0
154.87141,170.94
154.88213,0.0
154.89284,170.88
154.90356,0.0
154.91427,170.72
154.92499,0.0
154.93571,170.66
154.94642,0.0
154.95714,170.4
154.96785,0.0
154.97857,170.52
154.98928,0.0
155.0,170.58
155.01072,0.0
155.02143,170.58
